Issue_ID,Claim_ID,Issue_Type,Severity,Original_Value,Corrected_Value,Resolution
DQ-00001,CLM026785,Missing Region,High,<blank>,Free State,Restored from the valid Region_Key mapping
DQ-00002,CLM038457,Missing Region,High,<blank>,KwaZulu-Natal,Restored from the valid Region_Key mapping
DQ-00003,CLM026013,Missing Region,High,<blank>,North West,Restored from the valid Region_Key mapping
DQ-00004,CLM008590,Missing Region,High,<blank>,Gauteng,Restored from the valid Region_Key mapping
DQ-00005,CLM058048,Missing Region,High,<blank>,Mpumalanga,Restored from the valid Region_Key mapping
DQ-00006,CLM013537,Missing Region,High,<blank>,Western Cape,Restored from the valid Region_Key mapping
DQ-00007,CLM048031,Missing Region,High,<blank>,Gauteng,Restored from the valid Region_Key mapping
DQ-00008,CLM059861,Missing Region,High,<blank>,Western Cape,Restored from the valid Region_Key mapping
DQ-00009,CLM014253,Missing Region,High,<blank>,Limpopo,Restored from the valid Region_Key mapping
DQ-00010,CLM072075,Missing Region,High,<blank>,Free State,Restored from the valid Region_Key mapping
DQ-00011,CLM070460,Missing Region,High,<blank>,Free State,Restored from the valid Region_Key mapping
DQ-00012,CLM017101,Missing Region,High,<blank>,Eastern Cape,Restored from the valid Region_Key mapping
DQ-00013,CLM036152,Missing Region,High,<blank>,KwaZulu-Natal,Restored from the valid Region_Key mapping
DQ-00014,CLM006486,Missing Region,High,<blank>,Free State,Restored from the valid Region_Key mapping
DQ-00015,CLM049275,Missing Region,High,<blank>,Gauteng,Restored from the valid Region_Key mapping
DQ-00016,CLM071844,Missing Region,High,<blank>,Gauteng,Restored from the valid Region_Key mapping
DQ-00017,CLM017455,Missing Region,High,<blank>,Limpopo,Restored from the valid Region_Key mapping
DQ-00018,CLM041632,Missing Region,High,<blank>,Gauteng,Restored from the valid Region_Key mapping
DQ-00019,CLM021660,Missing Region,High,<blank>,Western Cape,Restored from the valid Region_Key mapping
DQ-00020,CLM044897,Missing Region,High,<blank>,KwaZulu-Natal,Restored from the valid Region_Key mapping
DQ-00021,CLM027712,Missing Region,High,<blank>,Mpumalanga,Restored from the valid Region_Key mapping
DQ-00022,CLM032935,Missing Region,High,<blank>,Gauteng,Restored from the valid Region_Key mapping
DQ-00023,CLM030122,Missing Region,High,<blank>,Gauteng,Restored from the valid Region_Key mapping
DQ-00024,CLM037904,Missing Region,High,<blank>,Gauteng,Restored from the valid Region_Key mapping
DQ-00025,CLM072328,Missing Region,High,<blank>,Eastern Cape,Restored from the valid Region_Key mapping
DQ-00026,CLM024790,Missing Region,High,<blank>,Eastern Cape,Restored from the valid Region_Key mapping
DQ-00027,CLM058077,Missing Region,High,<blank>,Western Cape,Restored from the valid Region_Key mapping
DQ-00028,CLM024096,Missing Region,High,<blank>,Eastern Cape,Restored from the valid Region_Key mapping
DQ-00029,CLM023934,Missing Region,High,<blank>,Limpopo,Restored from the valid Region_Key mapping
DQ-00030,CLM063465,Missing Region,High,<blank>,Eastern Cape,Restored from the valid Region_Key mapping
DQ-00031,CLM002664,Missing Region,High,<blank>,Gauteng,Restored from the valid Region_Key mapping
DQ-00032,CLM019664,Missing Region,High,<blank>,Gauteng,Restored from the valid Region_Key mapping
DQ-00033,CLM068825,Missing Region,High,<blank>,North West,Restored from the valid Region_Key mapping
DQ-00034,CLM059210,Missing Region,High,<blank>,Mpumalanga,Restored from the valid Region_Key mapping
DQ-00035,CLM066601,Missing Region,High,<blank>,Gauteng,Restored from the valid Region_Key mapping
DQ-00036,CLM007789,Missing Region,High,<blank>,Northern Cape,Restored from the valid Region_Key mapping
DQ-00037,CLM070722,Missing Region,High,<blank>,Gauteng,Restored from the valid Region_Key mapping
DQ-00038,CLM027180,Missing Region,High,<blank>,North West,Restored from the valid Region_Key mapping
DQ-00039,CLM004231,Missing Region,High,<blank>,Eastern Cape,Restored from the valid Region_Key mapping
DQ-00040,CLM014944,Missing Region,High,<blank>,Free State,Restored from the valid Region_Key mapping
DQ-00041,CLM059237,Missing Region,High,<blank>,Eastern Cape,Restored from the valid Region_Key mapping
DQ-00042,CLM033827,Missing Region,High,<blank>,Gauteng,Restored from the valid Region_Key mapping
DQ-00043,CLM011500,Missing Region,High,<blank>,Gauteng,Restored from the valid Region_Key mapping
DQ-00044,CLM021391,Missing Region,High,<blank>,Western Cape,Restored from the valid Region_Key mapping
DQ-00045,CLM001896,Missing Region,High,<blank>,Western Cape,Restored from the valid Region_Key mapping
DQ-00046,CLM024851,Missing Region,High,<blank>,Gauteng,Restored from the valid Region_Key mapping
DQ-00047,CLM041621,Missing Region,High,<blank>,Gauteng,Restored from the valid Region_Key mapping
DQ-00048,CLM002560,Missing Region,High,<blank>,KwaZulu-Natal,Restored from the valid Region_Key mapping
DQ-00049,CLM012433,Missing Region,High,<blank>,Western Cape,Restored from the valid Region_Key mapping
DQ-00050,CLM004335,Missing Region,High,<blank>,Eastern Cape,Restored from the valid Region_Key mapping
DQ-00051,CLM011999,Missing Region,High,<blank>,KwaZulu-Natal,Restored from the valid Region_Key mapping
DQ-00052,CLM059207,Missing Region,High,<blank>,Eastern Cape,Restored from the valid Region_Key mapping
DQ-00053,CLM042482,Missing Region,High,<blank>,Eastern Cape,Restored from the valid Region_Key mapping
DQ-00054,CLM048381,Missing Region,High,<blank>,Western Cape,Restored from the valid Region_Key mapping
DQ-00055,CLM066670,Missing Region,High,<blank>,Western Cape,Restored from the valid Region_Key mapping
DQ-00056,CLM004089,Missing Region,High,<blank>,Western Cape,Restored from the valid Region_Key mapping
DQ-00057,CLM052668,Missing Region,High,<blank>,North West,Restored from the valid Region_Key mapping
DQ-00058,CLM041283,Missing Region,High,<blank>,North West,Restored from the valid Region_Key mapping
DQ-00059,CLM052481,Missing Region,High,<blank>,Eastern Cape,Restored from the valid Region_Key mapping
DQ-00060,CLM074264,Missing Region,High,<blank>,KwaZulu-Natal,Restored from the valid Region_Key mapping
DQ-00061,CLM027412,Missing Region,High,<blank>,Limpopo,Restored from the valid Region_Key mapping
DQ-00062,CLM030256,Missing Region,High,<blank>,Gauteng,Restored from the valid Region_Key mapping
DQ-00063,CLM074647,Missing Region,High,<blank>,Mpumalanga,Restored from the valid Region_Key mapping
DQ-00064,CLM041067,Missing Region,High,<blank>,Western Cape,Restored from the valid Region_Key mapping
DQ-00065,CLM027509,Missing Region,High,<blank>,KwaZulu-Natal,Restored from the valid Region_Key mapping
DQ-00066,CLM031108,Missing Region,High,<blank>,Eastern Cape,Restored from the valid Region_Key mapping
DQ-00067,CLM031605,Missing Region,High,<blank>,Gauteng,Restored from the valid Region_Key mapping
DQ-00068,CLM052996,Missing Region,High,<blank>,North West,Restored from the valid Region_Key mapping
DQ-00069,CLM026199,Missing Region,High,<blank>,KwaZulu-Natal,Restored from the valid Region_Key mapping
DQ-00070,CLM048721,Missing Region,High,<blank>,Gauteng,Restored from the valid Region_Key mapping
DQ-00071,CLM050895,Missing Region,High,<blank>,Gauteng,Restored from the valid Region_Key mapping
DQ-00072,CLM015264,Missing Region,High,<blank>,Northern Cape,Restored from the valid Region_Key mapping
DQ-00073,CLM052572,Missing Region,High,<blank>,Western Cape,Restored from the valid Region_Key mapping
DQ-00074,CLM053902,Missing Region,High,<blank>,Gauteng,Restored from the valid Region_Key mapping
DQ-00075,CLM022440,Missing Region,High,<blank>,KwaZulu-Natal,Restored from the valid Region_Key mapping
DQ-00076,CLM006727,Missing Region,High,<blank>,KwaZulu-Natal,Restored from the valid Region_Key mapping
DQ-00077,CLM038353,Missing Region,High,<blank>,KwaZulu-Natal,Restored from the valid Region_Key mapping
DQ-00078,CLM030494,Missing Region,High,<blank>,Gauteng,Restored from the valid Region_Key mapping
DQ-00079,CLM056666,Missing Region,High,<blank>,Gauteng,Restored from the valid Region_Key mapping
DQ-00080,CLM021940,Missing Region,High,<blank>,Western Cape,Restored from the valid Region_Key mapping
DQ-00081,CLM023405,Missing Region,High,<blank>,North West,Restored from the valid Region_Key mapping
DQ-00082,CLM007368,Missing Region,High,<blank>,Western Cape,Restored from the valid Region_Key mapping
DQ-00083,CLM001403,Missing Region,High,<blank>,KwaZulu-Natal,Restored from the valid Region_Key mapping
DQ-00084,CLM056442,Missing Region,High,<blank>,Mpumalanga,Restored from the valid Region_Key mapping
DQ-00085,CLM035659,Missing Region,High,<blank>,Gauteng,Restored from the valid Region_Key mapping
DQ-00086,CLM051613,Missing Region,High,<blank>,Gauteng,Restored from the valid Region_Key mapping
DQ-00087,CLM025651,Missing Region,High,<blank>,Gauteng,Restored from the valid Region_Key mapping
DQ-00088,CLM024830,Missing Region,High,<blank>,Gauteng,Restored from the valid Region_Key mapping
DQ-00089,CLM058118,Missing Region,High,<blank>,Gauteng,Restored from the valid Region_Key mapping
DQ-00090,CLM057787,Missing Region,High,<blank>,Northern Cape,Restored from the valid Region_Key mapping
DQ-00091,CLM043720,Missing Region,High,<blank>,KwaZulu-Natal,Restored from the valid Region_Key mapping
DQ-00092,CLM048057,Missing Region,High,<blank>,KwaZulu-Natal,Restored from the valid Region_Key mapping
DQ-00093,CLM035341,Missing Region,High,<blank>,Limpopo,Restored from the valid Region_Key mapping
DQ-00094,CLM001212,Missing Region,High,<blank>,Mpumalanga,Restored from the valid Region_Key mapping
DQ-00095,CLM030697,Missing Region,High,<blank>,Western Cape,Restored from the valid Region_Key mapping
DQ-00096,CLM067099,Missing Region,High,<blank>,Gauteng,Restored from the valid Region_Key mapping
DQ-00097,CLM056107,Missing Region,High,<blank>,Northern Cape,Restored from the valid Region_Key mapping
DQ-00098,CLM019338,Missing Region,High,<blank>,KwaZulu-Natal,Restored from the valid Region_Key mapping
DQ-00099,CLM069986,Missing Region,High,<blank>,Western Cape,Restored from the valid Region_Key mapping
DQ-00100,CLM036003,Missing Region,High,<blank>,KwaZulu-Natal,Restored from the valid Region_Key mapping
DQ-00101,CLM066061,Missing Region,High,<blank>,Gauteng,Restored from the valid Region_Key mapping
DQ-00102,CLM066871,Missing Region,High,<blank>,Gauteng,Restored from the valid Region_Key mapping
DQ-00103,CLM023696,Missing Region,High,<blank>,Northern Cape,Restored from the valid Region_Key mapping
DQ-00104,CLM054024,Missing Region,High,<blank>,Eastern Cape,Restored from the valid Region_Key mapping
DQ-00105,CLM035161,Missing Region,High,<blank>,Western Cape,Restored from the valid Region_Key mapping
DQ-00106,CLM057791,Missing Region,High,<blank>,Western Cape,Restored from the valid Region_Key mapping
DQ-00107,CLM012003,Missing Region,High,<blank>,Gauteng,Restored from the valid Region_Key mapping
DQ-00108,CLM009412,Missing Region,High,<blank>,North West,Restored from the valid Region_Key mapping
DQ-00109,CLM069252,Missing Region,High,<blank>,KwaZulu-Natal,Restored from the valid Region_Key mapping
DQ-00110,CLM024505,Missing Region,High,<blank>,Western Cape,Restored from the valid Region_Key mapping
DQ-00111,CLM057329,Missing Region,High,<blank>,Gauteng,Restored from the valid Region_Key mapping
DQ-00112,CLM027587,Missing Region,High,<blank>,Western Cape,Restored from the valid Region_Key mapping
DQ-00113,CLM026159,Missing Region,High,<blank>,Western Cape,Restored from the valid Region_Key mapping
DQ-00114,CLM021293,Missing Region,High,<blank>,Mpumalanga,Restored from the valid Region_Key mapping
DQ-00115,CLM022086,Missing Region,High,<blank>,North West,Restored from the valid Region_Key mapping
DQ-00116,CLM001749,Missing Region,High,<blank>,Gauteng,Restored from the valid Region_Key mapping
DQ-00117,CLM028234,Missing Region,High,<blank>,Mpumalanga,Restored from the valid Region_Key mapping
DQ-00118,CLM048534,Missing Region,High,<blank>,Western Cape,Restored from the valid Region_Key mapping
DQ-00119,CLM004366,Missing Region,High,<blank>,Western Cape,Restored from the valid Region_Key mapping
DQ-00120,CLM024162,Missing Region,High,<blank>,Mpumalanga,Restored from the valid Region_Key mapping
DQ-00121,CLM067501,Missing Region,High,<blank>,Gauteng,Restored from the valid Region_Key mapping
DQ-00122,CLM069025,Missing Region,High,<blank>,Gauteng,Restored from the valid Region_Key mapping
DQ-00123,CLM005597,Missing Region,High,<blank>,KwaZulu-Natal,Restored from the valid Region_Key mapping
DQ-00124,CLM074198,Missing Region,High,<blank>,KwaZulu-Natal,Restored from the valid Region_Key mapping
DQ-00125,CLM019173,Missing Region,High,<blank>,KwaZulu-Natal,Restored from the valid Region_Key mapping
DQ-00126,CLM014950,Missing Region,High,<blank>,Mpumalanga,Restored from the valid Region_Key mapping
DQ-00127,CLM051217,Missing Region,High,<blank>,Gauteng,Restored from the valid Region_Key mapping
DQ-00128,CLM009144,Missing Region,High,<blank>,North West,Restored from the valid Region_Key mapping
DQ-00129,CLM008856,Missing Region,High,<blank>,KwaZulu-Natal,Restored from the valid Region_Key mapping
DQ-00130,CLM004208,Missing Region,High,<blank>,Gauteng,Restored from the valid Region_Key mapping
DQ-00131,CLM063278,Missing Region,High,<blank>,Eastern Cape,Restored from the valid Region_Key mapping
DQ-00132,CLM014946,Missing Region,High,<blank>,North West,Restored from the valid Region_Key mapping
DQ-00133,CLM048619,Missing Region,High,<blank>,Gauteng,Restored from the valid Region_Key mapping
DQ-00134,CLM050249,Missing Region,High,<blank>,Mpumalanga,Restored from the valid Region_Key mapping
DQ-00135,CLM059098,Missing Region,High,<blank>,Mpumalanga,Restored from the valid Region_Key mapping
DQ-00136,CLM063393,Missing Region,High,<blank>,Gauteng,Restored from the valid Region_Key mapping
DQ-00137,CLM050024,Missing Region,High,<blank>,Limpopo,Restored from the valid Region_Key mapping
DQ-00138,CLM035395,Missing Region,High,<blank>,Gauteng,Restored from the valid Region_Key mapping
DQ-00139,CLM074752,Missing Region,High,<blank>,Eastern Cape,Restored from the valid Region_Key mapping
DQ-00140,CLM034588,Missing Region,High,<blank>,Western Cape,Restored from the valid Region_Key mapping
DQ-00141,CLM015672,Missing Region,High,<blank>,Western Cape,Restored from the valid Region_Key mapping
DQ-00142,CLM055608,Missing Region,High,<blank>,Gauteng,Restored from the valid Region_Key mapping
DQ-00143,CLM005056,Missing Region,High,<blank>,North West,Restored from the valid Region_Key mapping
DQ-00144,CLM059507,Missing Region,High,<blank>,Gauteng,Restored from the valid Region_Key mapping
DQ-00145,CLM061380,Missing Region,High,<blank>,Eastern Cape,Restored from the valid Region_Key mapping
DQ-00146,CLM071481,Missing Region,High,<blank>,Mpumalanga,Restored from the valid Region_Key mapping
DQ-00147,CLM070672,Missing Region,High,<blank>,Western Cape,Restored from the valid Region_Key mapping
DQ-00148,CLM015559,Missing Region,High,<blank>,Gauteng,Restored from the valid Region_Key mapping
DQ-00149,CLM054832,Missing Region,High,<blank>,Western Cape,Restored from the valid Region_Key mapping
DQ-00150,CLM033840,Missing Region,High,<blank>,Limpopo,Restored from the valid Region_Key mapping
DQ-00151,CLM062903,Missing Region,High,<blank>,Free State,Restored from the valid Region_Key mapping
DQ-00152,CLM055713,Missing Region,High,<blank>,Eastern Cape,Restored from the valid Region_Key mapping
DQ-00153,CLM067007,Missing Region,High,<blank>,Eastern Cape,Restored from the valid Region_Key mapping
DQ-00154,CLM061692,Missing Region,High,<blank>,Gauteng,Restored from the valid Region_Key mapping
DQ-00155,CLM062382,Missing Region,High,<blank>,KwaZulu-Natal,Restored from the valid Region_Key mapping
DQ-00156,CLM039307,Missing Region,High,<blank>,Gauteng,Restored from the valid Region_Key mapping
DQ-00157,CLM047206,Missing Region,High,<blank>,Eastern Cape,Restored from the valid Region_Key mapping
DQ-00158,CLM053861,Missing Region,High,<blank>,KwaZulu-Natal,Restored from the valid Region_Key mapping
DQ-00159,CLM029373,Missing Region,High,<blank>,Mpumalanga,Restored from the valid Region_Key mapping
DQ-00160,CLM035110,Missing Region,High,<blank>,Limpopo,Restored from the valid Region_Key mapping
DQ-00161,CLM074938,Missing Region,High,<blank>,KwaZulu-Natal,Restored from the valid Region_Key mapping
DQ-00162,CLM059937,Missing Region,High,<blank>,Eastern Cape,Restored from the valid Region_Key mapping
DQ-00163,CLM024340,Missing Region,High,<blank>,Gauteng,Restored from the valid Region_Key mapping
DQ-00164,CLM014845,Missing Region,High,<blank>,Mpumalanga,Restored from the valid Region_Key mapping
DQ-00165,CLM044612,Missing Region,High,<blank>,Gauteng,Restored from the valid Region_Key mapping
DQ-00166,CLM030406,Missing Region,High,<blank>,Mpumalanga,Restored from the valid Region_Key mapping
DQ-00167,CLM072694,Missing Region,High,<blank>,North West,Restored from the valid Region_Key mapping
DQ-00168,CLM055182,Missing Region,High,<blank>,Western Cape,Restored from the valid Region_Key mapping
DQ-00169,CLM060876,Missing Region,High,<blank>,KwaZulu-Natal,Restored from the valid Region_Key mapping
DQ-00170,CLM019345,Missing Region,High,<blank>,Gauteng,Restored from the valid Region_Key mapping
DQ-00171,CLM053872,Missing Region,High,<blank>,Limpopo,Restored from the valid Region_Key mapping
DQ-00172,CLM070325,Missing Region,High,<blank>,Mpumalanga,Restored from the valid Region_Key mapping
DQ-00173,CLM007079,Missing Region,High,<blank>,Gauteng,Restored from the valid Region_Key mapping
DQ-00174,CLM039315,Missing Region,High,<blank>,Northern Cape,Restored from the valid Region_Key mapping
DQ-00175,CLM011485,Missing Region,High,<blank>,Eastern Cape,Restored from the valid Region_Key mapping
DQ-00176,CLM067724,Missing Region,High,<blank>,Gauteng,Restored from the valid Region_Key mapping
DQ-00177,CLM060908,Missing Region,High,<blank>,Limpopo,Restored from the valid Region_Key mapping
DQ-00178,CLM005948,Missing Region,High,<blank>,KwaZulu-Natal,Restored from the valid Region_Key mapping
DQ-00179,CLM011983,Missing Region,High,<blank>,Gauteng,Restored from the valid Region_Key mapping
DQ-00180,CLM041638,Missing Region,High,<blank>,Gauteng,Restored from the valid Region_Key mapping
DQ-00181,CLM026913,Missing Region,High,<blank>,Gauteng,Restored from the valid Region_Key mapping
DQ-00182,CLM003122,Missing Region,High,<blank>,Gauteng,Restored from the valid Region_Key mapping
DQ-00183,CLM074819,Missing Region,High,<blank>,KwaZulu-Natal,Restored from the valid Region_Key mapping
DQ-00184,CLM019945,Missing Region,High,<blank>,KwaZulu-Natal,Restored from the valid Region_Key mapping
DQ-00185,CLM016982,Missing Region,High,<blank>,KwaZulu-Natal,Restored from the valid Region_Key mapping
DQ-00186,CLM072080,Missing Region,High,<blank>,Gauteng,Restored from the valid Region_Key mapping
DQ-00187,CLM008239,Missing Region,High,<blank>,Mpumalanga,Restored from the valid Region_Key mapping
DQ-00188,CLM010035,Missing Region,High,<blank>,KwaZulu-Natal,Restored from the valid Region_Key mapping
DQ-00189,CLM065860,Missing Region,High,<blank>,KwaZulu-Natal,Restored from the valid Region_Key mapping
DQ-00190,CLM010237,Missing Region,High,<blank>,Gauteng,Restored from the valid Region_Key mapping
DQ-00191,CLM019940,Missing Region,High,<blank>,Western Cape,Restored from the valid Region_Key mapping
DQ-00192,CLM044502,Missing Region,High,<blank>,Free State,Restored from the valid Region_Key mapping
DQ-00193,CLM041503,Missing Region,High,<blank>,Mpumalanga,Restored from the valid Region_Key mapping
DQ-00194,CLM064527,Missing Region,High,<blank>,Gauteng,Restored from the valid Region_Key mapping
DQ-00195,CLM030585,Missing Region,High,<blank>,Gauteng,Restored from the valid Region_Key mapping
DQ-00196,CLM057776,Missing Region,High,<blank>,Western Cape,Restored from the valid Region_Key mapping
DQ-00197,CLM031050,Missing Region,High,<blank>,Gauteng,Restored from the valid Region_Key mapping
DQ-00198,CLM063227,Missing Region,High,<blank>,Gauteng,Restored from the valid Region_Key mapping
DQ-00199,CLM059743,Missing Region,High,<blank>,Gauteng,Restored from the valid Region_Key mapping
DQ-00200,CLM016213,Missing Region,High,<blank>,Gauteng,Restored from the valid Region_Key mapping
DQ-00201,CLM030635,Missing Claim Amount,Critical,<blank>,42456.2,Restored the deterministic source amount
DQ-00202,CLM053102,Missing Claim Amount,Critical,<blank>,54074.98,Restored the deterministic source amount
DQ-00203,CLM048247,Missing Claim Amount,Critical,<blank>,33304.39,Restored the deterministic source amount
DQ-00204,CLM035805,Missing Claim Amount,Critical,<blank>,82078.36,Restored the deterministic source amount
DQ-00205,CLM008497,Missing Claim Amount,Critical,<blank>,110701.15,Restored the deterministic source amount
DQ-00206,CLM038685,Missing Claim Amount,Critical,<blank>,224108.56,Restored the deterministic source amount
DQ-00207,CLM059112,Missing Claim Amount,Critical,<blank>,69482.51,Restored the deterministic source amount
DQ-00208,CLM050588,Missing Claim Amount,Critical,<blank>,73117.66,Restored the deterministic source amount
DQ-00209,CLM016678,Missing Claim Amount,Critical,<blank>,485562.17,Restored the deterministic source amount
DQ-00210,CLM003258,Missing Claim Amount,Critical,<blank>,137521.77,Restored the deterministic source amount
DQ-00211,CLM068715,Missing Claim Amount,Critical,<blank>,18838.97,Restored the deterministic source amount
DQ-00212,CLM019596,Missing Claim Amount,Critical,<blank>,67899.2,Restored the deterministic source amount
DQ-00213,CLM061649,Missing Claim Amount,Critical,<blank>,68961.3,Restored the deterministic source amount
DQ-00214,CLM056211,Missing Claim Amount,Critical,<blank>,95555.13,Restored the deterministic source amount
DQ-00215,CLM060934,Missing Claim Amount,Critical,<blank>,36897.35,Restored the deterministic source amount
DQ-00216,CLM029653,Missing Claim Amount,Critical,<blank>,900172.54,Restored the deterministic source amount
DQ-00217,CLM027193,Missing Claim Amount,Critical,<blank>,54022.47,Restored the deterministic source amount
DQ-00218,CLM043817,Missing Claim Amount,Critical,<blank>,7743.86,Restored the deterministic source amount
DQ-00219,CLM054864,Missing Claim Amount,Critical,<blank>,82455.39,Restored the deterministic source amount
DQ-00220,CLM057443,Missing Claim Amount,Critical,<blank>,35770.32,Restored the deterministic source amount
DQ-00221,CLM039126,Missing Claim Amount,Critical,<blank>,23477.13,Restored the deterministic source amount
DQ-00222,CLM059921,Missing Claim Amount,Critical,<blank>,27579.15,Restored the deterministic source amount
DQ-00223,CLM069417,Missing Claim Amount,Critical,<blank>,170713.61,Restored the deterministic source amount
DQ-00224,CLM062769,Missing Claim Amount,Critical,<blank>,100846.08,Restored the deterministic source amount
DQ-00225,CLM048479,Missing Claim Amount,Critical,<blank>,204653.62,Restored the deterministic source amount
DQ-00226,CLM042571,Missing Claim Amount,Critical,<blank>,23241.15,Restored the deterministic source amount
DQ-00227,CLM065631,Missing Claim Amount,Critical,<blank>,271525.59,Restored the deterministic source amount
DQ-00228,CLM061671,Missing Claim Amount,Critical,<blank>,59443.64,Restored the deterministic source amount
DQ-00229,CLM071990,Missing Claim Amount,Critical,<blank>,47558.05,Restored the deterministic source amount
DQ-00230,CLM067849,Missing Claim Amount,Critical,<blank>,16696.81,Restored the deterministic source amount
DQ-00231,CLM060818,Missing Claim Amount,Critical,<blank>,166145.07,Restored the deterministic source amount
DQ-00232,CLM016165,Missing Claim Amount,Critical,<blank>,21529.1,Restored the deterministic source amount
DQ-00233,CLM018842,Missing Claim Amount,Critical,<blank>,18254.24,Restored the deterministic source amount
DQ-00234,CLM065040,Missing Claim Amount,Critical,<blank>,81342.77,Restored the deterministic source amount
DQ-00235,CLM025915,Missing Claim Amount,Critical,<blank>,66412.65,Restored the deterministic source amount
DQ-00236,CLM035156,Missing Claim Amount,Critical,<blank>,64250.99,Restored the deterministic source amount
DQ-00237,CLM047999,Missing Claim Amount,Critical,<blank>,37872.96,Restored the deterministic source amount
DQ-00238,CLM059944,Missing Claim Amount,Critical,<blank>,86884.13,Restored the deterministic source amount
DQ-00239,CLM037337,Missing Claim Amount,Critical,<blank>,286772.46,Restored the deterministic source amount
DQ-00240,CLM042477,Missing Claim Amount,Critical,<blank>,39365.42,Restored the deterministic source amount
DQ-00241,CLM044310,Missing Claim Amount,Critical,<blank>,106320.34,Restored the deterministic source amount
DQ-00242,CLM020515,Missing Claim Amount,Critical,<blank>,91116.19,Restored the deterministic source amount
DQ-00243,CLM015434,Missing Claim Amount,Critical,<blank>,195049.22,Restored the deterministic source amount
DQ-00244,CLM005557,Missing Claim Amount,Critical,<blank>,198360.61,Restored the deterministic source amount
DQ-00245,CLM058686,Missing Claim Amount,Critical,<blank>,50340.92,Restored the deterministic source amount
DQ-00246,CLM067974,Missing Claim Amount,Critical,<blank>,29845.85,Restored the deterministic source amount
DQ-00247,CLM012078,Missing Claim Amount,Critical,<blank>,115560.58,Restored the deterministic source amount
DQ-00248,CLM018656,Missing Claim Amount,Critical,<blank>,142806.12,Restored the deterministic source amount
DQ-00249,CLM018111,Missing Claim Amount,Critical,<blank>,161249.03,Restored the deterministic source amount
DQ-00250,CLM041772,Missing Claim Amount,Critical,<blank>,181813.23,Restored the deterministic source amount
DQ-00251,CLM072706,Missing Claim Amount,Critical,<blank>,39004.39,Restored the deterministic source amount
DQ-00252,CLM002067,Missing Claim Amount,Critical,<blank>,62047.84,Restored the deterministic source amount
DQ-00253,CLM056603,Missing Claim Amount,Critical,<blank>,168651.0,Restored the deterministic source amount
DQ-00254,CLM055028,Missing Claim Amount,Critical,<blank>,452202.59,Restored the deterministic source amount
DQ-00255,CLM074834,Missing Claim Amount,Critical,<blank>,131423.65,Restored the deterministic source amount
DQ-00256,CLM008728,Missing Claim Amount,Critical,<blank>,668623.08,Restored the deterministic source amount
DQ-00257,CLM072853,Missing Claim Amount,Critical,<blank>,194060.76,Restored the deterministic source amount
DQ-00258,CLM016518,Missing Claim Amount,Critical,<blank>,23145.29,Restored the deterministic source amount
DQ-00259,CLM003281,Missing Claim Amount,Critical,<blank>,119042.48,Restored the deterministic source amount
DQ-00260,CLM072494,Missing Claim Amount,Critical,<blank>,26658.7,Restored the deterministic source amount
DQ-00261,CLM068064,Missing Claim Amount,Critical,<blank>,55140.04,Restored the deterministic source amount
DQ-00262,CLM071068,Missing Claim Amount,Critical,<blank>,18975.09,Restored the deterministic source amount
DQ-00263,CLM065954,Missing Claim Amount,Critical,<blank>,11937.77,Restored the deterministic source amount
DQ-00264,CLM016047,Missing Claim Amount,Critical,<blank>,89883.1,Restored the deterministic source amount
DQ-00265,CLM062807,Missing Claim Amount,Critical,<blank>,171840.2,Restored the deterministic source amount
DQ-00266,CLM056195,Missing Claim Amount,Critical,<blank>,115924.98,Restored the deterministic source amount
DQ-00267,CLM012465,Missing Claim Amount,Critical,<blank>,165240.68,Restored the deterministic source amount
DQ-00268,CLM039731,Missing Claim Amount,Critical,<blank>,126543.57,Restored the deterministic source amount
DQ-00269,CLM025617,Missing Claim Amount,Critical,<blank>,92751.69,Restored the deterministic source amount
DQ-00270,CLM017780,Missing Claim Amount,Critical,<blank>,69161.81,Restored the deterministic source amount
DQ-00271,CLM050739,Missing Claim Amount,Critical,<blank>,111334.73,Restored the deterministic source amount
DQ-00272,CLM017750,Missing Claim Amount,Critical,<blank>,131796.23,Restored the deterministic source amount
DQ-00273,CLM010196,Missing Claim Amount,Critical,<blank>,123015.26,Restored the deterministic source amount
DQ-00274,CLM021503,Missing Claim Amount,Critical,<blank>,25030.24,Restored the deterministic source amount
DQ-00275,CLM051673,Missing Claim Amount,Critical,<blank>,27954.39,Restored the deterministic source amount
DQ-00276,CLM024148,Missing Claim Amount,Critical,<blank>,131631.7,Restored the deterministic source amount
DQ-00277,CLM027847,Missing Claim Amount,Critical,<blank>,34650.91,Restored the deterministic source amount
DQ-00278,CLM070730,Missing Claim Amount,Critical,<blank>,75222.25,Restored the deterministic source amount
DQ-00279,CLM045305,Missing Claim Amount,Critical,<blank>,52881.43,Restored the deterministic source amount
DQ-00280,CLM036277,Missing Claim Amount,Critical,<blank>,394851.99,Restored the deterministic source amount
DQ-00281,CLM019355,Missing Claim Amount,Critical,<blank>,90760.73,Restored the deterministic source amount
DQ-00282,CLM008193,Missing Claim Amount,Critical,<blank>,124486.02,Restored the deterministic source amount
DQ-00283,CLM053815,Missing Claim Amount,Critical,<blank>,40694.0,Restored the deterministic source amount
DQ-00284,CLM005011,Missing Claim Amount,Critical,<blank>,277668.52,Restored the deterministic source amount
DQ-00285,CLM001429,Missing Claim Amount,Critical,<blank>,114961.76,Restored the deterministic source amount
DQ-00286,CLM013969,Missing Claim Amount,Critical,<blank>,225217.81,Restored the deterministic source amount
DQ-00287,CLM046764,Missing Claim Amount,Critical,<blank>,224611.42,Restored the deterministic source amount
DQ-00288,CLM028000,Missing Claim Amount,Critical,<blank>,12225.6,Restored the deterministic source amount
DQ-00289,CLM057753,Missing Claim Amount,Critical,<blank>,51439.74,Restored the deterministic source amount
DQ-00290,CLM044791,Missing Claim Amount,Critical,<blank>,11260.42,Restored the deterministic source amount
DQ-00291,CLM055409,Missing Claim Amount,Critical,<blank>,14717.21,Restored the deterministic source amount
DQ-00292,CLM065279,Missing Claim Amount,Critical,<blank>,87006.39,Restored the deterministic source amount
DQ-00293,CLM065585,Missing Claim Amount,Critical,<blank>,214181.21,Restored the deterministic source amount
DQ-00294,CLM067770,Missing Claim Amount,Critical,<blank>,9756.71,Restored the deterministic source amount
DQ-00295,CLM057481,Missing Claim Amount,Critical,<blank>,71799.29,Restored the deterministic source amount
DQ-00296,CLM068560,Missing Claim Amount,Critical,<blank>,201562.26,Restored the deterministic source amount
DQ-00297,CLM023195,Missing Claim Amount,Critical,<blank>,107372.23,Restored the deterministic source amount
DQ-00298,CLM035772,Missing Claim Amount,Critical,<blank>,79952.32,Restored the deterministic source amount
DQ-00299,CLM010443,Missing Claim Amount,Critical,<blank>,90892.29,Restored the deterministic source amount
DQ-00300,CLM029010,Missing Claim Amount,Critical,<blank>,92204.76,Restored the deterministic source amount
DQ-00301,CLM037322,Missing Claim Amount,Critical,<blank>,24709.88,Restored the deterministic source amount
DQ-00302,CLM074610,Missing Claim Amount,Critical,<blank>,9215.69,Restored the deterministic source amount
DQ-00303,CLM052103,Missing Claim Amount,Critical,<blank>,46481.08,Restored the deterministic source amount
DQ-00304,CLM016353,Missing Claim Amount,Critical,<blank>,45463.95,Restored the deterministic source amount
DQ-00305,CLM074908,Missing Claim Amount,Critical,<blank>,33126.55,Restored the deterministic source amount
DQ-00306,CLM051678,Missing Claim Amount,Critical,<blank>,43016.01,Restored the deterministic source amount
DQ-00307,CLM024071,Missing Claim Amount,Critical,<blank>,52752.09,Restored the deterministic source amount
DQ-00308,CLM054646,Missing Claim Amount,Critical,<blank>,94583.06,Restored the deterministic source amount
DQ-00309,CLM003542,Missing Claim Amount,Critical,<blank>,34324.13,Restored the deterministic source amount
DQ-00310,CLM041867,Missing Claim Amount,Critical,<blank>,111636.79,Restored the deterministic source amount
DQ-00311,CLM063688,Missing Claim Amount,Critical,<blank>,199614.13,Restored the deterministic source amount
DQ-00312,CLM033424,Missing Claim Amount,Critical,<blank>,136157.07,Restored the deterministic source amount
DQ-00313,CLM064756,Missing Claim Amount,Critical,<blank>,167248.86,Restored the deterministic source amount
DQ-00314,CLM062930,Missing Claim Amount,Critical,<blank>,191545.21,Restored the deterministic source amount
DQ-00315,CLM060372,Missing Claim Amount,Critical,<blank>,21751.55,Restored the deterministic source amount
DQ-00316,CLM006414,Missing Claim Amount,Critical,<blank>,270427.01,Restored the deterministic source amount
DQ-00317,CLM002760,Missing Claim Amount,Critical,<blank>,71285.24,Restored the deterministic source amount
DQ-00318,CLM047435,Missing Claim Amount,Critical,<blank>,173978.79,Restored the deterministic source amount
DQ-00319,CLM056499,Missing Claim Amount,Critical,<blank>,210958.45,Restored the deterministic source amount
DQ-00320,CLM022539,Missing Claim Amount,Critical,<blank>,153091.24,Restored the deterministic source amount
DQ-00321,CLM020312,Missing Claim Amount,Critical,<blank>,26264.16,Restored the deterministic source amount
DQ-00322,CLM057001,Missing Claim Amount,Critical,<blank>,40814.89,Restored the deterministic source amount
DQ-00323,CLM019569,Missing Claim Amount,Critical,<blank>,74802.46,Restored the deterministic source amount
DQ-00324,CLM069213,Missing Claim Amount,Critical,<blank>,396340.8,Restored the deterministic source amount
DQ-00325,CLM002592,Missing Claim Amount,Critical,<blank>,113600.51,Restored the deterministic source amount
DQ-00326,CLM000480,Missing Claim Amount,Critical,<blank>,138642.16,Restored the deterministic source amount
DQ-00327,CLM038624,Missing Claim Amount,Critical,<blank>,272347.22,Restored the deterministic source amount
DQ-00328,CLM046356,Missing Claim Amount,Critical,<blank>,25100.65,Restored the deterministic source amount
DQ-00329,CLM004433,Missing Claim Amount,Critical,<blank>,69131.64,Restored the deterministic source amount
DQ-00330,CLM006529,Missing Claim Amount,Critical,<blank>,162498.13,Restored the deterministic source amount
DQ-00331,CLM064974,Missing Claim Amount,Critical,<blank>,3199693.12,Restored the deterministic source amount
DQ-00332,CLM067627,Missing Claim Amount,Critical,<blank>,307071.87,Restored the deterministic source amount
DQ-00333,CLM059631,Missing Claim Amount,Critical,<blank>,8358.06,Restored the deterministic source amount
DQ-00334,CLM005089,Missing Claim Amount,Critical,<blank>,24801.43,Restored the deterministic source amount
DQ-00335,CLM011868,Missing Claim Amount,Critical,<blank>,12270.76,Restored the deterministic source amount
DQ-00336,CLM062601,Missing Claim Amount,Critical,<blank>,76220.55,Restored the deterministic source amount
DQ-00337,CLM061772,Missing Claim Amount,Critical,<blank>,144078.84,Restored the deterministic source amount
DQ-00338,CLM008213,Missing Claim Amount,Critical,<blank>,214721.69,Restored the deterministic source amount
DQ-00339,CLM056324,Missing Claim Amount,Critical,<blank>,23189.73,Restored the deterministic source amount
DQ-00340,CLM054793,Missing Claim Amount,Critical,<blank>,59948.38,Restored the deterministic source amount
DQ-00341,CLM049024,Missing Claim Amount,Critical,<blank>,103690.68,Restored the deterministic source amount
DQ-00342,CLM007228,Missing Claim Amount,Critical,<blank>,7580.3,Restored the deterministic source amount
DQ-00343,CLM001790,Missing Claim Amount,Critical,<blank>,26175.71,Restored the deterministic source amount
DQ-00344,CLM065668,Missing Claim Amount,Critical,<blank>,4773.42,Restored the deterministic source amount
DQ-00345,CLM066846,Missing Claim Amount,Critical,<blank>,189696.3,Restored the deterministic source amount
DQ-00346,CLM030761,Missing Claim Amount,Critical,<blank>,65501.83,Restored the deterministic source amount
DQ-00347,CLM003455,Missing Claim Amount,Critical,<blank>,56397.48,Restored the deterministic source amount
DQ-00348,CLM040894,Missing Claim Amount,Critical,<blank>,136853.25,Restored the deterministic source amount
DQ-00349,CLM021644,Missing Claim Amount,Critical,<blank>,137702.13,Restored the deterministic source amount
DQ-00350,CLM045958,Missing Claim Amount,Critical,<blank>,33928.79,Restored the deterministic source amount
DQ-00351,CLM015770,Missing Claim Amount,Critical,<blank>,4386.6,Restored the deterministic source amount
DQ-00352,CLM025028,Missing Claim Amount,Critical,<blank>,37455.89,Restored the deterministic source amount
DQ-00353,CLM036943,Missing Claim Amount,Critical,<blank>,226715.39,Restored the deterministic source amount
DQ-00354,CLM068841,Missing Claim Amount,Critical,<blank>,756940.86,Restored the deterministic source amount
DQ-00355,CLM041227,Missing Claim Amount,Critical,<blank>,182268.72,Restored the deterministic source amount
DQ-00356,CLM053823,Missing Claim Amount,Critical,<blank>,218910.53,Restored the deterministic source amount
DQ-00357,CLM074572,Missing Claim Amount,Critical,<blank>,72085.29,Restored the deterministic source amount
DQ-00358,CLM002063,Missing Claim Amount,Critical,<blank>,75015.35,Restored the deterministic source amount
DQ-00359,CLM009861,Missing Claim Amount,Critical,<blank>,121302.65,Restored the deterministic source amount
DQ-00360,CLM008547,Missing Claim Amount,Critical,<blank>,38706.96,Restored the deterministic source amount
DQ-00361,CLM014086,Missing Claim Amount,Critical,<blank>,92228.33,Restored the deterministic source amount
DQ-00362,CLM023455,Missing Claim Amount,Critical,<blank>,100510.38,Restored the deterministic source amount
DQ-00363,CLM027390,Missing Claim Amount,Critical,<blank>,417203.08,Restored the deterministic source amount
DQ-00364,CLM014187,Missing Claim Amount,Critical,<blank>,171962.07,Restored the deterministic source amount
DQ-00365,CLM002189,Missing Claim Amount,Critical,<blank>,5457.53,Restored the deterministic source amount
DQ-00366,CLM022298,Missing Claim Amount,Critical,<blank>,76114.41,Restored the deterministic source amount
DQ-00367,CLM054323,Missing Claim Amount,Critical,<blank>,25071.81,Restored the deterministic source amount
DQ-00368,CLM043033,Missing Claim Amount,Critical,<blank>,11261.18,Restored the deterministic source amount
DQ-00369,CLM002689,Missing Claim Amount,Critical,<blank>,26058.61,Restored the deterministic source amount
DQ-00370,CLM047420,Missing Claim Amount,Critical,<blank>,30201.25,Restored the deterministic source amount
DQ-00371,CLM073503,Missing Claim Amount,Critical,<blank>,65592.45,Restored the deterministic source amount
DQ-00372,CLM003817,Missing Claim Amount,Critical,<blank>,102640.4,Restored the deterministic source amount
DQ-00373,CLM056073,Missing Claim Amount,Critical,<blank>,602484.43,Restored the deterministic source amount
DQ-00374,CLM051488,Missing Claim Amount,Critical,<blank>,272807.62,Restored the deterministic source amount
DQ-00375,CLM066447,Missing Claim Amount,Critical,<blank>,701891.95,Restored the deterministic source amount
DQ-00376,CLM055334,Missing Claim Amount,Critical,<blank>,304511.84,Restored the deterministic source amount
DQ-00377,CLM013794,Missing Claim Amount,Critical,<blank>,85896.36,Restored the deterministic source amount
DQ-00378,CLM031131,Missing Claim Amount,Critical,<blank>,133867.09,Restored the deterministic source amount
DQ-00379,CLM061548,Missing Claim Amount,Critical,<blank>,181515.83,Restored the deterministic source amount
DQ-00380,CLM017098,Missing Claim Amount,Critical,<blank>,117447.07,Restored the deterministic source amount
DQ-00381,CLM017344,Negative Claim Amount,Critical,-42446.55,42446.55,Replaced with the validated positive source amount
DQ-00382,CLM006198,Negative Claim Amount,Critical,-315740.98,315740.98,Replaced with the validated positive source amount
DQ-00383,CLM039104,Negative Claim Amount,Critical,-138845.59,138845.59,Replaced with the validated positive source amount
DQ-00384,CLM040276,Negative Claim Amount,Critical,-45053.96,45053.96,Replaced with the validated positive source amount
DQ-00385,CLM046362,Negative Claim Amount,Critical,-83578.1,83578.1,Replaced with the validated positive source amount
DQ-00386,CLM071604,Negative Claim Amount,Critical,-45326.58,45326.58,Replaced with the validated positive source amount
DQ-00387,CLM030112,Negative Claim Amount,Critical,-144164.36,144164.36,Replaced with the validated positive source amount
DQ-00388,CLM052550,Negative Claim Amount,Critical,-189156.67,189156.67,Replaced with the validated positive source amount
DQ-00389,CLM055111,Negative Claim Amount,Critical,-72894.48,72894.48,Replaced with the validated positive source amount
DQ-00390,CLM062437,Negative Claim Amount,Critical,-38398.51,38398.51,Replaced with the validated positive source amount
DQ-00391,CLM005158,Negative Claim Amount,Critical,-30995.67,30995.67,Replaced with the validated positive source amount
DQ-00392,CLM044862,Negative Claim Amount,Critical,-377270.84,377270.84,Replaced with the validated positive source amount
DQ-00393,CLM036433,Negative Claim Amount,Critical,-256532.4,256532.4,Replaced with the validated positive source amount
DQ-00394,CLM007535,Negative Claim Amount,Critical,-209812.93,209812.93,Replaced with the validated positive source amount
DQ-00395,CLM045674,Negative Claim Amount,Critical,-231304.35,231304.35,Replaced with the validated positive source amount
DQ-00396,CLM066682,Negative Claim Amount,Critical,-504457.88,504457.88,Replaced with the validated positive source amount
DQ-00397,CLM039773,Negative Claim Amount,Critical,-170508.67,170508.67,Replaced with the validated positive source amount
DQ-00398,CLM037763,Negative Claim Amount,Critical,-201141.19,201141.19,Replaced with the validated positive source amount
DQ-00399,CLM060433,Negative Claim Amount,Critical,-162891.8,162891.8,Replaced with the validated positive source amount
DQ-00400,CLM062281,Negative Claim Amount,Critical,-547341.6,547341.6,Replaced with the validated positive source amount
DQ-00401,CLM070233,Negative Claim Amount,Critical,-132992.14,132992.14,Replaced with the validated positive source amount
DQ-00402,CLM015023,Negative Claim Amount,Critical,-70539.21,70539.21,Replaced with the validated positive source amount
DQ-00403,CLM049212,Negative Claim Amount,Critical,-60047.94,60047.94,Replaced with the validated positive source amount
DQ-00404,CLM025946,Negative Claim Amount,Critical,-34795.51,34795.51,Replaced with the validated positive source amount
DQ-00405,CLM013602,Negative Claim Amount,Critical,-665467.04,665467.04,Replaced with the validated positive source amount
DQ-00406,CLM018979,Negative Claim Amount,Critical,-21286.16,21286.16,Replaced with the validated positive source amount
DQ-00407,CLM029070,Negative Claim Amount,Critical,-113550.43,113550.43,Replaced with the validated positive source amount
DQ-00408,CLM033847,Negative Claim Amount,Critical,-445910.56,445910.56,Replaced with the validated positive source amount
DQ-00409,CLM070294,Negative Claim Amount,Critical,-1311164.42,1311164.42,Replaced with the validated positive source amount
DQ-00410,CLM023762,Negative Claim Amount,Critical,-187854.15,187854.15,Replaced with the validated positive source amount
DQ-00411,CLM034987,Negative Claim Amount,Critical,-46905.71,46905.71,Replaced with the validated positive source amount
DQ-00412,CLM048412,Negative Claim Amount,Critical,-53422.83,53422.83,Replaced with the validated positive source amount
DQ-00413,CLM049489,Negative Claim Amount,Critical,-169829.16,169829.16,Replaced with the validated positive source amount
DQ-00414,CLM040856,Negative Claim Amount,Critical,-39563.9,39563.9,Replaced with the validated positive source amount
DQ-00415,CLM020629,Negative Claim Amount,Critical,-188319.93,188319.93,Replaced with the validated positive source amount
DQ-00416,CLM017519,Negative Claim Amount,Critical,-139687.0,139687.0,Replaced with the validated positive source amount
DQ-00417,CLM057689,Negative Claim Amount,Critical,-46315.12,46315.12,Replaced with the validated positive source amount
DQ-00418,CLM040599,Negative Claim Amount,Critical,-69093.08,69093.08,Replaced with the validated positive source amount
DQ-00419,CLM022102,Negative Claim Amount,Critical,-67843.69,67843.69,Replaced with the validated positive source amount
DQ-00420,CLM017574,Negative Claim Amount,Critical,-170720.96,170720.96,Replaced with the validated positive source amount
DQ-00421,CLM058894,Negative Claim Amount,Critical,-94046.24,94046.24,Replaced with the validated positive source amount
DQ-00422,CLM039867,Negative Claim Amount,Critical,-28709.33,28709.33,Replaced with the validated positive source amount
DQ-00423,CLM041374,Negative Claim Amount,Critical,-103445.33,103445.33,Replaced with the validated positive source amount
DQ-00424,CLM006162,Negative Claim Amount,Critical,-712850.76,712850.76,Replaced with the validated positive source amount
DQ-00425,CLM052720,Negative Claim Amount,Critical,-61647.08,61647.08,Replaced with the validated positive source amount
DQ-00426,CLM037040,Negative Claim Amount,Critical,-721836.71,721836.71,Replaced with the validated positive source amount
DQ-00427,CLM003785,Negative Claim Amount,Critical,-21294.15,21294.15,Replaced with the validated positive source amount
DQ-00428,CLM017956,Negative Claim Amount,Critical,-70661.58,70661.58,Replaced with the validated positive source amount
DQ-00429,CLM001286,Negative Claim Amount,Critical,-252164.43,252164.43,Replaced with the validated positive source amount
DQ-00430,CLM001609,Negative Claim Amount,Critical,-173838.58,173838.58,Replaced with the validated positive source amount
DQ-00431,CLM027580,Negative Claim Amount,Critical,-206257.25,206257.25,Replaced with the validated positive source amount
DQ-00432,CLM062378,Negative Claim Amount,Critical,-44517.86,44517.86,Replaced with the validated positive source amount
DQ-00433,CLM052520,Negative Claim Amount,Critical,-73981.52,73981.52,Replaced with the validated positive source amount
DQ-00434,CLM071662,Negative Claim Amount,Critical,-108066.49,108066.49,Replaced with the validated positive source amount
DQ-00435,CLM063990,Negative Claim Amount,Critical,-126676.61,126676.61,Replaced with the validated positive source amount
DQ-00436,CLM057863,Negative Claim Amount,Critical,-5593.5,5593.5,Replaced with the validated positive source amount
DQ-00437,CLM071267,Negative Claim Amount,Critical,-55781.44,55781.44,Replaced with the validated positive source amount
DQ-00438,CLM014430,Negative Claim Amount,Critical,-7650.61,7650.61,Replaced with the validated positive source amount
DQ-00439,CLM040929,Negative Claim Amount,Critical,-186260.18,186260.18,Replaced with the validated positive source amount
DQ-00440,CLM045694,Negative Claim Amount,Critical,-313155.43,313155.43,Replaced with the validated positive source amount
DQ-00441,CLM012845,Negative Claim Amount,Critical,-37828.16,37828.16,Replaced with the validated positive source amount
DQ-00442,CLM029529,Negative Claim Amount,Critical,-112756.78,112756.78,Replaced with the validated positive source amount
DQ-00443,CLM000595,Negative Claim Amount,Critical,-69529.58,69529.58,Replaced with the validated positive source amount
DQ-00444,CLM026002,Negative Claim Amount,Critical,-20218.91,20218.91,Replaced with the validated positive source amount
DQ-00445,CLM036356,Negative Claim Amount,Critical,-53114.29,53114.29,Replaced with the validated positive source amount
DQ-00446,CLM063392,Negative Claim Amount,Critical,-140216.2,140216.2,Replaced with the validated positive source amount
DQ-00447,CLM055392,Negative Claim Amount,Critical,-3898.8,3898.8,Replaced with the validated positive source amount
DQ-00448,CLM002519,Negative Claim Amount,Critical,-388955.24,388955.24,Replaced with the validated positive source amount
DQ-00449,CLM061039,Negative Claim Amount,Critical,-57030.37,57030.37,Replaced with the validated positive source amount
DQ-00450,CLM016655,Negative Claim Amount,Critical,-166625.97,166625.97,Replaced with the validated positive source amount
DQ-00451,CLM038654,Negative Claim Amount,Critical,-42632.98,42632.98,Replaced with the validated positive source amount
DQ-00452,CLM073163,Negative Claim Amount,Critical,-111319.2,111319.2,Replaced with the validated positive source amount
DQ-00453,CLM059627,Negative Claim Amount,Critical,-47079.13,47079.13,Replaced with the validated positive source amount
DQ-00454,CLM074555,Negative Claim Amount,Critical,-44225.29,44225.29,Replaced with the validated positive source amount
DQ-00455,CLM011783,Negative Claim Amount,Critical,-10382.98,10382.98,Replaced with the validated positive source amount
DQ-00456,CLM049841,Negative Claim Amount,Critical,-178206.9,178206.9,Replaced with the validated positive source amount
DQ-00457,CLM021831,Negative Claim Amount,Critical,-252225.12,252225.12,Replaced with the validated positive source amount
DQ-00458,CLM030421,Negative Claim Amount,Critical,-18297.62,18297.62,Replaced with the validated positive source amount
DQ-00459,CLM072949,Negative Claim Amount,Critical,-97368.03,97368.03,Replaced with the validated positive source amount
DQ-00460,CLM031059,Negative Claim Amount,Critical,-66491.19,66491.19,Replaced with the validated positive source amount
DQ-00461,CLM008107,Negative Claim Amount,Critical,-1929384.83,1929384.83,Replaced with the validated positive source amount
DQ-00462,CLM070589,Negative Claim Amount,Critical,-115909.91,115909.91,Replaced with the validated positive source amount
DQ-00463,CLM000832,Negative Claim Amount,Critical,-43962.91,43962.91,Replaced with the validated positive source amount
DQ-00464,CLM051226,Negative Claim Amount,Critical,-58603.35,58603.35,Replaced with the validated positive source amount
DQ-00465,CLM021270,Negative Claim Amount,Critical,-115444.95,115444.95,Replaced with the validated positive source amount
DQ-00466,CLM000050,Negative Claim Amount,Critical,-177962.39,177962.39,Replaced with the validated positive source amount
DQ-00467,CLM040312,Negative Claim Amount,Critical,-190973.35,190973.35,Replaced with the validated positive source amount
DQ-00468,CLM048094,Negative Claim Amount,Critical,-88634.21,88634.21,Replaced with the validated positive source amount
DQ-00469,CLM048049,Negative Claim Amount,Critical,-121973.85,121973.85,Replaced with the validated positive source amount
DQ-00470,CLM014065,Negative Claim Amount,Critical,-251181.35,251181.35,Replaced with the validated positive source amount
DQ-00471,CLM056738,Negative Claim Amount,Critical,-98812.76,98812.76,Replaced with the validated positive source amount
DQ-00472,CLM055036,Negative Claim Amount,Critical,-18597.74,18597.74,Replaced with the validated positive source amount
DQ-00473,CLM046490,Negative Claim Amount,Critical,-85564.51,85564.51,Replaced with the validated positive source amount
DQ-00474,CLM010699,Negative Claim Amount,Critical,-89541.45,89541.45,Replaced with the validated positive source amount
DQ-00475,CLM064777,Negative Claim Amount,Critical,-64464.44,64464.44,Replaced with the validated positive source amount
DQ-00476,CLM033288,Negative Claim Amount,Critical,-22851.65,22851.65,Replaced with the validated positive source amount
DQ-00477,CLM022120,Negative Claim Amount,Critical,-174511.51,174511.51,Replaced with the validated positive source amount
DQ-00478,CLM064080,Negative Claim Amount,Critical,-56196.07,56196.07,Replaced with the validated positive source amount
DQ-00479,CLM052492,Negative Claim Amount,Critical,-41810.97,41810.97,Replaced with the validated positive source amount
DQ-00480,CLM011544,Negative Claim Amount,Critical,-204194.12,204194.12,Replaced with the validated positive source amount
DQ-00481,CLM059999,Negative Claim Amount,Critical,-66020.27,66020.27,Replaced with the validated positive source amount
DQ-00482,CLM031405,Negative Claim Amount,Critical,-506465.26,506465.26,Replaced with the validated positive source amount
DQ-00483,CLM043688,Negative Claim Amount,Critical,-38686.36,38686.36,Replaced with the validated positive source amount
DQ-00484,CLM073031,Negative Claim Amount,Critical,-26236.9,26236.9,Replaced with the validated positive source amount
DQ-00485,CLM005713,Negative Claim Amount,Critical,-109119.66,109119.66,Replaced with the validated positive source amount
DQ-00486,CLM067934,Negative Claim Amount,Critical,-53138.02,53138.02,Replaced with the validated positive source amount
DQ-00487,CLM019388,Negative Claim Amount,Critical,-184574.36,184574.36,Replaced with the validated positive source amount
DQ-00488,CLM001689,Negative Claim Amount,Critical,-177135.12,177135.12,Replaced with the validated positive source amount
DQ-00489,CLM017677,Negative Claim Amount,Critical,-10424.54,10424.54,Replaced with the validated positive source amount
DQ-00490,CLM024201,Negative Claim Amount,Critical,-100661.7,100661.7,Replaced with the validated positive source amount
DQ-00491,CLM006746,Negative Claim Amount,Critical,-599175.17,599175.17,Replaced with the validated positive source amount
DQ-00492,CLM035511,Negative Claim Amount,Critical,-22181.94,22181.94,Replaced with the validated positive source amount
DQ-00493,CLM015354,Negative Claim Amount,Critical,-79000.09,79000.09,Replaced with the validated positive source amount
DQ-00494,CLM020598,Negative Claim Amount,Critical,-48932.82,48932.82,Replaced with the validated positive source amount
DQ-00495,CLM040411,Negative Claim Amount,Critical,-512096.8,512096.8,Replaced with the validated positive source amount
DQ-00496,CLM043329,Negative Claim Amount,Critical,-68520.84,68520.84,Replaced with the validated positive source amount
DQ-00497,CLM004810,Negative Claim Amount,Critical,-524401.55,524401.55,Replaced with the validated positive source amount
DQ-00498,CLM070693,Negative Claim Amount,Critical,-6601.13,6601.13,Replaced with the validated positive source amount
DQ-00499,CLM060615,Negative Claim Amount,Critical,-93299.14,93299.14,Replaced with the validated positive source amount
DQ-00500,CLM001428,Negative Claim Amount,Critical,-149509.33,149509.33,Replaced with the validated positive source amount
DQ-00501,CLM056432,Negative Claim Amount,Critical,-61841.52,61841.52,Replaced with the validated positive source amount
DQ-00502,CLM034598,Negative Claim Amount,Critical,-34434.17,34434.17,Replaced with the validated positive source amount
DQ-00503,CLM056998,Negative Claim Amount,Critical,-27349.77,27349.77,Replaced with the validated positive source amount
DQ-00504,CLM026019,Negative Claim Amount,Critical,-6219.6,6219.6,Replaced with the validated positive source amount
DQ-00505,CLM004289,Negative Claim Amount,Critical,-281138.48,281138.48,Replaced with the validated positive source amount
DQ-00506,CLM056005,Negative Claim Amount,Critical,-116989.07,116989.07,Replaced with the validated positive source amount
DQ-00507,CLM020364,Negative Claim Amount,Critical,-91934.72,91934.72,Replaced with the validated positive source amount
DQ-00508,CLM018441,Negative Claim Amount,Critical,-59998.51,59998.51,Replaced with the validated positive source amount
DQ-00509,CLM035912,Negative Claim Amount,Critical,-26654.39,26654.39,Replaced with the validated positive source amount
DQ-00510,CLM070599,Negative Claim Amount,Critical,-266342.78,266342.78,Replaced with the validated positive source amount
DQ-00511,CLM045123,Negative Claim Amount,Critical,-203224.24,203224.24,Replaced with the validated positive source amount
DQ-00512,CLM008211,Negative Claim Amount,Critical,-74175.15,74175.15,Replaced with the validated positive source amount
DQ-00513,CLM013886,Negative Claim Amount,Critical,-118620.58,118620.58,Replaced with the validated positive source amount
DQ-00514,CLM028266,Negative Claim Amount,Critical,-167702.22,167702.22,Replaced with the validated positive source amount
DQ-00515,CLM065621,Negative Claim Amount,Critical,-53641.13,53641.13,Replaced with the validated positive source amount
DQ-00516,CLM029853,Negative Claim Amount,Critical,-40765.1,40765.1,Replaced with the validated positive source amount
DQ-00517,CLM012253,Negative Claim Amount,Critical,-93078.25,93078.25,Replaced with the validated positive source amount
DQ-00518,CLM026835,Negative Claim Amount,Critical,-49325.94,49325.94,Replaced with the validated positive source amount
DQ-00519,CLM056028,Negative Claim Amount,Critical,-129030.25,129030.25,Replaced with the validated positive source amount
DQ-00520,CLM015826,Negative Claim Amount,Critical,-75530.14,75530.14,Replaced with the validated positive source amount
DQ-00521,CLM021034,Negative Claim Amount,Critical,-91990.97,91990.97,Replaced with the validated positive source amount
DQ-00522,CLM066604,Negative Claim Amount,Critical,-14631.7,14631.7,Replaced with the validated positive source amount
DQ-00523,CLM055656,Negative Claim Amount,Critical,-235712.95,235712.95,Replaced with the validated positive source amount
DQ-00524,CLM059613,Negative Claim Amount,Critical,-94614.1,94614.1,Replaced with the validated positive source amount
DQ-00525,CLM028555,Negative Claim Amount,Critical,-77828.0,77828.0,Replaced with the validated positive source amount
DQ-00526,CLM025512,Negative Claim Amount,Critical,-573578.67,573578.67,Replaced with the validated positive source amount
DQ-00527,CLM059707,Negative Claim Amount,Critical,-247522.66,247522.66,Replaced with the validated positive source amount
DQ-00528,CLM069446,Negative Claim Amount,Critical,-175717.7,175717.7,Replaced with the validated positive source amount
DQ-00529,CLM027607,Negative Claim Amount,Critical,-153079.71,153079.71,Replaced with the validated positive source amount
DQ-00530,CLM073131,Negative Claim Amount,Critical,-487588.45,487588.45,Replaced with the validated positive source amount
DQ-00531,CLM049814,Negative Claim Amount,Critical,-3666.4,3666.4,Replaced with the validated positive source amount
DQ-00532,CLM036588,Negative Claim Amount,Critical,-81751.64,81751.64,Replaced with the validated positive source amount
DQ-00533,CLM073044,Negative Claim Amount,Critical,-99069.45,99069.45,Replaced with the validated positive source amount
DQ-00534,CLM004880,Negative Claim Amount,Critical,-17713.46,17713.46,Replaced with the validated positive source amount
DQ-00535,CLM005166,Negative Claim Amount,Critical,-48730.04,48730.04,Replaced with the validated positive source amount
DQ-00536,CLM049727,Negative Claim Amount,Critical,-109474.52,109474.52,Replaced with the validated positive source amount
DQ-00537,CLM065308,Negative Claim Amount,Critical,-183831.93,183831.93,Replaced with the validated positive source amount
DQ-00538,CLM054440,Negative Claim Amount,Critical,-30149.07,30149.07,Replaced with the validated positive source amount
DQ-00539,CLM035108,Negative Claim Amount,Critical,-30536.91,30536.91,Replaced with the validated positive source amount
DQ-00540,CLM048142,Negative Claim Amount,Critical,-71085.54,71085.54,Replaced with the validated positive source amount
DQ-00541,CLM053682,Negative Claim Amount,Critical,-127713.35,127713.35,Replaced with the validated positive source amount
DQ-00542,CLM004054,Negative Claim Amount,Critical,-25168.24,25168.24,Replaced with the validated positive source amount
DQ-00543,CLM033437,Negative Claim Amount,Critical,-77961.55,77961.55,Replaced with the validated positive source amount
DQ-00544,CLM041032,Negative Claim Amount,Critical,-13946.35,13946.35,Replaced with the validated positive source amount
DQ-00545,CLM007260,Negative Claim Amount,Critical,-64827.45,64827.45,Replaced with the validated positive source amount
DQ-00546,CLM063280,Negative Claim Amount,Critical,-38247.88,38247.88,Replaced with the validated positive source amount
DQ-00547,CLM053506,Negative Claim Amount,Critical,-237153.57,237153.57,Replaced with the validated positive source amount
DQ-00548,CLM026966,Negative Claim Amount,Critical,-11971.54,11971.54,Replaced with the validated positive source amount
DQ-00549,CLM071707,Negative Claim Amount,Critical,-709741.91,709741.91,Replaced with the validated positive source amount
DQ-00550,CLM029261,Negative Claim Amount,Critical,-89852.84,89852.84,Replaced with the validated positive source amount
DQ-00551,CLM006032,Negative Claim Amount,Critical,-55781.5,55781.5,Replaced with the validated positive source amount
DQ-00552,CLM072014,Negative Claim Amount,Critical,-74159.9,74159.9,Replaced with the validated positive source amount
DQ-00553,CLM007072,Negative Claim Amount,Critical,-63151.75,63151.75,Replaced with the validated positive source amount
DQ-00554,CLM058181,Negative Claim Amount,Critical,-185914.28,185914.28,Replaced with the validated positive source amount
DQ-00555,CLM055458,Negative Claim Amount,Critical,-68592.27,68592.27,Replaced with the validated positive source amount
DQ-00556,CLM036259,Negative Claim Amount,Critical,-7932.02,7932.02,Replaced with the validated positive source amount
DQ-00557,CLM032011,Negative Claim Amount,Critical,-337871.65,337871.65,Replaced with the validated positive source amount
DQ-00558,CLM039229,Negative Claim Amount,Critical,-170940.74,170940.74,Replaced with the validated positive source amount
DQ-00559,CLM047749,Negative Claim Amount,Critical,-468257.22,468257.22,Replaced with the validated positive source amount
DQ-00560,CLM022349,Negative Claim Amount,Critical,-32004.04,32004.04,Replaced with the validated positive source amount
DQ-00561,CLM049239,Negative Claim Amount,Critical,-210754.2,210754.2,Replaced with the validated positive source amount
DQ-00562,CLM064280,Negative Claim Amount,Critical,-355643.61,355643.61,Replaced with the validated positive source amount
DQ-00563,CLM057238,Negative Claim Amount,Critical,-118798.84,118798.84,Replaced with the validated positive source amount
DQ-00564,CLM046934,Negative Claim Amount,Critical,-125194.28,125194.28,Replaced with the validated positive source amount
DQ-00565,CLM038251,Negative Claim Amount,Critical,-39080.45,39080.45,Replaced with the validated positive source amount
DQ-00566,CLM025905,Negative Claim Amount,Critical,-44409.98,44409.98,Replaced with the validated positive source amount
DQ-00567,CLM014750,Negative Claim Amount,Critical,-124708.99,124708.99,Replaced with the validated positive source amount
DQ-00568,CLM070916,Negative Claim Amount,Critical,-4207.41,4207.41,Replaced with the validated positive source amount
DQ-00569,CLM054111,Negative Claim Amount,Critical,-17408.58,17408.58,Replaced with the validated positive source amount
DQ-00570,CLM008303,Negative Claim Amount,Critical,-91578.32,91578.32,Replaced with the validated positive source amount
DQ-00571,CLM057734,Negative Claim Amount,Critical,-92028.96,92028.96,Replaced with the validated positive source amount
DQ-00572,CLM058141,Negative Claim Amount,Critical,-5885.49,5885.49,Replaced with the validated positive source amount
DQ-00573,CLM053034,Negative Claim Amount,Critical,-39471.65,39471.65,Replaced with the validated positive source amount
DQ-00574,CLM015343,Negative Claim Amount,Critical,-78496.41,78496.41,Replaced with the validated positive source amount
DQ-00575,CLM073005,Negative Claim Amount,Critical,-131778.99,131778.99,Replaced with the validated positive source amount
DQ-00576,CLM021918,Negative Claim Amount,Critical,-23668.63,23668.63,Replaced with the validated positive source amount
DQ-00577,CLM046407,Negative Claim Amount,Critical,-51334.71,51334.71,Replaced with the validated positive source amount
DQ-00578,CLM071728,Negative Claim Amount,Critical,-34520.01,34520.01,Replaced with the validated positive source amount
DQ-00579,CLM043257,Negative Claim Amount,Critical,-29173.83,29173.83,Replaced with the validated positive source amount
DQ-00580,CLM005395,Negative Claim Amount,Critical,-311530.76,311530.76,Replaced with the validated positive source amount
DQ-00581,CLM000140,Negative Claim Amount,Critical,-5513.67,5513.67,Replaced with the validated positive source amount
DQ-00582,CLM045379,Negative Claim Amount,Critical,-4261.62,4261.62,Replaced with the validated positive source amount
DQ-00583,CLM021648,Negative Claim Amount,Critical,-252141.87,252141.87,Replaced with the validated positive source amount
DQ-00584,CLM003666,Negative Claim Amount,Critical,-86516.43,86516.43,Replaced with the validated positive source amount
DQ-00585,CLM036933,Negative Claim Amount,Critical,-153811.85,153811.85,Replaced with the validated positive source amount
DQ-00586,CLM058151,Negative Claim Amount,Critical,-89379.45,89379.45,Replaced with the validated positive source amount
DQ-00587,CLM007583,Negative Claim Amount,Critical,-175842.07,175842.07,Replaced with the validated positive source amount
DQ-00588,CLM044093,Negative Claim Amount,Critical,-82795.6,82795.6,Replaced with the validated positive source amount
DQ-00589,CLM041655,Negative Claim Amount,Critical,-54134.54,54134.54,Replaced with the validated positive source amount
DQ-00590,CLM066891,Negative Claim Amount,Critical,-28419.31,28419.31,Replaced with the validated positive source amount
DQ-00591,CLM065868,Negative Claim Amount,Critical,-185382.28,185382.28,Replaced with the validated positive source amount
DQ-00592,CLM022938,Negative Claim Amount,Critical,-276066.44,276066.44,Replaced with the validated positive source amount
DQ-00593,CLM049486,Negative Claim Amount,Critical,-5450.17,5450.17,Replaced with the validated positive source amount
DQ-00594,CLM008949,Negative Claim Amount,Critical,-228694.77,228694.77,Replaced with the validated positive source amount
DQ-00595,CLM021048,Negative Claim Amount,Critical,-155196.19,155196.19,Replaced with the validated positive source amount
DQ-00596,CLM041622,Negative Claim Amount,Critical,-67639.71,67639.71,Replaced with the validated positive source amount
DQ-00597,CLM014097,Negative Claim Amount,Critical,-116897.98,116897.98,Replaced with the validated positive source amount
DQ-00598,CLM018042,Negative Claim Amount,Critical,-111471.33,111471.33,Replaced with the validated positive source amount
DQ-00599,CLM004297,Negative Claim Amount,Critical,-285018.87,285018.87,Replaced with the validated positive source amount
DQ-00600,CLM072623,Negative Claim Amount,Critical,-48399.66,48399.66,Replaced with the validated positive source amount
DQ-00601,CLM003651,Blank Channel,Medium,<blank>,Direct,Restored from the valid Channel_Key mapping
DQ-00602,CLM066374,Blank Channel,Medium,<blank>,Broker,Restored from the valid Channel_Key mapping
DQ-00603,CLM059117,Blank Channel,Medium,<blank>,Broker,Restored from the valid Channel_Key mapping
DQ-00604,CLM019987,Blank Channel,Medium,<blank>,Call Centre,Restored from the valid Channel_Key mapping
DQ-00605,CLM040435,Blank Channel,Medium,<blank>,Direct,Restored from the valid Channel_Key mapping
DQ-00606,CLM035834,Blank Channel,Medium,<blank>,Broker,Restored from the valid Channel_Key mapping
DQ-00607,CLM050546,Blank Channel,Medium,<blank>,Direct,Restored from the valid Channel_Key mapping
DQ-00608,CLM023361,Blank Channel,Medium,<blank>,Direct,Restored from the valid Channel_Key mapping
DQ-00609,CLM043561,Blank Channel,Medium,<blank>,Broker,Restored from the valid Channel_Key mapping
DQ-00610,CLM044902,Blank Channel,Medium,<blank>,Digital,Restored from the valid Channel_Key mapping
DQ-00611,CLM030433,Blank Channel,Medium,<blank>,Broker,Restored from the valid Channel_Key mapping
DQ-00612,CLM010283,Blank Channel,Medium,<blank>,Call Centre,Restored from the valid Channel_Key mapping
DQ-00613,CLM011992,Blank Channel,Medium,<blank>,Broker,Restored from the valid Channel_Key mapping
DQ-00614,CLM039693,Blank Channel,Medium,<blank>,Broker,Restored from the valid Channel_Key mapping
DQ-00615,CLM030369,Blank Channel,Medium,<blank>,Broker,Restored from the valid Channel_Key mapping
DQ-00616,CLM039724,Blank Channel,Medium,<blank>,Call Centre,Restored from the valid Channel_Key mapping
DQ-00617,CLM059015,Blank Channel,Medium,<blank>,Call Centre,Restored from the valid Channel_Key mapping
DQ-00618,CLM069501,Blank Channel,Medium,<blank>,Direct,Restored from the valid Channel_Key mapping
DQ-00619,CLM064599,Blank Channel,Medium,<blank>,Broker,Restored from the valid Channel_Key mapping
DQ-00620,CLM058199,Blank Channel,Medium,<blank>,Direct,Restored from the valid Channel_Key mapping
DQ-00621,CLM027480,Blank Channel,Medium,<blank>,Direct,Restored from the valid Channel_Key mapping
DQ-00622,CLM042429,Blank Channel,Medium,<blank>,Direct,Restored from the valid Channel_Key mapping
DQ-00623,CLM005386,Blank Channel,Medium,<blank>,Call Centre,Restored from the valid Channel_Key mapping
DQ-00624,CLM014978,Blank Channel,Medium,<blank>,Broker,Restored from the valid Channel_Key mapping
DQ-00625,CLM032272,Blank Channel,Medium,<blank>,Call Centre,Restored from the valid Channel_Key mapping
DQ-00626,CLM034479,Blank Channel,Medium,<blank>,Direct,Restored from the valid Channel_Key mapping
DQ-00627,CLM068496,Blank Channel,Medium,<blank>,Broker,Restored from the valid Channel_Key mapping
DQ-00628,CLM028199,Blank Channel,Medium,<blank>,Call Centre,Restored from the valid Channel_Key mapping
DQ-00629,CLM010100,Blank Channel,Medium,<blank>,Digital,Restored from the valid Channel_Key mapping
DQ-00630,CLM019192,Blank Channel,Medium,<blank>,Call Centre,Restored from the valid Channel_Key mapping
DQ-00631,CLM068627,Blank Channel,Medium,<blank>,Digital,Restored from the valid Channel_Key mapping
DQ-00632,CLM029298,Blank Channel,Medium,<blank>,Direct,Restored from the valid Channel_Key mapping
DQ-00633,CLM036183,Blank Channel,Medium,<blank>,Call Centre,Restored from the valid Channel_Key mapping
DQ-00634,CLM066547,Blank Channel,Medium,<blank>,Direct,Restored from the valid Channel_Key mapping
DQ-00635,CLM012919,Blank Channel,Medium,<blank>,Digital,Restored from the valid Channel_Key mapping
DQ-00636,CLM009049,Blank Channel,Medium,<blank>,Call Centre,Restored from the valid Channel_Key mapping
DQ-00637,CLM029929,Blank Channel,Medium,<blank>,Broker,Restored from the valid Channel_Key mapping
DQ-00638,CLM066305,Blank Channel,Medium,<blank>,Call Centre,Restored from the valid Channel_Key mapping
DQ-00639,CLM069883,Blank Channel,Medium,<blank>,Direct,Restored from the valid Channel_Key mapping
DQ-00640,CLM046025,Blank Channel,Medium,<blank>,Digital,Restored from the valid Channel_Key mapping
DQ-00641,CLM047476,Blank Channel,Medium,<blank>,Digital,Restored from the valid Channel_Key mapping
DQ-00642,CLM064204,Blank Channel,Medium,<blank>,Call Centre,Restored from the valid Channel_Key mapping
DQ-00643,CLM037931,Blank Channel,Medium,<blank>,Call Centre,Restored from the valid Channel_Key mapping
DQ-00644,CLM033804,Blank Channel,Medium,<blank>,Broker,Restored from the valid Channel_Key mapping
DQ-00645,CLM015414,Blank Channel,Medium,<blank>,Digital,Restored from the valid Channel_Key mapping
DQ-00646,CLM007991,Blank Channel,Medium,<blank>,Direct,Restored from the valid Channel_Key mapping
DQ-00647,CLM010742,Blank Channel,Medium,<blank>,Digital,Restored from the valid Channel_Key mapping
DQ-00648,CLM053545,Blank Channel,Medium,<blank>,Broker,Restored from the valid Channel_Key mapping
DQ-00649,CLM068885,Blank Channel,Medium,<blank>,Call Centre,Restored from the valid Channel_Key mapping
DQ-00650,CLM056095,Blank Channel,Medium,<blank>,Digital,Restored from the valid Channel_Key mapping
DQ-00651,CLM037802,Blank Channel,Medium,<blank>,Direct,Restored from the valid Channel_Key mapping
DQ-00652,CLM039101,Blank Channel,Medium,<blank>,Call Centre,Restored from the valid Channel_Key mapping
DQ-00653,CLM053383,Blank Channel,Medium,<blank>,Call Centre,Restored from the valid Channel_Key mapping
DQ-00654,CLM006461,Blank Channel,Medium,<blank>,Broker,Restored from the valid Channel_Key mapping
DQ-00655,CLM056359,Blank Channel,Medium,<blank>,Call Centre,Restored from the valid Channel_Key mapping
DQ-00656,CLM022472,Blank Channel,Medium,<blank>,Digital,Restored from the valid Channel_Key mapping
DQ-00657,CLM009717,Blank Channel,Medium,<blank>,Broker,Restored from the valid Channel_Key mapping
DQ-00658,CLM061401,Blank Channel,Medium,<blank>,Call Centre,Restored from the valid Channel_Key mapping
DQ-00659,CLM002112,Blank Channel,Medium,<blank>,Call Centre,Restored from the valid Channel_Key mapping
DQ-00660,CLM011864,Blank Channel,Medium,<blank>,Digital,Restored from the valid Channel_Key mapping
DQ-00661,CLM045007,Blank Channel,Medium,<blank>,Broker,Restored from the valid Channel_Key mapping
DQ-00662,CLM069341,Blank Channel,Medium,<blank>,Call Centre,Restored from the valid Channel_Key mapping
DQ-00663,CLM029218,Blank Channel,Medium,<blank>,Broker,Restored from the valid Channel_Key mapping
DQ-00664,CLM012431,Blank Channel,Medium,<blank>,Digital,Restored from the valid Channel_Key mapping
DQ-00665,CLM017679,Blank Channel,Medium,<blank>,Broker,Restored from the valid Channel_Key mapping
DQ-00666,CLM066694,Blank Channel,Medium,<blank>,Broker,Restored from the valid Channel_Key mapping
DQ-00667,CLM002347,Blank Channel,Medium,<blank>,Digital,Restored from the valid Channel_Key mapping
DQ-00668,CLM031408,Blank Channel,Medium,<blank>,Direct,Restored from the valid Channel_Key mapping
DQ-00669,CLM067843,Blank Channel,Medium,<blank>,Broker,Restored from the valid Channel_Key mapping
DQ-00670,CLM069274,Blank Channel,Medium,<blank>,Broker,Restored from the valid Channel_Key mapping
DQ-00671,CLM022625,Blank Channel,Medium,<blank>,Call Centre,Restored from the valid Channel_Key mapping
DQ-00672,CLM020594,Blank Channel,Medium,<blank>,Digital,Restored from the valid Channel_Key mapping
DQ-00673,CLM029100,Blank Channel,Medium,<blank>,Direct,Restored from the valid Channel_Key mapping
DQ-00674,CLM020991,Blank Channel,Medium,<blank>,Broker,Restored from the valid Channel_Key mapping
DQ-00675,CLM067834,Blank Channel,Medium,<blank>,Digital,Restored from the valid Channel_Key mapping
DQ-00676,CLM014279,Blank Channel,Medium,<blank>,Broker,Restored from the valid Channel_Key mapping
DQ-00677,CLM045870,Blank Channel,Medium,<blank>,Broker,Restored from the valid Channel_Key mapping
DQ-00678,CLM068966,Blank Channel,Medium,<blank>,Call Centre,Restored from the valid Channel_Key mapping
DQ-00679,CLM006894,Blank Channel,Medium,<blank>,Broker,Restored from the valid Channel_Key mapping
DQ-00680,CLM051953,Blank Channel,Medium,<blank>,Call Centre,Restored from the valid Channel_Key mapping
DQ-00681,CLM044979,Blank Channel,Medium,<blank>,Call Centre,Restored from the valid Channel_Key mapping
DQ-00682,CLM054603,Blank Channel,Medium,<blank>,Direct,Restored from the valid Channel_Key mapping
DQ-00683,CLM048605,Blank Channel,Medium,<blank>,Call Centre,Restored from the valid Channel_Key mapping
DQ-00684,CLM068202,Blank Channel,Medium,<blank>,Call Centre,Restored from the valid Channel_Key mapping
DQ-00685,CLM041248,Blank Channel,Medium,<blank>,Digital,Restored from the valid Channel_Key mapping
DQ-00686,CLM013067,Blank Channel,Medium,<blank>,Digital,Restored from the valid Channel_Key mapping
DQ-00687,CLM008851,Blank Channel,Medium,<blank>,Direct,Restored from the valid Channel_Key mapping
DQ-00688,CLM023299,Blank Channel,Medium,<blank>,Digital,Restored from the valid Channel_Key mapping
DQ-00689,CLM027277,Blank Channel,Medium,<blank>,Digital,Restored from the valid Channel_Key mapping
DQ-00690,CLM031634,Blank Channel,Medium,<blank>,Broker,Restored from the valid Channel_Key mapping
DQ-00691,CLM048210,Blank Channel,Medium,<blank>,Broker,Restored from the valid Channel_Key mapping
DQ-00692,CLM057366,Blank Channel,Medium,<blank>,Call Centre,Restored from the valid Channel_Key mapping
DQ-00693,CLM017389,Blank Channel,Medium,<blank>,Digital,Restored from the valid Channel_Key mapping
DQ-00694,CLM051129,Blank Channel,Medium,<blank>,Direct,Restored from the valid Channel_Key mapping
DQ-00695,CLM049760,Blank Channel,Medium,<blank>,Call Centre,Restored from the valid Channel_Key mapping
DQ-00696,CLM048540,Blank Channel,Medium,<blank>,Call Centre,Restored from the valid Channel_Key mapping
DQ-00697,CLM001496,Blank Channel,Medium,<blank>,Broker,Restored from the valid Channel_Key mapping
DQ-00698,CLM009481,Blank Channel,Medium,<blank>,Direct,Restored from the valid Channel_Key mapping
DQ-00699,CLM068271,Blank Channel,Medium,<blank>,Broker,Restored from the valid Channel_Key mapping
DQ-00700,CLM001137,Blank Channel,Medium,<blank>,Broker,Restored from the valid Channel_Key mapping
DQ-00701,CLM046210,Blank Channel,Medium,<blank>,Digital,Restored from the valid Channel_Key mapping
DQ-00702,CLM035500,Blank Channel,Medium,<blank>,Broker,Restored from the valid Channel_Key mapping
DQ-00703,CLM024771,Blank Channel,Medium,<blank>,Broker,Restored from the valid Channel_Key mapping
DQ-00704,CLM051340,Blank Channel,Medium,<blank>,Broker,Restored from the valid Channel_Key mapping
DQ-00705,CLM001311,Blank Channel,Medium,<blank>,Broker,Restored from the valid Channel_Key mapping
DQ-00706,CLM045730,Blank Channel,Medium,<blank>,Broker,Restored from the valid Channel_Key mapping
DQ-00707,CLM069310,Blank Channel,Medium,<blank>,Call Centre,Restored from the valid Channel_Key mapping
DQ-00708,CLM067017,Blank Channel,Medium,<blank>,Direct,Restored from the valid Channel_Key mapping
DQ-00709,CLM064471,Blank Channel,Medium,<blank>,Digital,Restored from the valid Channel_Key mapping
DQ-00710,CLM056568,Blank Channel,Medium,<blank>,Call Centre,Restored from the valid Channel_Key mapping
DQ-00711,CLM068972,Blank Channel,Medium,<blank>,Digital,Restored from the valid Channel_Key mapping
DQ-00712,CLM012595,Blank Channel,Medium,<blank>,Direct,Restored from the valid Channel_Key mapping
DQ-00713,CLM070360,Blank Channel,Medium,<blank>,Digital,Restored from the valid Channel_Key mapping
DQ-00714,CLM022315,Blank Channel,Medium,<blank>,Broker,Restored from the valid Channel_Key mapping
DQ-00715,CLM043314,Blank Channel,Medium,<blank>,Digital,Restored from the valid Channel_Key mapping
DQ-00716,CLM061283,Blank Channel,Medium,<blank>,Direct,Restored from the valid Channel_Key mapping
DQ-00717,CLM057865,Blank Channel,Medium,<blank>,Digital,Restored from the valid Channel_Key mapping
DQ-00718,CLM000591,Blank Channel,Medium,<blank>,Digital,Restored from the valid Channel_Key mapping
DQ-00719,CLM055402,Blank Channel,Medium,<blank>,Direct,Restored from the valid Channel_Key mapping
DQ-00720,CLM014310,Blank Channel,Medium,<blank>,Broker,Restored from the valid Channel_Key mapping
DQ-00721,CLM047121,Blank Channel,Medium,<blank>,Digital,Restored from the valid Channel_Key mapping
DQ-00722,CLM003431,Blank Channel,Medium,<blank>,Direct,Restored from the valid Channel_Key mapping
DQ-00723,CLM042364,Blank Channel,Medium,<blank>,Direct,Restored from the valid Channel_Key mapping
DQ-00724,CLM058369,Blank Channel,Medium,<blank>,Broker,Restored from the valid Channel_Key mapping
DQ-00725,CLM042029,Blank Channel,Medium,<blank>,Broker,Restored from the valid Channel_Key mapping
DQ-00726,CLM017024,Blank Channel,Medium,<blank>,Digital,Restored from the valid Channel_Key mapping
DQ-00727,CLM023173,Blank Channel,Medium,<blank>,Direct,Restored from the valid Channel_Key mapping
DQ-00728,CLM002305,Blank Channel,Medium,<blank>,Digital,Restored from the valid Channel_Key mapping
DQ-00729,CLM059655,Blank Channel,Medium,<blank>,Broker,Restored from the valid Channel_Key mapping
DQ-00730,CLM033613,Blank Channel,Medium,<blank>,Direct,Restored from the valid Channel_Key mapping
DQ-00731,CLM007003,Blank Channel,Medium,<blank>,Digital,Restored from the valid Channel_Key mapping
DQ-00732,CLM029823,Blank Channel,Medium,<blank>,Broker,Restored from the valid Channel_Key mapping
DQ-00733,CLM057934,Blank Channel,Medium,<blank>,Broker,Restored from the valid Channel_Key mapping
DQ-00734,CLM043865,Blank Channel,Medium,<blank>,Digital,Restored from the valid Channel_Key mapping
DQ-00735,CLM010876,Blank Channel,Medium,<blank>,Digital,Restored from the valid Channel_Key mapping
DQ-00736,CLM011596,Blank Channel,Medium,<blank>,Broker,Restored from the valid Channel_Key mapping
DQ-00737,CLM030842,Blank Channel,Medium,<blank>,Digital,Restored from the valid Channel_Key mapping
DQ-00738,CLM023462,Blank Channel,Medium,<blank>,Broker,Restored from the valid Channel_Key mapping
DQ-00739,CLM003270,Blank Channel,Medium,<blank>,Direct,Restored from the valid Channel_Key mapping
DQ-00740,CLM051680,Blank Channel,Medium,<blank>,Call Centre,Restored from the valid Channel_Key mapping
DQ-00741,CLM010818,Blank Channel,Medium,<blank>,Direct,Restored from the valid Channel_Key mapping
DQ-00742,CLM057978,Blank Channel,Medium,<blank>,Call Centre,Restored from the valid Channel_Key mapping
DQ-00743,CLM054333,Blank Channel,Medium,<blank>,Call Centre,Restored from the valid Channel_Key mapping
DQ-00744,CLM027868,Blank Channel,Medium,<blank>,Digital,Restored from the valid Channel_Key mapping
DQ-00745,CLM025440,Blank Channel,Medium,<blank>,Call Centre,Restored from the valid Channel_Key mapping
DQ-00746,CLM047521,Blank Channel,Medium,<blank>,Direct,Restored from the valid Channel_Key mapping
DQ-00747,CLM026455,Blank Channel,Medium,<blank>,Digital,Restored from the valid Channel_Key mapping
DQ-00748,CLM028774,Blank Channel,Medium,<blank>,Call Centre,Restored from the valid Channel_Key mapping
DQ-00749,CLM062163,Blank Channel,Medium,<blank>,Digital,Restored from the valid Channel_Key mapping
DQ-00750,CLM035801,Blank Channel,Medium,<blank>,Call Centre,Restored from the valid Channel_Key mapping
DQ-00751,CLM047379,Blank Channel,Medium,<blank>,Digital,Restored from the valid Channel_Key mapping
DQ-00752,CLM066827,Blank Channel,Medium,<blank>,Broker,Restored from the valid Channel_Key mapping
DQ-00753,CLM016535,Blank Channel,Medium,<blank>,Digital,Restored from the valid Channel_Key mapping
DQ-00754,CLM001564,Blank Channel,Medium,<blank>,Digital,Restored from the valid Channel_Key mapping
DQ-00755,CLM004854,Blank Channel,Medium,<blank>,Call Centre,Restored from the valid Channel_Key mapping
DQ-00756,CLM025795,Blank Channel,Medium,<blank>,Digital,Restored from the valid Channel_Key mapping
DQ-00757,CLM001400,Blank Channel,Medium,<blank>,Direct,Restored from the valid Channel_Key mapping
DQ-00758,CLM018665,Blank Channel,Medium,<blank>,Direct,Restored from the valid Channel_Key mapping
DQ-00759,CLM009703,Blank Channel,Medium,<blank>,Digital,Restored from the valid Channel_Key mapping
DQ-00760,CLM054280,Blank Channel,Medium,<blank>,Direct,Restored from the valid Channel_Key mapping
DQ-00761,CLM000684,Blank Channel,Medium,<blank>,Call Centre,Restored from the valid Channel_Key mapping
DQ-00762,CLM036028,Blank Channel,Medium,<blank>,Digital,Restored from the valid Channel_Key mapping
DQ-00763,CLM048639,Blank Channel,Medium,<blank>,Direct,Restored from the valid Channel_Key mapping
DQ-00764,CLM072017,Blank Channel,Medium,<blank>,Broker,Restored from the valid Channel_Key mapping
DQ-00765,CLM055215,Blank Channel,Medium,<blank>,Digital,Restored from the valid Channel_Key mapping
DQ-00766,CLM008691,Blank Channel,Medium,<blank>,Call Centre,Restored from the valid Channel_Key mapping
DQ-00767,CLM030927,Blank Channel,Medium,<blank>,Call Centre,Restored from the valid Channel_Key mapping
DQ-00768,CLM020931,Blank Channel,Medium,<blank>,Call Centre,Restored from the valid Channel_Key mapping
DQ-00769,CLM025646,Blank Channel,Medium,<blank>,Call Centre,Restored from the valid Channel_Key mapping
DQ-00770,CLM001462,Blank Channel,Medium,<blank>,Broker,Restored from the valid Channel_Key mapping
DQ-00771,CLM023641,Blank Channel,Medium,<blank>,Digital,Restored from the valid Channel_Key mapping
DQ-00772,CLM056792,Blank Channel,Medium,<blank>,Broker,Restored from the valid Channel_Key mapping
DQ-00773,CLM000659,Blank Channel,Medium,<blank>,Digital,Restored from the valid Channel_Key mapping
DQ-00774,CLM041937,Blank Channel,Medium,<blank>,Direct,Restored from the valid Channel_Key mapping
DQ-00775,CLM034068,Blank Channel,Medium,<blank>,Direct,Restored from the valid Channel_Key mapping
DQ-00776,CLM065231,Blank Channel,Medium,<blank>,Broker,Restored from the valid Channel_Key mapping
DQ-00777,CLM070587,Blank Channel,Medium,<blank>,Call Centre,Restored from the valid Channel_Key mapping
DQ-00778,CLM039620,Blank Channel,Medium,<blank>,Call Centre,Restored from the valid Channel_Key mapping
DQ-00779,CLM065962,Blank Channel,Medium,<blank>,Broker,Restored from the valid Channel_Key mapping
DQ-00780,CLM050299,Blank Channel,Medium,<blank>,Broker,Restored from the valid Channel_Key mapping
DQ-00781,CLM041760,Inconsistent Region Naming,Medium,gauteng,Gauteng,Standardized to the governed province name
DQ-00782,CLM008256,Inconsistent Region Naming,Medium,LIMPOPO,Limpopo,Standardized to the governed province name
DQ-00783,CLM029655,Inconsistent Region Naming,Medium,gauteng,Gauteng,Standardized to the governed province name
DQ-00784,CLM035359,Inconsistent Region Naming,Medium,Mpumalanga ,Mpumalanga,Standardized to the governed province name
DQ-00785,CLM032200,Inconsistent Region Naming,Medium,KZN,KwaZulu-Natal,Standardized to the governed province name
DQ-00786,CLM067154,Inconsistent Region Naming,Medium,Mpumalanga ,Mpumalanga,Standardized to the governed province name
DQ-00787,CLM015526,Inconsistent Region Naming,Medium,gauteng,Gauteng,Standardized to the governed province name
DQ-00788,CLM027707,Inconsistent Region Naming,Medium,North-West,North West,Standardized to the governed province name
DQ-00789,CLM022267,Inconsistent Region Naming,Medium,Northern cape,Northern Cape,Standardized to the governed province name
DQ-00790,CLM037002,Inconsistent Region Naming,Medium,Free state,Free State,Standardized to the governed province name
DQ-00791,CLM017714,Inconsistent Region Naming,Medium,Eastern cape,Eastern Cape,Standardized to the governed province name
DQ-00792,CLM047382,Inconsistent Region Naming,Medium,Mpumalanga ,Mpumalanga,Standardized to the governed province name
DQ-00793,CLM041588,Inconsistent Region Naming,Medium,KZN,KwaZulu-Natal,Standardized to the governed province name
DQ-00794,CLM046527,Inconsistent Region Naming,Medium,gauteng,Gauteng,Standardized to the governed province name
DQ-00795,CLM033367,Inconsistent Region Naming,Medium,gauteng,Gauteng,Standardized to the governed province name
DQ-00796,CLM012139,Inconsistent Region Naming,Medium,Eastern cape,Eastern Cape,Standardized to the governed province name
DQ-00797,CLM055704,Inconsistent Region Naming,Medium,Eastern cape,Eastern Cape,Standardized to the governed province name
DQ-00798,CLM035890,Inconsistent Region Naming,Medium,Eastern cape,Eastern Cape,Standardized to the governed province name
DQ-00799,CLM038127,Inconsistent Region Naming,Medium,gauteng,Gauteng,Standardized to the governed province name
DQ-00800,CLM006109,Inconsistent Region Naming,Medium,KZN,KwaZulu-Natal,Standardized to the governed province name
DQ-00801,CLM055953,Inconsistent Region Naming,Medium,KZN,KwaZulu-Natal,Standardized to the governed province name
DQ-00802,CLM036730,Inconsistent Region Naming,Medium,Eastern cape,Eastern Cape,Standardized to the governed province name
DQ-00803,CLM022836,Inconsistent Region Naming,Medium,gauteng,Gauteng,Standardized to the governed province name
DQ-00804,CLM001006,Inconsistent Region Naming,Medium,gauteng,Gauteng,Standardized to the governed province name
DQ-00805,CLM029452,Inconsistent Region Naming,Medium,Eastern cape,Eastern Cape,Standardized to the governed province name
DQ-00806,CLM026153,Inconsistent Region Naming,Medium,LIMPOPO,Limpopo,Standardized to the governed province name
DQ-00807,CLM071449,Inconsistent Region Naming,Medium,Mpumalanga ,Mpumalanga,Standardized to the governed province name
DQ-00808,CLM001751,Inconsistent Region Naming,Medium,Western cape,Western Cape,Standardized to the governed province name
DQ-00809,CLM042245,Inconsistent Region Naming,Medium,gauteng,Gauteng,Standardized to the governed province name
DQ-00810,CLM004485,Inconsistent Region Naming,Medium,gauteng,Gauteng,Standardized to the governed province name
DQ-00811,CLM032694,Inconsistent Region Naming,Medium,Free state,Free State,Standardized to the governed province name
DQ-00812,CLM044983,Inconsistent Region Naming,Medium,gauteng,Gauteng,Standardized to the governed province name
DQ-00813,CLM031085,Inconsistent Region Naming,Medium,gauteng,Gauteng,Standardized to the governed province name
DQ-00814,CLM065682,Inconsistent Region Naming,Medium,Free state,Free State,Standardized to the governed province name
DQ-00815,CLM067929,Inconsistent Region Naming,Medium,Mpumalanga ,Mpumalanga,Standardized to the governed province name
DQ-00816,CLM052035,Inconsistent Region Naming,Medium,Mpumalanga ,Mpumalanga,Standardized to the governed province name
DQ-00817,CLM049759,Inconsistent Region Naming,Medium,Western cape,Western Cape,Standardized to the governed province name
DQ-00818,CLM059297,Inconsistent Region Naming,Medium,KZN,KwaZulu-Natal,Standardized to the governed province name
DQ-00819,CLM045059,Inconsistent Region Naming,Medium,North-West,North West,Standardized to the governed province name
DQ-00820,CLM004751,Inconsistent Region Naming,Medium,KZN,KwaZulu-Natal,Standardized to the governed province name
DQ-00821,CLM041972,Inconsistent Region Naming,Medium,Western cape,Western Cape,Standardized to the governed province name
DQ-00822,CLM026856,Inconsistent Region Naming,Medium,KZN,KwaZulu-Natal,Standardized to the governed province name
DQ-00823,CLM034127,Inconsistent Region Naming,Medium,Western cape,Western Cape,Standardized to the governed province name
DQ-00824,CLM027834,Inconsistent Region Naming,Medium,KZN,KwaZulu-Natal,Standardized to the governed province name
DQ-00825,CLM017946,Inconsistent Region Naming,Medium,Western cape,Western Cape,Standardized to the governed province name
DQ-00826,CLM032294,Inconsistent Region Naming,Medium,Mpumalanga ,Mpumalanga,Standardized to the governed province name
DQ-00827,CLM025568,Inconsistent Region Naming,Medium,KZN,KwaZulu-Natal,Standardized to the governed province name
DQ-00828,CLM033149,Inconsistent Region Naming,Medium,KZN,KwaZulu-Natal,Standardized to the governed province name
DQ-00829,CLM047742,Inconsistent Region Naming,Medium,LIMPOPO,Limpopo,Standardized to the governed province name
DQ-00830,CLM029420,Inconsistent Region Naming,Medium,LIMPOPO,Limpopo,Standardized to the governed province name
DQ-00831,CLM064917,Inconsistent Region Naming,Medium,Mpumalanga ,Mpumalanga,Standardized to the governed province name
DQ-00832,CLM013174,Inconsistent Region Naming,Medium,LIMPOPO,Limpopo,Standardized to the governed province name
DQ-00833,CLM062828,Inconsistent Region Naming,Medium,gauteng,Gauteng,Standardized to the governed province name
DQ-00834,CLM068292,Inconsistent Region Naming,Medium,gauteng,Gauteng,Standardized to the governed province name
DQ-00835,CLM070115,Inconsistent Region Naming,Medium,KZN,KwaZulu-Natal,Standardized to the governed province name
DQ-00836,CLM067846,Inconsistent Region Naming,Medium,LIMPOPO,Limpopo,Standardized to the governed province name
DQ-00837,CLM044303,Inconsistent Region Naming,Medium,Western cape,Western Cape,Standardized to the governed province name
DQ-00838,CLM071464,Inconsistent Region Naming,Medium,gauteng,Gauteng,Standardized to the governed province name
DQ-00839,CLM042162,Inconsistent Region Naming,Medium,Mpumalanga ,Mpumalanga,Standardized to the governed province name
DQ-00840,CLM003617,Inconsistent Region Naming,Medium,gauteng,Gauteng,Standardized to the governed province name
DQ-00841,CLM067717,Inconsistent Region Naming,Medium,Mpumalanga ,Mpumalanga,Standardized to the governed province name
DQ-00842,CLM030137,Inconsistent Region Naming,Medium,North-West,North West,Standardized to the governed province name
DQ-00843,CLM035438,Inconsistent Region Naming,Medium,Eastern cape,Eastern Cape,Standardized to the governed province name
DQ-00844,CLM014961,Inconsistent Region Naming,Medium,Eastern cape,Eastern Cape,Standardized to the governed province name
DQ-00845,CLM015899,Inconsistent Region Naming,Medium,Western cape,Western Cape,Standardized to the governed province name
DQ-00846,CLM050420,Inconsistent Region Naming,Medium,North-West,North West,Standardized to the governed province name
DQ-00847,CLM023366,Inconsistent Region Naming,Medium,KZN,KwaZulu-Natal,Standardized to the governed province name
DQ-00848,CLM033739,Inconsistent Region Naming,Medium,gauteng,Gauteng,Standardized to the governed province name
DQ-00849,CLM013697,Inconsistent Region Naming,Medium,Western cape,Western Cape,Standardized to the governed province name
DQ-00850,CLM001578,Inconsistent Region Naming,Medium,gauteng,Gauteng,Standardized to the governed province name
DQ-00851,CLM005020,Inconsistent Region Naming,Medium,Western cape,Western Cape,Standardized to the governed province name
DQ-00852,CLM030652,Inconsistent Region Naming,Medium,North-West,North West,Standardized to the governed province name
DQ-00853,CLM050368,Inconsistent Region Naming,Medium,Mpumalanga ,Mpumalanga,Standardized to the governed province name
DQ-00854,CLM003110,Inconsistent Region Naming,Medium,LIMPOPO,Limpopo,Standardized to the governed province name
DQ-00855,CLM026515,Inconsistent Region Naming,Medium,Eastern cape,Eastern Cape,Standardized to the governed province name
DQ-00856,CLM058669,Inconsistent Region Naming,Medium,LIMPOPO,Limpopo,Standardized to the governed province name
DQ-00857,CLM035462,Inconsistent Region Naming,Medium,Mpumalanga ,Mpumalanga,Standardized to the governed province name
DQ-00858,CLM022699,Inconsistent Region Naming,Medium,gauteng,Gauteng,Standardized to the governed province name
DQ-00859,CLM054065,Inconsistent Region Naming,Medium,KZN,KwaZulu-Natal,Standardized to the governed province name
DQ-00860,CLM006605,Inconsistent Region Naming,Medium,Western cape,Western Cape,Standardized to the governed province name
DQ-00861,CLM054433,Inconsistent Region Naming,Medium,KZN,KwaZulu-Natal,Standardized to the governed province name
DQ-00862,CLM044675,Inconsistent Region Naming,Medium,Western cape,Western Cape,Standardized to the governed province name
DQ-00863,CLM022651,Inconsistent Region Naming,Medium,LIMPOPO,Limpopo,Standardized to the governed province name
DQ-00864,CLM018659,Inconsistent Region Naming,Medium,gauteng,Gauteng,Standardized to the governed province name
DQ-00865,CLM046264,Inconsistent Region Naming,Medium,KZN,KwaZulu-Natal,Standardized to the governed province name
DQ-00866,CLM047212,Inconsistent Region Naming,Medium,Eastern cape,Eastern Cape,Standardized to the governed province name
DQ-00867,CLM030853,Inconsistent Region Naming,Medium,LIMPOPO,Limpopo,Standardized to the governed province name
DQ-00868,CLM029047,Inconsistent Region Naming,Medium,gauteng,Gauteng,Standardized to the governed province name
DQ-00869,CLM015794,Inconsistent Region Naming,Medium,Eastern cape,Eastern Cape,Standardized to the governed province name
DQ-00870,CLM018120,Inconsistent Region Naming,Medium,Eastern cape,Eastern Cape,Standardized to the governed province name
DQ-00871,CLM053961,Inconsistent Region Naming,Medium,Western cape,Western Cape,Standardized to the governed province name
DQ-00872,CLM053609,Inconsistent Region Naming,Medium,Eastern cape,Eastern Cape,Standardized to the governed province name
DQ-00873,CLM072031,Inconsistent Region Naming,Medium,Free state,Free State,Standardized to the governed province name
DQ-00874,CLM005280,Inconsistent Region Naming,Medium,Eastern cape,Eastern Cape,Standardized to the governed province name
DQ-00875,CLM053021,Inconsistent Region Naming,Medium,Eastern cape,Eastern Cape,Standardized to the governed province name
DQ-00876,CLM028671,Inconsistent Region Naming,Medium,KZN,KwaZulu-Natal,Standardized to the governed province name
DQ-00877,CLM043672,Inconsistent Region Naming,Medium,Mpumalanga ,Mpumalanga,Standardized to the governed province name
DQ-00878,CLM031137,Inconsistent Region Naming,Medium,Eastern cape,Eastern Cape,Standardized to the governed province name
DQ-00879,CLM039730,Inconsistent Region Naming,Medium,Mpumalanga ,Mpumalanga,Standardized to the governed province name
DQ-00880,CLM051201,Inconsistent Region Naming,Medium,gauteng,Gauteng,Standardized to the governed province name
DQ-00881,CLM010841,Inconsistent Region Naming,Medium,Northern cape,Northern Cape,Standardized to the governed province name
DQ-00882,CLM010205,Inconsistent Region Naming,Medium,North-West,North West,Standardized to the governed province name
DQ-00883,CLM049235,Inconsistent Region Naming,Medium,Eastern cape,Eastern Cape,Standardized to the governed province name
DQ-00884,CLM040190,Inconsistent Region Naming,Medium,Western cape,Western Cape,Standardized to the governed province name
DQ-00885,CLM019113,Inconsistent Region Naming,Medium,KZN,KwaZulu-Natal,Standardized to the governed province name
DQ-00886,CLM027583,Inconsistent Region Naming,Medium,Western cape,Western Cape,Standardized to the governed province name
DQ-00887,CLM054905,Inconsistent Region Naming,Medium,North-West,North West,Standardized to the governed province name
DQ-00888,CLM004968,Inconsistent Region Naming,Medium,LIMPOPO,Limpopo,Standardized to the governed province name
DQ-00889,CLM015615,Inconsistent Region Naming,Medium,gauteng,Gauteng,Standardized to the governed province name
DQ-00890,CLM072304,Inconsistent Region Naming,Medium,gauteng,Gauteng,Standardized to the governed province name
DQ-00891,CLM037876,Inconsistent Region Naming,Medium,gauteng,Gauteng,Standardized to the governed province name
DQ-00892,CLM003811,Inconsistent Region Naming,Medium,gauteng,Gauteng,Standardized to the governed province name
DQ-00893,CLM046037,Inconsistent Region Naming,Medium,KZN,KwaZulu-Natal,Standardized to the governed province name
DQ-00894,CLM048532,Inconsistent Region Naming,Medium,LIMPOPO,Limpopo,Standardized to the governed province name
DQ-00895,CLM028587,Inconsistent Region Naming,Medium,Western cape,Western Cape,Standardized to the governed province name
DQ-00896,CLM034013,Inconsistent Region Naming,Medium,Western cape,Western Cape,Standardized to the governed province name
DQ-00897,CLM046765,Inconsistent Region Naming,Medium,gauteng,Gauteng,Standardized to the governed province name
DQ-00898,CLM032375,Inconsistent Region Naming,Medium,Mpumalanga ,Mpumalanga,Standardized to the governed province name
DQ-00899,CLM072987,Inconsistent Region Naming,Medium,Western cape,Western Cape,Standardized to the governed province name
DQ-00900,CLM019316,Inconsistent Region Naming,Medium,Western cape,Western Cape,Standardized to the governed province name
DQ-00901,CLM009884,Inconsistent Region Naming,Medium,Eastern cape,Eastern Cape,Standardized to the governed province name
DQ-00902,CLM068860,Inconsistent Region Naming,Medium,Mpumalanga ,Mpumalanga,Standardized to the governed province name
DQ-00903,CLM046303,Inconsistent Region Naming,Medium,Mpumalanga ,Mpumalanga,Standardized to the governed province name
DQ-00904,CLM040682,Inconsistent Region Naming,Medium,Western cape,Western Cape,Standardized to the governed province name
DQ-00905,CLM059612,Inconsistent Region Naming,Medium,North-West,North West,Standardized to the governed province name
DQ-00906,CLM014994,Inconsistent Region Naming,Medium,North-West,North West,Standardized to the governed province name
DQ-00907,CLM058059,Inconsistent Region Naming,Medium,North-West,North West,Standardized to the governed province name
DQ-00908,CLM052072,Inconsistent Region Naming,Medium,Western cape,Western Cape,Standardized to the governed province name
DQ-00909,CLM070188,Inconsistent Region Naming,Medium,Western cape,Western Cape,Standardized to the governed province name
DQ-00910,CLM002232,Inconsistent Region Naming,Medium,gauteng,Gauteng,Standardized to the governed province name
DQ-00911,CLM026890,Inconsistent Region Naming,Medium,gauteng,Gauteng,Standardized to the governed province name
DQ-00912,CLM073467,Inconsistent Region Naming,Medium,KZN,KwaZulu-Natal,Standardized to the governed province name
DQ-00913,CLM024326,Inconsistent Region Naming,Medium,Western cape,Western Cape,Standardized to the governed province name
DQ-00914,CLM016528,Inconsistent Region Naming,Medium,Western cape,Western Cape,Standardized to the governed province name
DQ-00915,CLM016016,Inconsistent Region Naming,Medium,LIMPOPO,Limpopo,Standardized to the governed province name
DQ-00916,CLM013157,Inconsistent Region Naming,Medium,Western cape,Western Cape,Standardized to the governed province name
DQ-00917,CLM066413,Inconsistent Region Naming,Medium,KZN,KwaZulu-Natal,Standardized to the governed province name
DQ-00918,CLM069019,Inconsistent Region Naming,Medium,Eastern cape,Eastern Cape,Standardized to the governed province name
DQ-00919,CLM000976,Inconsistent Region Naming,Medium,gauteng,Gauteng,Standardized to the governed province name
DQ-00920,CLM048978,Inconsistent Region Naming,Medium,Western cape,Western Cape,Standardized to the governed province name
DQ-00921,CLM037512,Inconsistent Region Naming,Medium,LIMPOPO,Limpopo,Standardized to the governed province name
DQ-00922,CLM059901,Inconsistent Region Naming,Medium,Eastern cape,Eastern Cape,Standardized to the governed province name
DQ-00923,CLM061551,Inconsistent Region Naming,Medium,Eastern cape,Eastern Cape,Standardized to the governed province name
DQ-00924,CLM034397,Inconsistent Region Naming,Medium,Mpumalanga ,Mpumalanga,Standardized to the governed province name
DQ-00925,CLM065406,Inconsistent Region Naming,Medium,Free state,Free State,Standardized to the governed province name
DQ-00926,CLM041875,Inconsistent Region Naming,Medium,LIMPOPO,Limpopo,Standardized to the governed province name
DQ-00927,CLM074985,Inconsistent Region Naming,Medium,Free state,Free State,Standardized to the governed province name
DQ-00928,CLM027770,Inconsistent Region Naming,Medium,Western cape,Western Cape,Standardized to the governed province name
DQ-00929,CLM001218,Inconsistent Region Naming,Medium,Free state,Free State,Standardized to the governed province name
DQ-00930,CLM073476,Inconsistent Region Naming,Medium,Northern cape,Northern Cape,Standardized to the governed province name
DQ-00931,CLM037679,Inconsistent Region Naming,Medium,gauteng,Gauteng,Standardized to the governed province name
DQ-00932,CLM043170,Inconsistent Region Naming,Medium,Western cape,Western Cape,Standardized to the governed province name
DQ-00933,CLM005019,Inconsistent Region Naming,Medium,gauteng,Gauteng,Standardized to the governed province name
DQ-00934,CLM062461,Inconsistent Region Naming,Medium,Western cape,Western Cape,Standardized to the governed province name
DQ-00935,CLM011851,Inconsistent Region Naming,Medium,KZN,KwaZulu-Natal,Standardized to the governed province name
DQ-00936,CLM048231,Inconsistent Region Naming,Medium,North-West,North West,Standardized to the governed province name
DQ-00937,CLM005919,Inconsistent Region Naming,Medium,Eastern cape,Eastern Cape,Standardized to the governed province name
DQ-00938,CLM004087,Inconsistent Region Naming,Medium,Western cape,Western Cape,Standardized to the governed province name
DQ-00939,CLM037738,Inconsistent Region Naming,Medium,gauteng,Gauteng,Standardized to the governed province name
DQ-00940,CLM013570,Inconsistent Region Naming,Medium,LIMPOPO,Limpopo,Standardized to the governed province name
DQ-00941,CLM028656,Inconsistent Region Naming,Medium,gauteng,Gauteng,Standardized to the governed province name
DQ-00942,CLM037700,Inconsistent Region Naming,Medium,KZN,KwaZulu-Natal,Standardized to the governed province name
DQ-00943,CLM031015,Inconsistent Region Naming,Medium,North-West,North West,Standardized to the governed province name
DQ-00944,CLM030907,Inconsistent Region Naming,Medium,Western cape,Western Cape,Standardized to the governed province name
DQ-00945,CLM002524,Inconsistent Region Naming,Medium,Eastern cape,Eastern Cape,Standardized to the governed province name
DQ-00946,CLM044643,Inconsistent Region Naming,Medium,KZN,KwaZulu-Natal,Standardized to the governed province name
DQ-00947,CLM025815,Inconsistent Region Naming,Medium,Eastern cape,Eastern Cape,Standardized to the governed province name
DQ-00948,CLM018628,Inconsistent Region Naming,Medium,Mpumalanga ,Mpumalanga,Standardized to the governed province name
DQ-00949,CLM019318,Inconsistent Region Naming,Medium,gauteng,Gauteng,Standardized to the governed province name
DQ-00950,CLM010202,Inconsistent Region Naming,Medium,Western cape,Western Cape,Standardized to the governed province name
DQ-00951,CLM027716,Inconsistent Region Naming,Medium,gauteng,Gauteng,Standardized to the governed province name
DQ-00952,CLM031828,Inconsistent Region Naming,Medium,Western cape,Western Cape,Standardized to the governed province name
DQ-00953,CLM066366,Inconsistent Region Naming,Medium,KZN,KwaZulu-Natal,Standardized to the governed province name
DQ-00954,CLM046255,Inconsistent Region Naming,Medium,Western cape,Western Cape,Standardized to the governed province name
DQ-00955,CLM056988,Inconsistent Region Naming,Medium,Western cape,Western Cape,Standardized to the governed province name
DQ-00956,CLM023434,Inconsistent Region Naming,Medium,Western cape,Western Cape,Standardized to the governed province name
DQ-00957,CLM032911,Inconsistent Region Naming,Medium,gauteng,Gauteng,Standardized to the governed province name
DQ-00958,CLM031172,Inconsistent Region Naming,Medium,gauteng,Gauteng,Standardized to the governed province name
DQ-00959,CLM004201,Inconsistent Region Naming,Medium,Free state,Free State,Standardized to the governed province name
DQ-00960,CLM071673,Inconsistent Region Naming,Medium,Western cape,Western Cape,Standardized to the governed province name
DQ-00961,CLM043734,Inconsistent Region Naming,Medium,Western cape,Western Cape,Standardized to the governed province name
DQ-00962,CLM008606,Inconsistent Region Naming,Medium,KZN,KwaZulu-Natal,Standardized to the governed province name
DQ-00963,CLM059039,Inconsistent Region Naming,Medium,gauteng,Gauteng,Standardized to the governed province name
DQ-00964,CLM017626,Inconsistent Region Naming,Medium,gauteng,Gauteng,Standardized to the governed province name
DQ-00965,CLM046713,Inconsistent Region Naming,Medium,KZN,KwaZulu-Natal,Standardized to the governed province name
DQ-00966,CLM011750,Inconsistent Region Naming,Medium,Western cape,Western Cape,Standardized to the governed province name
DQ-00967,CLM061869,Inconsistent Region Naming,Medium,gauteng,Gauteng,Standardized to the governed province name
DQ-00968,CLM047722,Inconsistent Region Naming,Medium,gauteng,Gauteng,Standardized to the governed province name
DQ-00969,CLM000071,Inconsistent Region Naming,Medium,North-West,North West,Standardized to the governed province name
DQ-00970,CLM070633,Inconsistent Region Naming,Medium,gauteng,Gauteng,Standardized to the governed province name
DQ-00971,CLM002996,Inconsistent Region Naming,Medium,Western cape,Western Cape,Standardized to the governed province name
DQ-00972,CLM053199,Inconsistent Region Naming,Medium,Western cape,Western Cape,Standardized to the governed province name
DQ-00973,CLM046306,Inconsistent Region Naming,Medium,KZN,KwaZulu-Natal,Standardized to the governed province name
DQ-00974,CLM073745,Inconsistent Region Naming,Medium,Western cape,Western Cape,Standardized to the governed province name
DQ-00975,CLM006509,Inconsistent Region Naming,Medium,Eastern cape,Eastern Cape,Standardized to the governed province name
DQ-00976,CLM030963,Inconsistent Region Naming,Medium,KZN,KwaZulu-Natal,Standardized to the governed province name
DQ-00977,CLM048771,Inconsistent Region Naming,Medium,Eastern cape,Eastern Cape,Standardized to the governed province name
DQ-00978,CLM071315,Inconsistent Region Naming,Medium,KZN,KwaZulu-Natal,Standardized to the governed province name
DQ-00979,CLM013917,Inconsistent Region Naming,Medium,Western cape,Western Cape,Standardized to the governed province name
DQ-00980,CLM029500,Inconsistent Region Naming,Medium,Free state,Free State,Standardized to the governed province name
DQ-00981,CLM035006,Inconsistent Region Naming,Medium,Western cape,Western Cape,Standardized to the governed province name
DQ-00982,CLM023215,Inconsistent Region Naming,Medium,KZN,KwaZulu-Natal,Standardized to the governed province name
DQ-00983,CLM054368,Inconsistent Region Naming,Medium,North-West,North West,Standardized to the governed province name
DQ-00984,CLM038411,Inconsistent Region Naming,Medium,LIMPOPO,Limpopo,Standardized to the governed province name
DQ-00985,CLM033408,Inconsistent Region Naming,Medium,gauteng,Gauteng,Standardized to the governed province name
DQ-00986,CLM016866,Inconsistent Region Naming,Medium,Mpumalanga ,Mpumalanga,Standardized to the governed province name
DQ-00987,CLM057239,Inconsistent Region Naming,Medium,gauteng,Gauteng,Standardized to the governed province name
DQ-00988,CLM031499,Inconsistent Region Naming,Medium,KZN,KwaZulu-Natal,Standardized to the governed province name
DQ-00989,CLM001211,Inconsistent Region Naming,Medium,Free state,Free State,Standardized to the governed province name
DQ-00990,CLM022509,Inconsistent Region Naming,Medium,Mpumalanga ,Mpumalanga,Standardized to the governed province name
DQ-00991,CLM071796,Inconsistent Region Naming,Medium,gauteng,Gauteng,Standardized to the governed province name
DQ-00992,CLM032881,Inconsistent Region Naming,Medium,LIMPOPO,Limpopo,Standardized to the governed province name
DQ-00993,CLM002183,Inconsistent Region Naming,Medium,North-West,North West,Standardized to the governed province name
DQ-00994,CLM066404,Inconsistent Region Naming,Medium,Western cape,Western Cape,Standardized to the governed province name
DQ-00995,CLM057181,Inconsistent Region Naming,Medium,gauteng,Gauteng,Standardized to the governed province name
DQ-00996,CLM050487,Inconsistent Region Naming,Medium,gauteng,Gauteng,Standardized to the governed province name
DQ-00997,CLM067907,Inconsistent Region Naming,Medium,Western cape,Western Cape,Standardized to the governed province name
DQ-00998,CLM067636,Inconsistent Region Naming,Medium,Western cape,Western Cape,Standardized to the governed province name
DQ-00999,CLM036930,Inconsistent Region Naming,Medium,KZN,KwaZulu-Natal,Standardized to the governed province name
DQ-01000,CLM001178,Inconsistent Region Naming,Medium,KZN,KwaZulu-Natal,Standardized to the governed province name
DQ-01001,CLM023533,Inconsistent Region Naming,Medium,North-West,North West,Standardized to the governed province name
DQ-01002,CLM017797,Inconsistent Region Naming,Medium,Western cape,Western Cape,Standardized to the governed province name
DQ-01003,CLM013502,Inconsistent Region Naming,Medium,gauteng,Gauteng,Standardized to the governed province name
DQ-01004,CLM010770,Inconsistent Region Naming,Medium,North-West,North West,Standardized to the governed province name
DQ-01005,CLM057648,Inconsistent Region Naming,Medium,gauteng,Gauteng,Standardized to the governed province name
DQ-01006,CLM042448,Inconsistent Region Naming,Medium,gauteng,Gauteng,Standardized to the governed province name
DQ-01007,CLM007159,Inconsistent Region Naming,Medium,KZN,KwaZulu-Natal,Standardized to the governed province name
DQ-01008,CLM046254,Inconsistent Region Naming,Medium,gauteng,Gauteng,Standardized to the governed province name
DQ-01009,CLM062755,Inconsistent Region Naming,Medium,Mpumalanga ,Mpumalanga,Standardized to the governed province name
DQ-01010,CLM035477,Inconsistent Region Naming,Medium,gauteng,Gauteng,Standardized to the governed province name
DQ-01011,CLM025179,Inconsistent Region Naming,Medium,Eastern cape,Eastern Cape,Standardized to the governed province name
DQ-01012,CLM051527,Inconsistent Region Naming,Medium,gauteng,Gauteng,Standardized to the governed province name
DQ-01013,CLM028326,Inconsistent Region Naming,Medium,Western cape,Western Cape,Standardized to the governed province name
DQ-01014,CLM067569,Inconsistent Region Naming,Medium,gauteng,Gauteng,Standardized to the governed province name
DQ-01015,CLM007905,Inconsistent Region Naming,Medium,gauteng,Gauteng,Standardized to the governed province name
DQ-01016,CLM043041,Inconsistent Region Naming,Medium,Eastern cape,Eastern Cape,Standardized to the governed province name
DQ-01017,CLM017348,Inconsistent Region Naming,Medium,gauteng,Gauteng,Standardized to the governed province name
DQ-01018,CLM035761,Inconsistent Region Naming,Medium,gauteng,Gauteng,Standardized to the governed province name
DQ-01019,CLM029516,Inconsistent Region Naming,Medium,KZN,KwaZulu-Natal,Standardized to the governed province name
DQ-01020,CLM044035,Inconsistent Region Naming,Medium,gauteng,Gauteng,Standardized to the governed province name
DQ-01021,CLM033062,Inconsistent Region Naming,Medium,Northern cape,Northern Cape,Standardized to the governed province name
DQ-01022,CLM001868,Inconsistent Region Naming,Medium,gauteng,Gauteng,Standardized to the governed province name
DQ-01023,CLM013931,Inconsistent Region Naming,Medium,KZN,KwaZulu-Natal,Standardized to the governed province name
DQ-01024,CLM062474,Inconsistent Region Naming,Medium,gauteng,Gauteng,Standardized to the governed province name
DQ-01025,CLM017733,Inconsistent Region Naming,Medium,Mpumalanga ,Mpumalanga,Standardized to the governed province name
DQ-01026,CLM056131,Inconsistent Region Naming,Medium,gauteng,Gauteng,Standardized to the governed province name
DQ-01027,CLM056528,Inconsistent Region Naming,Medium,Free state,Free State,Standardized to the governed province name
DQ-01028,CLM049963,Inconsistent Region Naming,Medium,Western cape,Western Cape,Standardized to the governed province name
DQ-01029,CLM046699,Inconsistent Region Naming,Medium,Western cape,Western Cape,Standardized to the governed province name
DQ-01030,CLM025857,Inconsistent Region Naming,Medium,gauteng,Gauteng,Standardized to the governed province name
DQ-01031,CLM014799,Inconsistent Claim Status,Medium,settled,Settled,Mapped to the controlled status vocabulary
DQ-01032,CLM053986,Inconsistent Claim Status,Medium,settled,Settled,Mapped to the controlled status vocabulary
DQ-01033,CLM056444,Inconsistent Claim Status,Medium,Awaiting docs,Awaiting Documents,Mapped to the controlled status vocabulary
DQ-01034,CLM029199,Inconsistent Claim Status,Medium,closed,Closed,Mapped to the controlled status vocabulary
DQ-01035,CLM011706,Inconsistent Claim Status,Medium,Awaiting supplier,Awaiting Supplier,Mapped to the controlled status vocabulary
DQ-01036,CLM024092,Inconsistent Claim Status,Medium,settled,Settled,Mapped to the controlled status vocabulary
DQ-01037,CLM017330,Inconsistent Claim Status,Medium,settled,Settled,Mapped to the controlled status vocabulary
DQ-01038,CLM063471,Inconsistent Claim Status,Medium,settled,Settled,Mapped to the controlled status vocabulary
DQ-01039,CLM074828,Inconsistent Claim Status,Medium,settled,Settled,Mapped to the controlled status vocabulary
DQ-01040,CLM033177,Inconsistent Claim Status,Medium,settled,Settled,Mapped to the controlled status vocabulary
DQ-01041,CLM052743,Inconsistent Claim Status,Medium,closed,Closed,Mapped to the controlled status vocabulary
DQ-01042,CLM054001,Inconsistent Claim Status,Medium,settled,Settled,Mapped to the controlled status vocabulary
DQ-01043,CLM053276,Inconsistent Claim Status,Medium,settled,Settled,Mapped to the controlled status vocabulary
DQ-01044,CLM011446,Inconsistent Claim Status,Medium,closed,Closed,Mapped to the controlled status vocabulary
DQ-01045,CLM063535,Inconsistent Claim Status,Medium,settled,Settled,Mapped to the controlled status vocabulary
DQ-01046,CLM067002,Inconsistent Claim Status,Medium,Awaiting docs,Awaiting Documents,Mapped to the controlled status vocabulary
DQ-01047,CLM017613,Inconsistent Claim Status,Medium,settled,Settled,Mapped to the controlled status vocabulary
DQ-01048,CLM074973,Inconsistent Claim Status,Medium,settled,Settled,Mapped to the controlled status vocabulary
DQ-01049,CLM050078,Inconsistent Claim Status,Medium,Awaiting docs,Awaiting Documents,Mapped to the controlled status vocabulary
DQ-01050,CLM013685,Inconsistent Claim Status,Medium,closed,Closed,Mapped to the controlled status vocabulary
DQ-01051,CLM050077,Inconsistent Claim Status,Medium,settled,Settled,Mapped to the controlled status vocabulary
DQ-01052,CLM005760,Inconsistent Claim Status,Medium,settled,Settled,Mapped to the controlled status vocabulary
DQ-01053,CLM043747,Inconsistent Claim Status,Medium,APPROVED,Approved,Mapped to the controlled status vocabulary
DQ-01054,CLM042993,Inconsistent Claim Status,Medium,APPROVED,Approved,Mapped to the controlled status vocabulary
DQ-01055,CLM050840,Inconsistent Claim Status,Medium,closed,Closed,Mapped to the controlled status vocabulary
DQ-01056,CLM068947,Inconsistent Claim Status,Medium,Awaiting supplier,Awaiting Supplier,Mapped to the controlled status vocabulary
DQ-01057,CLM060967,Inconsistent Claim Status,Medium,assessment,Assessment,Mapped to the controlled status vocabulary
DQ-01058,CLM009234,Inconsistent Claim Status,Medium,settled,Settled,Mapped to the controlled status vocabulary
DQ-01059,CLM008233,Inconsistent Claim Status,Medium,settled,Settled,Mapped to the controlled status vocabulary
DQ-01060,CLM015601,Inconsistent Claim Status,Medium,settled,Settled,Mapped to the controlled status vocabulary
DQ-01061,CLM051071,Inconsistent Claim Status,Medium,settled,Settled,Mapped to the controlled status vocabulary
DQ-01062,CLM003721,Inconsistent Claim Status,Medium,under investigation,Under Investigation,Mapped to the controlled status vocabulary
DQ-01063,CLM019219,Inconsistent Claim Status,Medium,settled,Settled,Mapped to the controlled status vocabulary
DQ-01064,CLM054237,Inconsistent Claim Status,Medium,closed,Closed,Mapped to the controlled status vocabulary
DQ-01065,CLM068479,Inconsistent Claim Status,Medium,settled,Settled,Mapped to the controlled status vocabulary
DQ-01066,CLM041926,Inconsistent Claim Status,Medium,settled,Settled,Mapped to the controlled status vocabulary
DQ-01067,CLM029947,Inconsistent Claim Status,Medium,closed,Closed,Mapped to the controlled status vocabulary
DQ-01068,CLM059381,Inconsistent Claim Status,Medium,REJECTED,Rejected,Mapped to the controlled status vocabulary
DQ-01069,CLM060415,Inconsistent Claim Status,Medium,settled,Settled,Mapped to the controlled status vocabulary
DQ-01070,CLM037497,Inconsistent Claim Status,Medium,closed,Closed,Mapped to the controlled status vocabulary
DQ-01071,CLM017304,Inconsistent Claim Status,Medium,closed,Closed,Mapped to the controlled status vocabulary
DQ-01072,CLM051274,Inconsistent Claim Status,Medium,closed,Closed,Mapped to the controlled status vocabulary
DQ-01073,CLM021896,Inconsistent Claim Status,Medium,settled,Settled,Mapped to the controlled status vocabulary
DQ-01074,CLM005418,Inconsistent Claim Status,Medium,REJECTED,Rejected,Mapped to the controlled status vocabulary
DQ-01075,CLM062889,Inconsistent Claim Status,Medium,settled,Settled,Mapped to the controlled status vocabulary
DQ-01076,CLM047771,Inconsistent Claim Status,Medium,settled,Settled,Mapped to the controlled status vocabulary
DQ-01077,CLM050726,Inconsistent Claim Status,Medium,closed,Closed,Mapped to the controlled status vocabulary
DQ-01078,CLM009176,Inconsistent Claim Status,Medium,Awaiting docs,Awaiting Documents,Mapped to the controlled status vocabulary
DQ-01079,CLM024190,Inconsistent Claim Status,Medium,closed,Closed,Mapped to the controlled status vocabulary
DQ-01080,CLM010377,Inconsistent Claim Status,Medium,settled,Settled,Mapped to the controlled status vocabulary
DQ-01081,CLM058792,Inconsistent Claim Status,Medium,assessment,Assessment,Mapped to the controlled status vocabulary
DQ-01082,CLM012284,Inconsistent Claim Status,Medium,closed,Closed,Mapped to the controlled status vocabulary
DQ-01083,CLM058332,Inconsistent Claim Status,Medium,settled,Settled,Mapped to the controlled status vocabulary
DQ-01084,CLM016079,Inconsistent Claim Status,Medium,settled,Settled,Mapped to the controlled status vocabulary
DQ-01085,CLM003558,Inconsistent Claim Status,Medium,settled,Settled,Mapped to the controlled status vocabulary
DQ-01086,CLM060473,Inconsistent Claim Status,Medium,REJECTED,Rejected,Mapped to the controlled status vocabulary
DQ-01087,CLM000249,Inconsistent Claim Status,Medium,settled,Settled,Mapped to the controlled status vocabulary
DQ-01088,CLM006678,Inconsistent Claim Status,Medium,settled,Settled,Mapped to the controlled status vocabulary
DQ-01089,CLM056989,Inconsistent Claim Status,Medium,settled,Settled,Mapped to the controlled status vocabulary
DQ-01090,CLM039942,Inconsistent Claim Status,Medium,closed,Closed,Mapped to the controlled status vocabulary
DQ-01091,CLM040761,Inconsistent Claim Status,Medium,REJECTED,Rejected,Mapped to the controlled status vocabulary
DQ-01092,CLM024679,Inconsistent Claim Status,Medium,settled,Settled,Mapped to the controlled status vocabulary
DQ-01093,CLM006945,Inconsistent Claim Status,Medium,closed,Closed,Mapped to the controlled status vocabulary
DQ-01094,CLM058296,Inconsistent Claim Status,Medium,REJECTED,Rejected,Mapped to the controlled status vocabulary
DQ-01095,CLM017021,Inconsistent Claim Status,Medium,closed,Closed,Mapped to the controlled status vocabulary
DQ-01096,CLM069786,Inconsistent Claim Status,Medium,settled,Settled,Mapped to the controlled status vocabulary
DQ-01097,CLM002324,Inconsistent Claim Status,Medium,settled,Settled,Mapped to the controlled status vocabulary
DQ-01098,CLM051729,Inconsistent Claim Status,Medium,settled,Settled,Mapped to the controlled status vocabulary
DQ-01099,CLM042651,Inconsistent Claim Status,Medium,settled,Settled,Mapped to the controlled status vocabulary
DQ-01100,CLM059174,Inconsistent Claim Status,Medium,APPROVED,Approved,Mapped to the controlled status vocabulary
DQ-01101,CLM023539,Inconsistent Claim Status,Medium,settled,Settled,Mapped to the controlled status vocabulary
DQ-01102,CLM074301,Inconsistent Claim Status,Medium,settled,Settled,Mapped to the controlled status vocabulary
DQ-01103,CLM042550,Inconsistent Claim Status,Medium,Awaiting docs,Awaiting Documents,Mapped to the controlled status vocabulary
DQ-01104,CLM054850,Inconsistent Claim Status,Medium,settled,Settled,Mapped to the controlled status vocabulary
DQ-01105,CLM011685,Inconsistent Claim Status,Medium,settled,Settled,Mapped to the controlled status vocabulary
DQ-01106,CLM060529,Inconsistent Claim Status,Medium,settled,Settled,Mapped to the controlled status vocabulary
DQ-01107,CLM072071,Inconsistent Claim Status,Medium,settled,Settled,Mapped to the controlled status vocabulary
DQ-01108,CLM058068,Inconsistent Claim Status,Medium,settled,Settled,Mapped to the controlled status vocabulary
DQ-01109,CLM072745,Inconsistent Claim Status,Medium,closed,Closed,Mapped to the controlled status vocabulary
DQ-01110,CLM069163,Inconsistent Claim Status,Medium,settled,Settled,Mapped to the controlled status vocabulary
DQ-01111,CLM072668,Inconsistent Claim Status,Medium,Awaiting docs,Awaiting Documents,Mapped to the controlled status vocabulary
DQ-01112,CLM063787,Inconsistent Claim Status,Medium,closed,Closed,Mapped to the controlled status vocabulary
DQ-01113,CLM073252,Inconsistent Claim Status,Medium,settled,Settled,Mapped to the controlled status vocabulary
DQ-01114,CLM043133,Inconsistent Claim Status,Medium,settled,Settled,Mapped to the controlled status vocabulary
DQ-01115,CLM065714,Inconsistent Claim Status,Medium,settled,Settled,Mapped to the controlled status vocabulary
DQ-01116,CLM000064,Inconsistent Claim Status,Medium,settled,Settled,Mapped to the controlled status vocabulary
DQ-01117,CLM018329,Inconsistent Claim Status,Medium,settled,Settled,Mapped to the controlled status vocabulary
DQ-01118,CLM074365,Inconsistent Claim Status,Medium,REJECTED,Rejected,Mapped to the controlled status vocabulary
DQ-01119,CLM061253,Inconsistent Claim Status,Medium,settled,Settled,Mapped to the controlled status vocabulary
DQ-01120,CLM060044,Inconsistent Claim Status,Medium,settled,Settled,Mapped to the controlled status vocabulary
DQ-01121,CLM024794,Inconsistent Claim Status,Medium,settled,Settled,Mapped to the controlled status vocabulary
DQ-01122,CLM044761,Inconsistent Claim Status,Medium,closed,Closed,Mapped to the controlled status vocabulary
DQ-01123,CLM042385,Inconsistent Claim Status,Medium,settled,Settled,Mapped to the controlled status vocabulary
DQ-01124,CLM026232,Inconsistent Claim Status,Medium,settled,Settled,Mapped to the controlled status vocabulary
DQ-01125,CLM016588,Inconsistent Claim Status,Medium,settled,Settled,Mapped to the controlled status vocabulary
DQ-01126,CLM074071,Inconsistent Claim Status,Medium,Awaiting docs,Awaiting Documents,Mapped to the controlled status vocabulary
DQ-01127,CLM040660,Inconsistent Claim Status,Medium,settled,Settled,Mapped to the controlled status vocabulary
DQ-01128,CLM052383,Inconsistent Claim Status,Medium,OPEN,Open,Mapped to the controlled status vocabulary
DQ-01129,CLM052386,Inconsistent Claim Status,Medium,settled,Settled,Mapped to the controlled status vocabulary
DQ-01130,CLM055890,Inconsistent Claim Status,Medium,settled,Settled,Mapped to the controlled status vocabulary
DQ-01131,CLM025286,Inconsistent Claim Status,Medium,under investigation,Under Investigation,Mapped to the controlled status vocabulary
DQ-01132,CLM028030,Inconsistent Claim Status,Medium,settled,Settled,Mapped to the controlled status vocabulary
DQ-01133,CLM012443,Inconsistent Claim Status,Medium,settled,Settled,Mapped to the controlled status vocabulary
DQ-01134,CLM000627,Inconsistent Claim Status,Medium,settled,Settled,Mapped to the controlled status vocabulary
DQ-01135,CLM070433,Inconsistent Claim Status,Medium,OPEN,Open,Mapped to the controlled status vocabulary
DQ-01136,CLM045451,Inconsistent Claim Status,Medium,settled,Settled,Mapped to the controlled status vocabulary
DQ-01137,CLM005332,Inconsistent Claim Status,Medium,under investigation,Under Investigation,Mapped to the controlled status vocabulary
DQ-01138,CLM067043,Inconsistent Claim Status,Medium,settled,Settled,Mapped to the controlled status vocabulary
DQ-01139,CLM070994,Inconsistent Claim Status,Medium,settled,Settled,Mapped to the controlled status vocabulary
DQ-01140,CLM067135,Inconsistent Claim Status,Medium,assessment,Assessment,Mapped to the controlled status vocabulary
DQ-01141,CLM055757,Inconsistent Claim Status,Medium,settled,Settled,Mapped to the controlled status vocabulary
DQ-01142,CLM029006,Inconsistent Claim Status,Medium,settled,Settled,Mapped to the controlled status vocabulary
DQ-01143,CLM017255,Inconsistent Claim Status,Medium,closed,Closed,Mapped to the controlled status vocabulary
DQ-01144,CLM039172,Inconsistent Claim Status,Medium,settled,Settled,Mapped to the controlled status vocabulary
DQ-01145,CLM047882,Inconsistent Claim Status,Medium,settled,Settled,Mapped to the controlled status vocabulary
DQ-01146,CLM074441,Inconsistent Claim Status,Medium,settled,Settled,Mapped to the controlled status vocabulary
DQ-01147,CLM056502,Inconsistent Claim Status,Medium,settled,Settled,Mapped to the controlled status vocabulary
DQ-01148,CLM046654,Inconsistent Claim Status,Medium,settled,Settled,Mapped to the controlled status vocabulary
DQ-01149,CLM071430,Inconsistent Claim Status,Medium,closed,Closed,Mapped to the controlled status vocabulary
DQ-01150,CLM022340,Inconsistent Claim Status,Medium,under investigation,Under Investigation,Mapped to the controlled status vocabulary
DQ-01151,CLM024482,Inconsistent Claim Status,Medium,closed,Closed,Mapped to the controlled status vocabulary
DQ-01152,CLM013160,Inconsistent Claim Status,Medium,settled,Settled,Mapped to the controlled status vocabulary
DQ-01153,CLM029639,Inconsistent Claim Status,Medium,Awaiting docs,Awaiting Documents,Mapped to the controlled status vocabulary
DQ-01154,CLM071051,Inconsistent Claim Status,Medium,closed,Closed,Mapped to the controlled status vocabulary
DQ-01155,CLM028450,Inconsistent Claim Status,Medium,settled,Settled,Mapped to the controlled status vocabulary
DQ-01156,CLM057455,Inconsistent Claim Status,Medium,REJECTED,Rejected,Mapped to the controlled status vocabulary
DQ-01157,CLM000203,Inconsistent Claim Status,Medium,APPROVED,Approved,Mapped to the controlled status vocabulary
DQ-01158,CLM067315,Inconsistent Claim Status,Medium,settled,Settled,Mapped to the controlled status vocabulary
DQ-01159,CLM016063,Inconsistent Claim Status,Medium,closed,Closed,Mapped to the controlled status vocabulary
DQ-01160,CLM030346,Inconsistent Claim Status,Medium,Awaiting supplier,Awaiting Supplier,Mapped to the controlled status vocabulary
DQ-01161,CLM064408,Inconsistent Claim Status,Medium,settled,Settled,Mapped to the controlled status vocabulary
DQ-01162,CLM051401,Inconsistent Claim Status,Medium,settled,Settled,Mapped to the controlled status vocabulary
DQ-01163,CLM014645,Inconsistent Claim Status,Medium,settled,Settled,Mapped to the controlled status vocabulary
DQ-01164,CLM062937,Inconsistent Claim Status,Medium,settled,Settled,Mapped to the controlled status vocabulary
DQ-01165,CLM023814,Inconsistent Claim Status,Medium,REJECTED,Rejected,Mapped to the controlled status vocabulary
DQ-01166,CLM043971,Inconsistent Claim Status,Medium,closed,Closed,Mapped to the controlled status vocabulary
DQ-01167,CLM037309,Inconsistent Claim Status,Medium,closed,Closed,Mapped to the controlled status vocabulary
DQ-01168,CLM061608,Inconsistent Claim Status,Medium,REJECTED,Rejected,Mapped to the controlled status vocabulary
DQ-01169,CLM040614,Inconsistent Claim Status,Medium,Awaiting supplier,Awaiting Supplier,Mapped to the controlled status vocabulary
DQ-01170,CLM036901,Inconsistent Claim Status,Medium,settled,Settled,Mapped to the controlled status vocabulary
DQ-01171,CLM063202,Inconsistent Claim Status,Medium,settled,Settled,Mapped to the controlled status vocabulary
DQ-01172,CLM011754,Inconsistent Claim Status,Medium,settled,Settled,Mapped to the controlled status vocabulary
DQ-01173,CLM043098,Inconsistent Claim Status,Medium,Awaiting supplier,Awaiting Supplier,Mapped to the controlled status vocabulary
DQ-01174,CLM064501,Inconsistent Claim Status,Medium,REJECTED,Rejected,Mapped to the controlled status vocabulary
DQ-01175,CLM041187,Inconsistent Claim Status,Medium,settled,Settled,Mapped to the controlled status vocabulary
DQ-01176,CLM074628,Inconsistent Claim Status,Medium,settled,Settled,Mapped to the controlled status vocabulary
DQ-01177,CLM000533,Inconsistent Claim Status,Medium,settled,Settled,Mapped to the controlled status vocabulary
DQ-01178,CLM002069,Inconsistent Claim Status,Medium,closed,Closed,Mapped to the controlled status vocabulary
DQ-01179,CLM049494,Inconsistent Claim Status,Medium,settled,Settled,Mapped to the controlled status vocabulary
DQ-01180,CLM027271,Inconsistent Claim Status,Medium,settled,Settled,Mapped to the controlled status vocabulary
DQ-01181,CLM053894,Inconsistent Claim Status,Medium,settled,Settled,Mapped to the controlled status vocabulary
DQ-01182,CLM019863,Inconsistent Claim Status,Medium,closed,Closed,Mapped to the controlled status vocabulary
DQ-01183,CLM065950,Inconsistent Claim Status,Medium,closed,Closed,Mapped to the controlled status vocabulary
DQ-01184,CLM006994,Inconsistent Claim Status,Medium,Awaiting supplier,Awaiting Supplier,Mapped to the controlled status vocabulary
DQ-01185,CLM045491,Inconsistent Claim Status,Medium,closed,Closed,Mapped to the controlled status vocabulary
DQ-01186,CLM046220,Inconsistent Claim Status,Medium,closed,Closed,Mapped to the controlled status vocabulary
DQ-01187,CLM026833,Inconsistent Claim Status,Medium,closed,Closed,Mapped to the controlled status vocabulary
DQ-01188,CLM026862,Inconsistent Claim Status,Medium,settled,Settled,Mapped to the controlled status vocabulary
DQ-01189,CLM015570,Inconsistent Claim Status,Medium,settled,Settled,Mapped to the controlled status vocabulary
DQ-01190,CLM013260,Inconsistent Claim Status,Medium,settled,Settled,Mapped to the controlled status vocabulary
DQ-01191,CLM015160,Inconsistent Claim Status,Medium,REJECTED,Rejected,Mapped to the controlled status vocabulary
DQ-01192,CLM045629,Inconsistent Claim Status,Medium,settled,Settled,Mapped to the controlled status vocabulary
DQ-01193,CLM031581,Inconsistent Claim Status,Medium,closed,Closed,Mapped to the controlled status vocabulary
DQ-01194,CLM058194,Inconsistent Claim Status,Medium,settled,Settled,Mapped to the controlled status vocabulary
DQ-01195,CLM028428,Inconsistent Claim Status,Medium,REJECTED,Rejected,Mapped to the controlled status vocabulary
DQ-01196,CLM066407,Inconsistent Claim Status,Medium,settled,Settled,Mapped to the controlled status vocabulary
DQ-01197,CLM061009,Inconsistent Claim Status,Medium,APPROVED,Approved,Mapped to the controlled status vocabulary
DQ-01198,CLM046143,Inconsistent Claim Status,Medium,settled,Settled,Mapped to the controlled status vocabulary
DQ-01199,CLM061250,Inconsistent Claim Status,Medium,OPEN,Open,Mapped to the controlled status vocabulary
DQ-01200,CLM062679,Inconsistent Claim Status,Medium,closed,Closed,Mapped to the controlled status vocabulary
DQ-01201,CLM009108,Inconsistent Claim Status,Medium,settled,Settled,Mapped to the controlled status vocabulary
DQ-01202,CLM010421,Inconsistent Claim Status,Medium,OPEN,Open,Mapped to the controlled status vocabulary
DQ-01203,CLM067813,Inconsistent Claim Status,Medium,settled,Settled,Mapped to the controlled status vocabulary
DQ-01204,CLM067538,Inconsistent Claim Status,Medium,REJECTED,Rejected,Mapped to the controlled status vocabulary
DQ-01205,CLM041938,Inconsistent Claim Status,Medium,settled,Settled,Mapped to the controlled status vocabulary
DQ-01206,CLM039429,Inconsistent Claim Status,Medium,settled,Settled,Mapped to the controlled status vocabulary
DQ-01207,CLM026957,Inconsistent Claim Status,Medium,settled,Settled,Mapped to the controlled status vocabulary
DQ-01208,CLM008654,Inconsistent Claim Status,Medium,APPROVED,Approved,Mapped to the controlled status vocabulary
DQ-01209,CLM014779,Inconsistent Claim Status,Medium,settled,Settled,Mapped to the controlled status vocabulary
DQ-01210,CLM069707,Inconsistent Claim Status,Medium,closed,Closed,Mapped to the controlled status vocabulary
DQ-01211,CLM000944,Inconsistent Claim Status,Medium,APPROVED,Approved,Mapped to the controlled status vocabulary
DQ-01212,CLM048016,Inconsistent Claim Status,Medium,settled,Settled,Mapped to the controlled status vocabulary
DQ-01213,CLM072545,Inconsistent Claim Status,Medium,settled,Settled,Mapped to the controlled status vocabulary
DQ-01214,CLM055426,Inconsistent Claim Status,Medium,closed,Closed,Mapped to the controlled status vocabulary
DQ-01215,CLM052830,Inconsistent Claim Status,Medium,settled,Settled,Mapped to the controlled status vocabulary
DQ-01216,CLM002576,Inconsistent Claim Status,Medium,settled,Settled,Mapped to the controlled status vocabulary
DQ-01217,CLM047689,Inconsistent Claim Status,Medium,settled,Settled,Mapped to the controlled status vocabulary
DQ-01218,CLM021578,Inconsistent Claim Status,Medium,closed,Closed,Mapped to the controlled status vocabulary
DQ-01219,CLM048130,Inconsistent Claim Status,Medium,settled,Settled,Mapped to the controlled status vocabulary
DQ-01220,CLM060118,Inconsistent Claim Status,Medium,settled,Settled,Mapped to the controlled status vocabulary
DQ-01221,CLM047794,Inconsistent Claim Status,Medium,REJECTED,Rejected,Mapped to the controlled status vocabulary
DQ-01222,CLM029746,Inconsistent Claim Status,Medium,settled,Settled,Mapped to the controlled status vocabulary
DQ-01223,CLM070339,Inconsistent Claim Status,Medium,settled,Settled,Mapped to the controlled status vocabulary
DQ-01224,CLM013920,Inconsistent Claim Status,Medium,REJECTED,Rejected,Mapped to the controlled status vocabulary
DQ-01225,CLM007155,Inconsistent Claim Status,Medium,settled,Settled,Mapped to the controlled status vocabulary
DQ-01226,CLM012342,Inconsistent Claim Status,Medium,settled,Settled,Mapped to the controlled status vocabulary
DQ-01227,CLM026595,Inconsistent Claim Status,Medium,settled,Settled,Mapped to the controlled status vocabulary
DQ-01228,CLM067499,Inconsistent Claim Status,Medium,settled,Settled,Mapped to the controlled status vocabulary
DQ-01229,CLM041555,Inconsistent Claim Status,Medium,REJECTED,Rejected,Mapped to the controlled status vocabulary
DQ-01230,CLM019220,Inconsistent Claim Status,Medium,settled,Settled,Mapped to the controlled status vocabulary
DQ-01231,CLM066364,Inconsistent Claim Status,Medium,settled,Settled,Mapped to the controlled status vocabulary
DQ-01232,CLM041334,Inconsistent Claim Status,Medium,settled,Settled,Mapped to the controlled status vocabulary
DQ-01233,CLM025913,Inconsistent Claim Status,Medium,APPROVED,Approved,Mapped to the controlled status vocabulary
DQ-01234,CLM002688,Inconsistent Claim Status,Medium,Awaiting docs,Awaiting Documents,Mapped to the controlled status vocabulary
DQ-01235,CLM066937,Inconsistent Claim Status,Medium,settled,Settled,Mapped to the controlled status vocabulary
DQ-01236,CLM072824,Inconsistent Claim Status,Medium,settled,Settled,Mapped to the controlled status vocabulary
DQ-01237,CLM017762,Inconsistent Claim Status,Medium,closed,Closed,Mapped to the controlled status vocabulary
DQ-01238,CLM031167,Inconsistent Claim Status,Medium,settled,Settled,Mapped to the controlled status vocabulary
DQ-01239,CLM019758,Inconsistent Claim Status,Medium,settled,Settled,Mapped to the controlled status vocabulary
DQ-01240,CLM027657,Inconsistent Claim Status,Medium,settled,Settled,Mapped to the controlled status vocabulary
DQ-01241,CLM042339,Inconsistent Claim Status,Medium,settled,Settled,Mapped to the controlled status vocabulary
DQ-01242,CLM037230,Inconsistent Claim Status,Medium,settled,Settled,Mapped to the controlled status vocabulary
DQ-01243,CLM069909,Inconsistent Claim Status,Medium,closed,Closed,Mapped to the controlled status vocabulary
DQ-01244,CLM061525,Inconsistent Claim Status,Medium,settled,Settled,Mapped to the controlled status vocabulary
DQ-01245,CLM048901,Inconsistent Claim Status,Medium,APPROVED,Approved,Mapped to the controlled status vocabulary
DQ-01246,CLM020916,Inconsistent Claim Status,Medium,settled,Settled,Mapped to the controlled status vocabulary
DQ-01247,CLM057411,Inconsistent Claim Status,Medium,settled,Settled,Mapped to the controlled status vocabulary
DQ-01248,CLM016352,Inconsistent Claim Status,Medium,settled,Settled,Mapped to the controlled status vocabulary
DQ-01249,CLM009905,Inconsistent Claim Status,Medium,settled,Settled,Mapped to the controlled status vocabulary
DQ-01250,CLM033553,Inconsistent Claim Status,Medium,settled,Settled,Mapped to the controlled status vocabulary
DQ-01251,CLM001523,Inconsistent Claim Status,Medium,settled,Settled,Mapped to the controlled status vocabulary
DQ-01252,CLM068823,Inconsistent Claim Status,Medium,REJECTED,Rejected,Mapped to the controlled status vocabulary
DQ-01253,CLM054637,Inconsistent Claim Status,Medium,closed,Closed,Mapped to the controlled status vocabulary
DQ-01254,CLM041135,Inconsistent Claim Status,Medium,settled,Settled,Mapped to the controlled status vocabulary
DQ-01255,CLM005258,Inconsistent Claim Status,Medium,closed,Closed,Mapped to the controlled status vocabulary
DQ-01256,CLM025788,Inconsistent Claim Status,Medium,OPEN,Open,Mapped to the controlled status vocabulary
DQ-01257,CLM027749,Inconsistent Claim Status,Medium,REJECTED,Rejected,Mapped to the controlled status vocabulary
DQ-01258,CLM043196,Inconsistent Claim Status,Medium,closed,Closed,Mapped to the controlled status vocabulary
DQ-01259,CLM052019,Inconsistent Claim Status,Medium,REJECTED,Rejected,Mapped to the controlled status vocabulary
DQ-01260,CLM013915,Inconsistent Claim Status,Medium,REJECTED,Rejected,Mapped to the controlled status vocabulary
DQ-01261,CLM042718,Inconsistent Claim Status,Medium,closed,Closed,Mapped to the controlled status vocabulary
DQ-01262,CLM031495,Inconsistent Claim Status,Medium,settled,Settled,Mapped to the controlled status vocabulary
DQ-01263,CLM026174,Inconsistent Claim Status,Medium,settled,Settled,Mapped to the controlled status vocabulary
DQ-01264,CLM001864,Inconsistent Claim Status,Medium,closed,Closed,Mapped to the controlled status vocabulary
DQ-01265,CLM061638,Inconsistent Claim Status,Medium,closed,Closed,Mapped to the controlled status vocabulary
DQ-01266,CLM000636,Inconsistent Claim Status,Medium,REJECTED,Rejected,Mapped to the controlled status vocabulary
DQ-01267,CLM059913,Inconsistent Claim Status,Medium,settled,Settled,Mapped to the controlled status vocabulary
DQ-01268,CLM020046,Inconsistent Claim Status,Medium,settled,Settled,Mapped to the controlled status vocabulary
DQ-01269,CLM041265,Inconsistent Claim Status,Medium,settled,Settled,Mapped to the controlled status vocabulary
DQ-01270,CLM067042,Inconsistent Claim Status,Medium,settled,Settled,Mapped to the controlled status vocabulary
DQ-01271,CLM027201,Inconsistent Claim Status,Medium,REJECTED,Rejected,Mapped to the controlled status vocabulary
DQ-01272,CLM072144,Inconsistent Claim Status,Medium,settled,Settled,Mapped to the controlled status vocabulary
DQ-01273,CLM004995,Inconsistent Claim Status,Medium,closed,Closed,Mapped to the controlled status vocabulary
DQ-01274,CLM038322,Inconsistent Claim Status,Medium,settled,Settled,Mapped to the controlled status vocabulary
DQ-01275,CLM069536,Inconsistent Claim Status,Medium,settled,Settled,Mapped to the controlled status vocabulary
DQ-01276,CLM062832,Inconsistent Claim Status,Medium,settled,Settled,Mapped to the controlled status vocabulary
DQ-01277,CLM038902,Inconsistent Claim Status,Medium,settled,Settled,Mapped to the controlled status vocabulary
DQ-01278,CLM053554,Inconsistent Claim Status,Medium,closed,Closed,Mapped to the controlled status vocabulary
DQ-01279,CLM062720,Inconsistent Claim Status,Medium,closed,Closed,Mapped to the controlled status vocabulary
DQ-01280,CLM031336,Inconsistent Claim Status,Medium,settled,Settled,Mapped to the controlled status vocabulary
DQ-01281,CLM041820,Incorrect Date Ordering,Critical,2025-03-30,2025-04-05,Restored the original report date after the loss date
DQ-01282,CLM034595,Incorrect Date Ordering,Critical,2024-07-25,2024-08-01,Restored the original report date after the loss date
DQ-01283,CLM030034,Incorrect Date Ordering,Critical,2024-03-17,2024-03-23,Restored the original report date after the loss date
DQ-01284,CLM039273,Incorrect Date Ordering,Critical,2025-11-10,2025-11-14,Restored the original report date after the loss date
DQ-01285,CLM040885,Incorrect Date Ordering,Critical,2024-05-03,2024-05-05,Restored the original report date after the loss date
DQ-01286,CLM065952,Incorrect Date Ordering,Critical,2023-12-31,2024-01-01,Restored the original report date after the loss date
DQ-01287,CLM045074,Incorrect Date Ordering,Critical,2026-06-27,2026-06-30,Restored the original report date after the loss date
DQ-01288,CLM018425,Incorrect Date Ordering,Critical,2024-09-16,2024-09-21,Restored the original report date after the loss date
DQ-01289,CLM030180,Incorrect Date Ordering,Critical,2025-05-10,2025-05-15,Restored the original report date after the loss date
DQ-01290,CLM039356,Incorrect Date Ordering,Critical,2025-12-01,2025-12-08,Restored the original report date after the loss date
DQ-01291,CLM045949,Incorrect Date Ordering,Critical,2026-06-11,2026-06-18,Restored the original report date after the loss date
DQ-01292,CLM037427,Incorrect Date Ordering,Critical,2026-01-02,2026-01-03,Restored the original report date after the loss date
DQ-01293,CLM055237,Incorrect Date Ordering,Critical,2025-08-04,2025-08-09,Restored the original report date after the loss date
DQ-01294,CLM055938,Incorrect Date Ordering,Critical,2024-09-18,2024-09-23,Restored the original report date after the loss date
DQ-01295,CLM040297,Incorrect Date Ordering,Critical,2024-01-10,2024-01-17,Restored the original report date after the loss date
DQ-01296,CLM050746,Incorrect Date Ordering,Critical,2024-12-12,2024-12-14,Restored the original report date after the loss date
DQ-01297,CLM066970,Incorrect Date Ordering,Critical,2026-01-06,2026-01-12,Restored the original report date after the loss date
DQ-01298,CLM071946,Incorrect Date Ordering,Critical,2025-09-03,2025-09-08,Restored the original report date after the loss date
DQ-01299,CLM014107,Incorrect Date Ordering,Critical,2024-10-23,2024-10-30,Restored the original report date after the loss date
DQ-01300,CLM018942,Incorrect Date Ordering,Critical,2025-10-10,2025-10-15,Restored the original report date after the loss date
DQ-01301,CLM014996,Incorrect Date Ordering,Critical,2024-04-19,2024-04-22,Restored the original report date after the loss date
DQ-01302,CLM018775,Incorrect Date Ordering,Critical,2025-11-30,2025-12-03,Restored the original report date after the loss date
DQ-01303,CLM005115,Incorrect Date Ordering,Critical,2026-07-22,2026-07-26,Restored the original report date after the loss date
DQ-01304,CLM007309,Incorrect Date Ordering,Critical,2025-07-26,2025-07-30,Restored the original report date after the loss date
DQ-01305,CLM035034,Incorrect Date Ordering,Critical,2025-11-09,2025-11-13,Restored the original report date after the loss date
DQ-01306,CLM068162,Incorrect Date Ordering,Critical,2024-06-28,2024-07-03,Restored the original report date after the loss date
DQ-01307,CLM052614,Incorrect Date Ordering,Critical,2025-12-25,2025-12-26,Restored the original report date after the loss date
DQ-01308,CLM044442,Incorrect Date Ordering,Critical,2025-07-07,2025-07-10,Restored the original report date after the loss date
DQ-01309,CLM062981,Incorrect Date Ordering,Critical,2026-01-20,2026-01-24,Restored the original report date after the loss date
DQ-01310,CLM036888,Incorrect Date Ordering,Critical,2026-08-27,2026-08-31,Restored the original report date after the loss date
DQ-01311,CLM036482,Incorrect Date Ordering,Critical,2026-04-29,2026-05-01,Restored the original report date after the loss date
DQ-01312,CLM070735,Incorrect Date Ordering,Critical,2024-01-07,2024-01-10,Restored the original report date after the loss date
DQ-01313,CLM007704,Incorrect Date Ordering,Critical,2025-11-17,2025-11-19,Restored the original report date after the loss date
DQ-01314,CLM064485,Incorrect Date Ordering,Critical,2025-01-16,2025-01-19,Restored the original report date after the loss date
DQ-01315,CLM056276,Incorrect Date Ordering,Critical,2025-09-25,2025-09-29,Restored the original report date after the loss date
DQ-01316,CLM058944,Incorrect Date Ordering,Critical,2024-09-07,2024-09-13,Restored the original report date after the loss date
DQ-01317,CLM064791,Incorrect Date Ordering,Critical,2025-08-04,2025-08-08,Restored the original report date after the loss date
DQ-01318,CLM021359,Incorrect Date Ordering,Critical,2025-06-02,2025-06-07,Restored the original report date after the loss date
DQ-01319,CLM053348,Incorrect Date Ordering,Critical,2026-08-12,2026-08-16,Restored the original report date after the loss date
DQ-01320,CLM004225,Incorrect Date Ordering,Critical,2025-07-15,2025-07-17,Restored the original report date after the loss date
DQ-01321,CLM014014,Incorrect Date Ordering,Critical,2026-03-20,2026-03-28,Restored the original report date after the loss date
DQ-01322,CLM069727,Incorrect Date Ordering,Critical,2025-11-03,2025-11-06,Restored the original report date after the loss date
DQ-01323,CLM063085,Incorrect Date Ordering,Critical,2026-01-31,2026-02-03,Restored the original report date after the loss date
DQ-01324,CLM012069,Incorrect Date Ordering,Critical,2025-01-28,2025-02-06,Restored the original report date after the loss date
DQ-01325,CLM017644,Incorrect Date Ordering,Critical,2026-04-22,2026-04-27,Restored the original report date after the loss date
DQ-01326,CLM047773,Incorrect Date Ordering,Critical,2025-12-04,2025-12-07,Restored the original report date after the loss date
DQ-01327,CLM023264,Incorrect Date Ordering,Critical,2025-06-14,2025-06-22,Restored the original report date after the loss date
DQ-01328,CLM046920,Incorrect Date Ordering,Critical,2026-08-17,2026-08-18,Restored the original report date after the loss date
DQ-01329,CLM009023,Incorrect Date Ordering,Critical,2026-01-13,2026-01-19,Restored the original report date after the loss date
DQ-01330,CLM054156,Incorrect Date Ordering,Critical,2025-10-19,2025-10-22,Restored the original report date after the loss date
DQ-01331,CLM038018,Incorrect Date Ordering,Critical,2026-08-23,2026-08-29,Restored the original report date after the loss date
DQ-01332,CLM064473,Incorrect Date Ordering,Critical,2025-12-31,2026-01-04,Restored the original report date after the loss date
DQ-01333,CLM056156,Incorrect Date Ordering,Critical,2026-06-01,2026-06-08,Restored the original report date after the loss date
DQ-01334,CLM072394,Incorrect Date Ordering,Critical,2024-08-24,2024-08-29,Restored the original report date after the loss date
DQ-01335,CLM022759,Incorrect Date Ordering,Critical,2026-04-23,2026-04-27,Restored the original report date after the loss date
DQ-01336,CLM051579,Incorrect Date Ordering,Critical,2026-04-04,2026-04-09,Restored the original report date after the loss date
DQ-01337,CLM034993,Incorrect Date Ordering,Critical,2024-10-11,2024-10-17,Restored the original report date after the loss date
DQ-01338,CLM049787,Incorrect Date Ordering,Critical,2026-05-08,2026-05-12,Restored the original report date after the loss date
DQ-01339,CLM061467,Incorrect Date Ordering,Critical,2026-05-19,2026-05-21,Restored the original report date after the loss date
DQ-01340,CLM031390,Incorrect Date Ordering,Critical,2026-07-20,2026-07-26,Restored the original report date after the loss date
DQ-01341,CLM063379,Incorrect Date Ordering,Critical,2026-06-03,2026-06-06,Restored the original report date after the loss date
DQ-01342,CLM045950,Incorrect Date Ordering,Critical,2024-11-15,2024-11-20,Restored the original report date after the loss date
DQ-01343,CLM020386,Incorrect Date Ordering,Critical,2024-08-10,2024-08-15,Restored the original report date after the loss date
DQ-01344,CLM010452,Incorrect Date Ordering,Critical,2026-08-06,2026-08-15,Restored the original report date after the loss date
DQ-01345,CLM042410,Incorrect Date Ordering,Critical,2026-05-07,2026-05-12,Restored the original report date after the loss date
DQ-01346,CLM063944,Incorrect Date Ordering,Critical,2025-06-17,2025-06-22,Restored the original report date after the loss date
DQ-01347,CLM047956,Incorrect Date Ordering,Critical,2025-01-07,2025-01-09,Restored the original report date after the loss date
DQ-01348,CLM024710,Incorrect Date Ordering,Critical,2025-11-15,2025-11-21,Restored the original report date after the loss date
DQ-01349,CLM045417,Incorrect Date Ordering,Critical,2026-05-22,2026-05-25,Restored the original report date after the loss date
DQ-01350,CLM025954,Incorrect Date Ordering,Critical,2025-11-05,2025-11-12,Restored the original report date after the loss date
DQ-01351,CLM057133,Incorrect Date Ordering,Critical,2026-08-01,2026-08-04,Restored the original report date after the loss date
DQ-01352,CLM071342,Incorrect Date Ordering,Critical,2026-03-30,2026-04-01,Restored the original report date after the loss date
DQ-01353,CLM050244,Incorrect Date Ordering,Critical,2025-08-02,2025-08-08,Restored the original report date after the loss date
DQ-01354,CLM056595,Incorrect Date Ordering,Critical,2025-09-26,2025-09-29,Restored the original report date after the loss date
DQ-01355,CLM018604,Incorrect Date Ordering,Critical,2026-03-25,2026-03-28,Restored the original report date after the loss date
DQ-01356,CLM031983,Incorrect Date Ordering,Critical,2024-03-18,2024-03-22,Restored the original report date after the loss date
DQ-01357,CLM007517,Incorrect Date Ordering,Critical,2025-06-19,2025-06-23,Restored the original report date after the loss date
DQ-01358,CLM011105,Incorrect Date Ordering,Critical,2026-03-24,2026-03-30,Restored the original report date after the loss date
DQ-01359,CLM039322,Incorrect Date Ordering,Critical,2025-11-05,2025-11-08,Restored the original report date after the loss date
DQ-01360,CLM030478,Incorrect Date Ordering,Critical,2026-01-16,2026-01-22,Restored the original report date after the loss date
DQ-01361,CLM050867,Incorrect Date Ordering,Critical,2025-08-28,2025-09-03,Restored the original report date after the loss date
DQ-01362,CLM027093,Incorrect Date Ordering,Critical,2026-07-09,2026-07-14,Restored the original report date after the loss date
DQ-01363,CLM046075,Incorrect Date Ordering,Critical,2026-04-02,2026-04-06,Restored the original report date after the loss date
DQ-01364,CLM016821,Incorrect Date Ordering,Critical,2024-04-18,2024-04-23,Restored the original report date after the loss date
DQ-01365,CLM003557,Incorrect Date Ordering,Critical,2026-01-11,2026-01-17,Restored the original report date after the loss date
DQ-01366,CLM019943,Incorrect Date Ordering,Critical,2025-06-18,2025-06-21,Restored the original report date after the loss date
DQ-01367,CLM033093,Incorrect Date Ordering,Critical,2024-12-08,2024-12-12,Restored the original report date after the loss date
DQ-01368,CLM068574,Incorrect Date Ordering,Critical,2026-04-08,2026-04-11,Restored the original report date after the loss date
DQ-01369,CLM010249,Incorrect Date Ordering,Critical,2025-11-25,2025-11-29,Restored the original report date after the loss date
DQ-01370,CLM034614,Incorrect Date Ordering,Critical,2024-05-30,2024-06-02,Restored the original report date after the loss date
DQ-01371,CLM012969,Incorrect Date Ordering,Critical,2024-08-10,2024-08-15,Restored the original report date after the loss date
DQ-01372,CLM011556,Incorrect Date Ordering,Critical,2026-06-10,2026-06-12,Restored the original report date after the loss date
DQ-01373,CLM029601,Incorrect Date Ordering,Critical,2025-11-10,2025-11-12,Restored the original report date after the loss date
DQ-01374,CLM074490,Incorrect Date Ordering,Critical,2024-04-26,2024-04-27,Restored the original report date after the loss date
DQ-01375,CLM000403,Incorrect Date Ordering,Critical,2025-08-02,2025-08-05,Restored the original report date after the loss date
DQ-01376,CLM040304,Incorrect Date Ordering,Critical,2025-11-04,2025-11-10,Restored the original report date after the loss date
DQ-01377,CLM056012,Incorrect Date Ordering,Critical,2026-03-09,2026-03-16,Restored the original report date after the loss date
DQ-01378,CLM019312,Incorrect Date Ordering,Critical,2025-11-11,2025-11-16,Restored the original report date after the loss date
DQ-01379,CLM013001,Incorrect Date Ordering,Critical,2024-01-07,2024-01-13,Restored the original report date after the loss date
DQ-01380,CLM001775,Incorrect Date Ordering,Critical,2025-07-06,2025-07-09,Restored the original report date after the loss date
DQ-01381,CLM064605,Incorrect Date Ordering,Critical,2025-04-23,2025-04-30,Restored the original report date after the loss date
DQ-01382,CLM049014,Incorrect Date Ordering,Critical,2024-02-29,2024-03-08,Restored the original report date after the loss date
DQ-01383,CLM012564,Incorrect Date Ordering,Critical,2025-08-21,2025-08-27,Restored the original report date after the loss date
DQ-01384,CLM018303,Incorrect Date Ordering,Critical,2026-03-03,2026-03-05,Restored the original report date after the loss date
DQ-01385,CLM073869,Incorrect Date Ordering,Critical,2024-12-13,2024-12-15,Restored the original report date after the loss date
DQ-01386,CLM005337,Incorrect Date Ordering,Critical,2024-12-26,2025-01-01,Restored the original report date after the loss date
DQ-01387,CLM026012,Incorrect Date Ordering,Critical,2024-04-01,2024-04-02,Restored the original report date after the loss date
DQ-01388,CLM015174,Incorrect Date Ordering,Critical,2025-04-03,2025-04-06,Restored the original report date after the loss date
DQ-01389,CLM045013,Incorrect Date Ordering,Critical,2025-05-16,2025-05-19,Restored the original report date after the loss date
DQ-01390,CLM004399,Incorrect Date Ordering,Critical,2025-06-10,2025-06-14,Restored the original report date after the loss date
DQ-01391,CLM046860,Incorrect Date Ordering,Critical,2026-03-15,2026-03-22,Restored the original report date after the loss date
DQ-01392,CLM032086,Incorrect Date Ordering,Critical,2024-09-04,2024-09-10,Restored the original report date after the loss date
DQ-01393,CLM000656,Incorrect Date Ordering,Critical,2024-02-08,2024-02-14,Restored the original report date after the loss date
DQ-01394,CLM046436,Incorrect Date Ordering,Critical,2024-04-14,2024-04-23,Restored the original report date after the loss date
DQ-01395,CLM036309,Incorrect Date Ordering,Critical,2026-05-18,2026-05-28,Restored the original report date after the loss date
DQ-01396,CLM047414,Incorrect Date Ordering,Critical,2025-02-07,2025-02-11,Restored the original report date after the loss date
DQ-01397,CLM044892,Incorrect Date Ordering,Critical,2026-02-21,2026-02-24,Restored the original report date after the loss date
DQ-01398,CLM061877,Incorrect Date Ordering,Critical,2026-05-23,2026-05-30,Restored the original report date after the loss date
DQ-01399,CLM057671,Incorrect Date Ordering,Critical,2026-04-25,2026-05-06,Restored the original report date after the loss date
DQ-01400,CLM016220,Incorrect Date Ordering,Critical,2025-11-14,2025-11-15,Restored the original report date after the loss date
DQ-01401,CLM007481,Incorrect Date Ordering,Critical,2024-01-12,2024-01-15,Restored the original report date after the loss date
DQ-01402,CLM029773,Incorrect Date Ordering,Critical,2025-07-31,2025-08-04,Restored the original report date after the loss date
DQ-01403,CLM016244,Incorrect Date Ordering,Critical,2025-11-27,2025-12-03,Restored the original report date after the loss date
DQ-01404,CLM019402,Incorrect Date Ordering,Critical,2024-09-29,2024-10-05,Restored the original report date after the loss date
DQ-01405,CLM035762,Incorrect Date Ordering,Critical,2024-11-06,2024-11-09,Restored the original report date after the loss date
DQ-01406,CLM040493,Incorrect Date Ordering,Critical,2026-06-21,2026-06-26,Restored the original report date after the loss date
DQ-01407,CLM062136,Incorrect Date Ordering,Critical,2024-03-31,2024-04-04,Restored the original report date after the loss date
DQ-01408,CLM063228,Incorrect Date Ordering,Critical,2025-11-26,2025-11-29,Restored the original report date after the loss date
DQ-01409,CLM022273,Incorrect Date Ordering,Critical,2025-01-24,2025-02-01,Restored the original report date after the loss date
DQ-01410,CLM034054,Incorrect Date Ordering,Critical,2026-01-23,2026-01-25,Restored the original report date after the loss date
DQ-01411,CLM029402,Incorrect Date Ordering,Critical,2024-12-25,2024-12-28,Restored the original report date after the loss date
DQ-01412,CLM069116,Incorrect Date Ordering,Critical,2026-02-10,2026-02-15,Restored the original report date after the loss date
DQ-01413,CLM054350,Incorrect Date Ordering,Critical,2024-06-05,2024-06-12,Restored the original report date after the loss date
DQ-01414,CLM050877,Incorrect Date Ordering,Critical,2026-03-30,2026-04-01,Restored the original report date after the loss date
DQ-01415,CLM044602,Incorrect Date Ordering,Critical,2025-09-26,2025-09-30,Restored the original report date after the loss date
DQ-01416,CLM049649,Incorrect Date Ordering,Critical,2026-05-09,2026-05-13,Restored the original report date after the loss date
DQ-01417,CLM009948,Incorrect Date Ordering,Critical,2024-07-01,2024-07-08,Restored the original report date after the loss date
DQ-01418,CLM017235,Incorrect Date Ordering,Critical,2026-02-02,2026-02-04,Restored the original report date after the loss date
DQ-01419,CLM028045,Incorrect Date Ordering,Critical,2025-10-12,2025-10-16,Restored the original report date after the loss date
DQ-01420,CLM002679,Incorrect Date Ordering,Critical,2025-08-31,2025-09-05,Restored the original report date after the loss date
DQ-01421,CLM045393,Incorrect Date Ordering,Critical,2024-09-20,2024-09-25,Restored the original report date after the loss date
DQ-01422,CLM029981,Incorrect Date Ordering,Critical,2025-02-19,2025-02-25,Restored the original report date after the loss date
DQ-01423,CLM053938,Incorrect Date Ordering,Critical,2024-12-04,2024-12-10,Restored the original report date after the loss date
DQ-01424,CLM065043,Incorrect Date Ordering,Critical,2025-02-26,2025-03-05,Restored the original report date after the loss date
DQ-01425,CLM033214,Incorrect Date Ordering,Critical,2026-07-21,2026-07-24,Restored the original report date after the loss date
DQ-01426,CLM068538,Incorrect Date Ordering,Critical,2024-06-26,2024-07-05,Restored the original report date after the loss date
DQ-01427,CLM039480,Incorrect Date Ordering,Critical,2025-11-22,2025-11-27,Restored the original report date after the loss date
DQ-01428,CLM012761,Incorrect Date Ordering,Critical,2024-10-07,2024-10-10,Restored the original report date after the loss date
DQ-01429,CLM040063,Incorrect Date Ordering,Critical,2025-10-15,2025-10-18,Restored the original report date after the loss date
DQ-01430,CLM052826,Incorrect Date Ordering,Critical,2026-05-10,2026-05-17,Restored the original report date after the loss date
DQ-01431,CLM025927,Incorrect Date Ordering,Critical,2024-03-11,2024-03-14,Restored the original report date after the loss date
DQ-01432,CLM074618,Incorrect Date Ordering,Critical,2026-04-26,2026-04-27,Restored the original report date after the loss date
DQ-01433,CLM049425,Incorrect Date Ordering,Critical,2024-04-10,2024-04-15,Restored the original report date after the loss date
DQ-01434,CLM059485,Incorrect Date Ordering,Critical,2026-04-19,2026-04-23,Restored the original report date after the loss date
DQ-01435,CLM010519,Incorrect Date Ordering,Critical,2025-02-17,2025-02-22,Restored the original report date after the loss date
DQ-01436,CLM020926,Incorrect Date Ordering,Critical,2024-06-09,2024-06-13,Restored the original report date after the loss date
DQ-01437,CLM042458,Incorrect Date Ordering,Critical,2025-08-07,2025-08-11,Restored the original report date after the loss date
DQ-01438,CLM033329,Incorrect Date Ordering,Critical,2026-07-06,2026-07-09,Restored the original report date after the loss date
DQ-01439,CLM005985,Incorrect Date Ordering,Critical,2024-04-29,2024-05-02,Restored the original report date after the loss date
DQ-01440,CLM003744,Incorrect Date Ordering,Critical,2026-06-18,2026-06-20,Restored the original report date after the loss date
DQ-01441,CLM066756,Incorrect Date Ordering,Critical,2025-10-26,2025-10-30,Restored the original report date after the loss date
DQ-01442,CLM050773,Incorrect Date Ordering,Critical,2025-10-28,2025-11-04,Restored the original report date after the loss date
DQ-01443,CLM058430,Incorrect Date Ordering,Critical,2025-02-23,2025-03-01,Restored the original report date after the loss date
DQ-01444,CLM050737,Incorrect Date Ordering,Critical,2024-05-26,2024-05-28,Restored the original report date after the loss date
DQ-01445,CLM042461,Incorrect Date Ordering,Critical,2025-05-14,2025-05-18,Restored the original report date after the loss date
DQ-01446,CLM005566,Incorrect Date Ordering,Critical,2026-02-15,2026-02-22,Restored the original report date after the loss date
DQ-01447,CLM004879,Incorrect Date Ordering,Critical,2025-04-26,2025-05-04,Restored the original report date after the loss date
DQ-01448,CLM005765,Incorrect Date Ordering,Critical,2025-12-30,2026-01-02,Restored the original report date after the loss date
DQ-01449,CLM035721,Incorrect Date Ordering,Critical,2025-11-05,2025-11-09,Restored the original report date after the loss date
DQ-01450,CLM052265,Incorrect Date Ordering,Critical,2024-02-20,2024-02-23,Restored the original report date after the loss date
DQ-01451,CLM052652,Incorrect Date Ordering,Critical,2026-01-27,2026-01-29,Restored the original report date after the loss date
DQ-01452,CLM024165,Incorrect Date Ordering,Critical,2024-07-20,2024-07-28,Restored the original report date after the loss date
DQ-01453,CLM018793,Incorrect Date Ordering,Critical,2025-06-14,2025-06-16,Restored the original report date after the loss date
DQ-01454,CLM067065,Incorrect Date Ordering,Critical,2025-01-02,2025-01-06,Restored the original report date after the loss date
DQ-01455,CLM068283,Incorrect Date Ordering,Critical,2026-04-04,2026-04-12,Restored the original report date after the loss date
DQ-01456,CLM005806,Incorrect Date Ordering,Critical,2026-01-25,2026-01-29,Restored the original report date after the loss date
DQ-01457,CLM047051,Incorrect Date Ordering,Critical,2024-12-24,2024-12-27,Restored the original report date after the loss date
DQ-01458,CLM074996,Incorrect Date Ordering,Critical,2024-05-25,2024-05-28,Restored the original report date after the loss date
DQ-01459,CLM003893,Incorrect Date Ordering,Critical,2026-06-07,2026-06-11,Restored the original report date after the loss date
DQ-01460,CLM052981,Incorrect Date Ordering,Critical,2026-07-13,2026-07-18,Restored the original report date after the loss date
DQ-01461,CLM005573,Incorrect Date Ordering,Critical,2025-08-05,2025-08-11,Restored the original report date after the loss date
DQ-01462,CLM026699,Incorrect Date Ordering,Critical,2024-05-31,2024-06-01,Restored the original report date after the loss date
DQ-01463,CLM048841,Incorrect Date Ordering,Critical,2024-06-26,2024-06-30,Restored the original report date after the loss date
DQ-01464,CLM033971,Incorrect Date Ordering,Critical,2025-08-05,2025-08-10,Restored the original report date after the loss date
DQ-01465,CLM024681,Incorrect Date Ordering,Critical,2026-05-03,2026-05-05,Restored the original report date after the loss date
DQ-01466,CLM060071,Incorrect Date Ordering,Critical,2025-07-26,2025-07-30,Restored the original report date after the loss date
DQ-01467,CLM041279,Incorrect Date Ordering,Critical,2024-01-28,2024-02-01,Restored the original report date after the loss date
DQ-01468,CLM006647,Incorrect Date Ordering,Critical,2026-02-10,2026-02-17,Restored the original report date after the loss date
DQ-01469,CLM067360,Incorrect Date Ordering,Critical,2025-03-28,2025-04-01,Restored the original report date after the loss date
DQ-01470,CLM018934,Incorrect Date Ordering,Critical,2024-06-28,2024-07-02,Restored the original report date after the loss date
DQ-01471,CLM037243,Incorrect Date Ordering,Critical,2025-03-03,2025-03-08,Restored the original report date after the loss date
DQ-01472,CLM001702,Incorrect Date Ordering,Critical,2025-10-01,2025-10-06,Restored the original report date after the loss date
DQ-01473,CLM068592,Incorrect Date Ordering,Critical,2024-09-17,2024-09-22,Restored the original report date after the loss date
DQ-01474,CLM037760,Incorrect Date Ordering,Critical,2026-06-17,2026-06-21,Restored the original report date after the loss date
DQ-01475,CLM021587,Incorrect Date Ordering,Critical,2026-02-20,2026-02-28,Restored the original report date after the loss date
DQ-01476,CLM064519,Incorrect Date Ordering,Critical,2024-07-19,2024-07-23,Restored the original report date after the loss date
DQ-01477,CLM039655,Incorrect Date Ordering,Critical,2024-08-07,2024-08-11,Restored the original report date after the loss date
DQ-01478,CLM071290,Incorrect Date Ordering,Critical,2026-05-21,2026-05-26,Restored the original report date after the loss date
DQ-01479,CLM056010,Incorrect Date Ordering,Critical,2024-08-29,2024-09-04,Restored the original report date after the loss date
DQ-01480,CLM014277,Incorrect Date Ordering,Critical,2025-02-23,2025-03-02,Restored the original report date after the loss date
DQ-01481,CLM028837,Future Settlement Date,Critical,2026-11-04,2025-09-22,Restored the valid settlement date or blank open-claim state
DQ-01482,CLM038872,Future Settlement Date,Critical,2026-10-21,2024-03-01,Restored the valid settlement date or blank open-claim state
DQ-01483,CLM040617,Future Settlement Date,Critical,2026-11-16,2025-06-22,Restored the valid settlement date or blank open-claim state
DQ-01484,CLM041043,Future Settlement Date,Critical,2026-09-28,2024-05-06,Restored the valid settlement date or blank open-claim state
DQ-01485,CLM072585,Future Settlement Date,Critical,2026-11-29,2026-04-20,Restored the valid settlement date or blank open-claim state
DQ-01486,CLM052196,Future Settlement Date,Critical,2026-10-17,2025-05-23,Restored the valid settlement date or blank open-claim state
DQ-01487,CLM043503,Future Settlement Date,Critical,2026-11-22,2026-02-07,Restored the valid settlement date or blank open-claim state
DQ-01488,CLM010430,Future Settlement Date,Critical,2026-09-20,<blank>,Restored the valid settlement date or blank open-claim state
DQ-01489,CLM052871,Future Settlement Date,Critical,2026-09-29,2025-06-10,Restored the valid settlement date or blank open-claim state
DQ-01490,CLM059525,Future Settlement Date,Critical,2026-10-17,2025-05-07,Restored the valid settlement date or blank open-claim state
DQ-01491,CLM035324,Future Settlement Date,Critical,2026-11-10,2025-05-24,Restored the valid settlement date or blank open-claim state
DQ-01492,CLM015644,Future Settlement Date,Critical,2026-09-02,2025-07-22,Restored the valid settlement date or blank open-claim state
DQ-01493,CLM016177,Future Settlement Date,Critical,2026-10-05,2024-04-13,Restored the valid settlement date or blank open-claim state
DQ-01494,CLM060743,Future Settlement Date,Critical,2026-10-08,<blank>,Restored the valid settlement date or blank open-claim state
DQ-01495,CLM023452,Future Settlement Date,Critical,2026-09-02,2025-07-14,Restored the valid settlement date or blank open-claim state
DQ-01496,CLM020764,Future Settlement Date,Critical,2026-11-13,2024-09-23,Restored the valid settlement date or blank open-claim state
DQ-01497,CLM053422,Future Settlement Date,Critical,2026-09-15,2026-04-07,Restored the valid settlement date or blank open-claim state
DQ-01498,CLM033674,Future Settlement Date,Critical,2026-10-11,2025-08-24,Restored the valid settlement date or blank open-claim state
DQ-01499,CLM023873,Future Settlement Date,Critical,2026-11-25,2025-02-23,Restored the valid settlement date or blank open-claim state
DQ-01500,CLM056493,Future Settlement Date,Critical,2026-10-08,2024-05-15,Restored the valid settlement date or blank open-claim state
DQ-01501,CLM068406,Future Settlement Date,Critical,2026-09-05,2025-04-30,Restored the valid settlement date or blank open-claim state
DQ-01502,CLM043346,Future Settlement Date,Critical,2026-11-12,2025-11-15,Restored the valid settlement date or blank open-claim state
DQ-01503,CLM050159,Future Settlement Date,Critical,2026-10-27,2025-07-15,Restored the valid settlement date or blank open-claim state
DQ-01504,CLM031875,Future Settlement Date,Critical,2026-11-13,<blank>,Restored the valid settlement date or blank open-claim state
DQ-01505,CLM024184,Future Settlement Date,Critical,2026-10-26,2024-05-07,Restored the valid settlement date or blank open-claim state
DQ-01506,CLM021740,Future Settlement Date,Critical,2026-11-12,<blank>,Restored the valid settlement date or blank open-claim state
DQ-01507,CLM020513,Future Settlement Date,Critical,2026-11-12,2026-07-21,Restored the valid settlement date or blank open-claim state
DQ-01508,CLM031507,Future Settlement Date,Critical,2026-10-24,<blank>,Restored the valid settlement date or blank open-claim state
DQ-01509,CLM008051,Future Settlement Date,Critical,2026-11-05,2025-08-03,Restored the valid settlement date or blank open-claim state
DQ-01510,CLM035688,Future Settlement Date,Critical,2026-10-31,2025-12-25,Restored the valid settlement date or blank open-claim state
DQ-01511,CLM051165,Future Settlement Date,Critical,2026-10-27,2024-10-09,Restored the valid settlement date or blank open-claim state
DQ-01512,CLM024073,Future Settlement Date,Critical,2026-10-18,2025-10-20,Restored the valid settlement date or blank open-claim state
DQ-01513,CLM060297,Future Settlement Date,Critical,2026-11-26,<blank>,Restored the valid settlement date or blank open-claim state
DQ-01514,CLM034782,Future Settlement Date,Critical,2026-10-04,2025-12-24,Restored the valid settlement date or blank open-claim state
DQ-01515,CLM003679,Future Settlement Date,Critical,2026-10-13,<blank>,Restored the valid settlement date or blank open-claim state
DQ-01516,CLM066513,Future Settlement Date,Critical,2026-09-01,<blank>,Restored the valid settlement date or blank open-claim state
DQ-01517,CLM071135,Future Settlement Date,Critical,2026-09-07,2026-03-31,Restored the valid settlement date or blank open-claim state
DQ-01518,CLM071542,Future Settlement Date,Critical,2026-11-25,2025-02-21,Restored the valid settlement date or blank open-claim state
DQ-01519,CLM047059,Future Settlement Date,Critical,2026-09-02,2026-05-27,Restored the valid settlement date or blank open-claim state
DQ-01520,CLM051521,Future Settlement Date,Critical,2026-09-26,2024-08-14,Restored the valid settlement date or blank open-claim state
DQ-01521,CLM017364,Future Settlement Date,Critical,2026-11-18,2025-09-23,Restored the valid settlement date or blank open-claim state
DQ-01522,CLM049462,Future Settlement Date,Critical,2026-11-24,2024-09-19,Restored the valid settlement date or blank open-claim state
DQ-01523,CLM038755,Future Settlement Date,Critical,2026-10-19,2026-05-21,Restored the valid settlement date or blank open-claim state
DQ-01524,CLM043478,Future Settlement Date,Critical,2026-11-23,2026-08-28,Restored the valid settlement date or blank open-claim state
DQ-01525,CLM002691,Future Settlement Date,Critical,2026-11-12,2026-05-12,Restored the valid settlement date or blank open-claim state
DQ-01526,CLM050473,Future Settlement Date,Critical,2026-09-04,2025-09-28,Restored the valid settlement date or blank open-claim state
DQ-01527,CLM031680,Future Settlement Date,Critical,2026-11-29,<blank>,Restored the valid settlement date or blank open-claim state
DQ-01528,CLM057778,Future Settlement Date,Critical,2026-09-05,2024-07-18,Restored the valid settlement date or blank open-claim state
DQ-01529,CLM073993,Future Settlement Date,Critical,2026-10-24,<blank>,Restored the valid settlement date or blank open-claim state
DQ-01530,CLM015953,Future Settlement Date,Critical,2026-09-10,<blank>,Restored the valid settlement date or blank open-claim state
DQ-01531,CLM040559,Future Settlement Date,Critical,2026-10-26,2024-05-21,Restored the valid settlement date or blank open-claim state
DQ-01532,CLM070737,Future Settlement Date,Critical,2026-11-19,2024-05-10,Restored the valid settlement date or blank open-claim state
DQ-01533,CLM072352,Future Settlement Date,Critical,2026-09-22,2024-12-19,Restored the valid settlement date or blank open-claim state
DQ-01534,CLM043060,Future Settlement Date,Critical,2026-09-01,<blank>,Restored the valid settlement date or blank open-claim state
DQ-01535,CLM034413,Future Settlement Date,Critical,2026-11-25,2025-08-22,Restored the valid settlement date or blank open-claim state
DQ-01536,CLM040116,Future Settlement Date,Critical,2026-09-13,2024-03-09,Restored the valid settlement date or blank open-claim state
DQ-01537,CLM025849,Future Settlement Date,Critical,2026-10-01,2025-08-11,Restored the valid settlement date or blank open-claim state
DQ-01538,CLM038726,Future Settlement Date,Critical,2026-09-03,<blank>,Restored the valid settlement date or blank open-claim state
DQ-01539,CLM034110,Future Settlement Date,Critical,2026-09-24,2026-06-20,Restored the valid settlement date or blank open-claim state
DQ-01540,CLM071785,Future Settlement Date,Critical,2026-10-19,<blank>,Restored the valid settlement date or blank open-claim state
DQ-01541,CLM051939,Future Settlement Date,Critical,2026-10-19,2026-08-08,Restored the valid settlement date or blank open-claim state
DQ-01542,CLM006007,Future Settlement Date,Critical,2026-09-22,2024-03-16,Restored the valid settlement date or blank open-claim state
DQ-01543,CLM037920,Future Settlement Date,Critical,2026-09-15,2025-09-08,Restored the valid settlement date or blank open-claim state
DQ-01544,CLM035431,Future Settlement Date,Critical,2026-11-01,2025-10-12,Restored the valid settlement date or blank open-claim state
DQ-01545,CLM035819,Future Settlement Date,Critical,2026-11-21,2025-03-20,Restored the valid settlement date or blank open-claim state
DQ-01546,CLM001637,Future Settlement Date,Critical,2026-11-15,<blank>,Restored the valid settlement date or blank open-claim state
DQ-01547,CLM019485,Future Settlement Date,Critical,2026-11-06,<blank>,Restored the valid settlement date or blank open-claim state
DQ-01548,CLM046869,Future Settlement Date,Critical,2026-10-22,<blank>,Restored the valid settlement date or blank open-claim state
DQ-01549,CLM043624,Future Settlement Date,Critical,2026-10-08,2025-10-26,Restored the valid settlement date or blank open-claim state
DQ-01550,CLM010590,Future Settlement Date,Critical,2026-11-07,2024-12-17,Restored the valid settlement date or blank open-claim state
DQ-01551,CLM001210,Future Settlement Date,Critical,2026-10-20,2024-07-06,Restored the valid settlement date or blank open-claim state
DQ-01552,CLM007132,Future Settlement Date,Critical,2026-09-22,2025-12-06,Restored the valid settlement date or blank open-claim state
DQ-01553,CLM071711,Future Settlement Date,Critical,2026-10-23,2024-02-17,Restored the valid settlement date or blank open-claim state
DQ-01554,CLM048419,Future Settlement Date,Critical,2026-11-07,2026-07-21,Restored the valid settlement date or blank open-claim state
DQ-01555,CLM063162,Future Settlement Date,Critical,2026-09-27,2024-05-19,Restored the valid settlement date or blank open-claim state
DQ-01556,CLM016445,Future Settlement Date,Critical,2026-11-26,2025-06-24,Restored the valid settlement date or blank open-claim state
DQ-01557,CLM060029,Future Settlement Date,Critical,2026-11-10,2024-09-23,Restored the valid settlement date or blank open-claim state
DQ-01558,CLM065033,Future Settlement Date,Critical,2026-09-24,2024-11-25,Restored the valid settlement date or blank open-claim state
DQ-01559,CLM044695,Future Settlement Date,Critical,2026-09-24,2025-11-07,Restored the valid settlement date or blank open-claim state
DQ-01560,CLM020265,Future Settlement Date,Critical,2026-11-28,2025-12-12,Restored the valid settlement date or blank open-claim state
DQ-01561,CLM045014,Future Settlement Date,Critical,2026-10-04,2024-07-27,Restored the valid settlement date or blank open-claim state
DQ-01562,CLM055427,Future Settlement Date,Critical,2026-09-04,2024-08-10,Restored the valid settlement date or blank open-claim state
DQ-01563,CLM063601,Future Settlement Date,Critical,2026-09-18,2024-12-29,Restored the valid settlement date or blank open-claim state
DQ-01564,CLM059434,Future Settlement Date,Critical,2026-11-17,2024-08-26,Restored the valid settlement date or blank open-claim state
DQ-01565,CLM068306,Future Settlement Date,Critical,2026-11-18,2025-03-07,Restored the valid settlement date or blank open-claim state
DQ-01566,CLM030644,Future Settlement Date,Critical,2026-11-09,2024-12-18,Restored the valid settlement date or blank open-claim state
DQ-01567,CLM061713,Future Settlement Date,Critical,2026-11-17,<blank>,Restored the valid settlement date or blank open-claim state
DQ-01568,CLM017923,Future Settlement Date,Critical,2026-10-26,2025-04-04,Restored the valid settlement date or blank open-claim state
DQ-01569,CLM051251,Future Settlement Date,Critical,2026-10-28,2024-02-13,Restored the valid settlement date or blank open-claim state
DQ-01570,CLM043508,Future Settlement Date,Critical,2026-10-12,2024-11-21,Restored the valid settlement date or blank open-claim state
DQ-01571,CLM032582,Future Settlement Date,Critical,2026-09-07,2024-06-07,Restored the valid settlement date or blank open-claim state
DQ-01572,CLM042736,Future Settlement Date,Critical,2026-09-27,2025-10-17,Restored the valid settlement date or blank open-claim state
DQ-01573,CLM052054,Future Settlement Date,Critical,2026-11-23,2024-09-10,Restored the valid settlement date or blank open-claim state
DQ-01574,CLM013050,Future Settlement Date,Critical,2026-11-05,2024-02-22,Restored the valid settlement date or blank open-claim state
DQ-01575,CLM034787,Future Settlement Date,Critical,2026-11-14,2025-05-10,Restored the valid settlement date or blank open-claim state
DQ-01576,CLM061101,Future Settlement Date,Critical,2026-10-02,2026-05-08,Restored the valid settlement date or blank open-claim state
DQ-01577,CLM004342,Future Settlement Date,Critical,2026-09-18,2024-03-22,Restored the valid settlement date or blank open-claim state
DQ-01578,CLM041944,Future Settlement Date,Critical,2026-09-22,<blank>,Restored the valid settlement date or blank open-claim state
DQ-01579,CLM003816,Future Settlement Date,Critical,2026-11-22,2025-09-08,Restored the valid settlement date or blank open-claim state
DQ-01580,CLM049652,Future Settlement Date,Critical,2026-11-26,<blank>,Restored the valid settlement date or blank open-claim state
DQ-01581,CLM041932,Future Settlement Date,Critical,2026-10-03,2024-08-08,Restored the valid settlement date or blank open-claim state
DQ-01582,CLM003301,Future Settlement Date,Critical,2026-09-15,2025-12-09,Restored the valid settlement date or blank open-claim state
DQ-01583,CLM064016,Future Settlement Date,Critical,2026-11-23,2026-05-13,Restored the valid settlement date or blank open-claim state
DQ-01584,CLM042120,Future Settlement Date,Critical,2026-10-11,<blank>,Restored the valid settlement date or blank open-claim state
DQ-01585,CLM024279,Future Settlement Date,Critical,2026-09-17,2025-02-04,Restored the valid settlement date or blank open-claim state
DQ-01586,CLM000621,Future Settlement Date,Critical,2026-09-30,2024-09-26,Restored the valid settlement date or blank open-claim state
DQ-01587,CLM036900,Future Settlement Date,Critical,2026-10-04,2024-09-19,Restored the valid settlement date or blank open-claim state
DQ-01588,CLM033672,Future Settlement Date,Critical,2026-10-02,2026-08-19,Restored the valid settlement date or blank open-claim state
DQ-01589,CLM065225,Future Settlement Date,Critical,2026-09-04,2026-04-02,Restored the valid settlement date or blank open-claim state
DQ-01590,CLM021231,Future Settlement Date,Critical,2026-10-23,<blank>,Restored the valid settlement date or blank open-claim state
DQ-01591,CLM030407,Future Settlement Date,Critical,2026-10-15,2025-03-17,Restored the valid settlement date or blank open-claim state
DQ-01592,CLM005693,Future Settlement Date,Critical,2026-11-10,2025-05-15,Restored the valid settlement date or blank open-claim state
DQ-01593,CLM033861,Future Settlement Date,Critical,2026-10-21,2026-08-14,Restored the valid settlement date or blank open-claim state
DQ-01594,CLM053135,Future Settlement Date,Critical,2026-10-11,<blank>,Restored the valid settlement date or blank open-claim state
DQ-01595,CLM057135,Future Settlement Date,Critical,2026-11-26,2025-06-12,Restored the valid settlement date or blank open-claim state
DQ-01596,CLM056696,Future Settlement Date,Critical,2026-09-01,2024-11-02,Restored the valid settlement date or blank open-claim state
DQ-01597,CLM039863,Future Settlement Date,Critical,2026-10-30,2025-03-21,Restored the valid settlement date or blank open-claim state
DQ-01598,CLM000422,Future Settlement Date,Critical,2026-09-28,2025-08-08,Restored the valid settlement date or blank open-claim state
DQ-01599,CLM011790,Future Settlement Date,Critical,2026-09-01,2024-08-05,Restored the valid settlement date or blank open-claim state
DQ-01600,CLM003193,Future Settlement Date,Critical,2026-11-05,2024-11-21,Restored the valid settlement date or blank open-claim state
DQ-01601,CLM027349,Future Settlement Date,Critical,2026-11-03,<blank>,Restored the valid settlement date or blank open-claim state
DQ-01602,CLM015913,Future Settlement Date,Critical,2026-09-12,2024-11-24,Restored the valid settlement date or blank open-claim state
DQ-01603,CLM046484,Future Settlement Date,Critical,2026-11-14,2024-03-30,Restored the valid settlement date or blank open-claim state
DQ-01604,CLM041054,Future Settlement Date,Critical,2026-11-12,<blank>,Restored the valid settlement date or blank open-claim state
DQ-01605,CLM036419,Future Settlement Date,Critical,2026-10-03,2026-08-07,Restored the valid settlement date or blank open-claim state
DQ-01606,CLM074021,Future Settlement Date,Critical,2026-09-22,2024-06-23,Restored the valid settlement date or blank open-claim state
DQ-01607,CLM071171,Future Settlement Date,Critical,2026-10-25,<blank>,Restored the valid settlement date or blank open-claim state
DQ-01608,CLM039452,Future Settlement Date,Critical,2026-11-11,2024-10-14,Restored the valid settlement date or blank open-claim state
DQ-01609,CLM013548,Future Settlement Date,Critical,2026-09-19,2026-01-10,Restored the valid settlement date or blank open-claim state
DQ-01610,CLM044828,Future Settlement Date,Critical,2026-10-11,2024-06-23,Restored the valid settlement date or blank open-claim state
DQ-01611,CLM074539,Future Settlement Date,Critical,2026-11-04,2026-08-09,Restored the valid settlement date or blank open-claim state
DQ-01612,CLM007788,Future Settlement Date,Critical,2026-09-29,2025-05-15,Restored the valid settlement date or blank open-claim state
DQ-01613,CLM034015,Future Settlement Date,Critical,2026-10-24,2024-06-19,Restored the valid settlement date or blank open-claim state
DQ-01614,CLM014138,Future Settlement Date,Critical,2026-11-18,2026-01-28,Restored the valid settlement date or blank open-claim state
DQ-01615,CLM049451,Future Settlement Date,Critical,2026-11-14,2024-10-22,Restored the valid settlement date or blank open-claim state
DQ-01616,CLM032801,Future Settlement Date,Critical,2026-10-13,2024-11-03,Restored the valid settlement date or blank open-claim state
DQ-01617,CLM049381,Future Settlement Date,Critical,2026-09-07,2026-01-29,Restored the valid settlement date or blank open-claim state
DQ-01618,CLM007689,Future Settlement Date,Critical,2026-10-24,2024-10-15,Restored the valid settlement date or blank open-claim state
DQ-01619,CLM055457,Future Settlement Date,Critical,2026-09-04,2025-12-28,Restored the valid settlement date or blank open-claim state
DQ-01620,CLM035481,Future Settlement Date,Critical,2026-09-23,<blank>,Restored the valid settlement date or blank open-claim state
DQ-01621,CLM029937,Future Settlement Date,Critical,2026-09-23,2026-05-27,Restored the valid settlement date or blank open-claim state
DQ-01622,CLM070875,Future Settlement Date,Critical,2026-09-16,2025-12-13,Restored the valid settlement date or blank open-claim state
DQ-01623,CLM030434,Future Settlement Date,Critical,2026-10-19,2025-12-07,Restored the valid settlement date or blank open-claim state
DQ-01624,CLM056935,Future Settlement Date,Critical,2026-09-03,2024-08-24,Restored the valid settlement date or blank open-claim state
DQ-01625,CLM031747,Future Settlement Date,Critical,2026-10-23,<blank>,Restored the valid settlement date or blank open-claim state
DQ-01626,CLM023353,Future Settlement Date,Critical,2026-11-13,2024-08-20,Restored the valid settlement date or blank open-claim state
DQ-01627,CLM029897,Future Settlement Date,Critical,2026-11-20,2025-12-02,Restored the valid settlement date or blank open-claim state
DQ-01628,CLM071288,Future Settlement Date,Critical,2026-11-06,2025-10-28,Restored the valid settlement date or blank open-claim state
DQ-01629,CLM031737,Future Settlement Date,Critical,2026-11-12,<blank>,Restored the valid settlement date or blank open-claim state
DQ-01630,CLM021215,Future Settlement Date,Critical,2026-11-14,2024-09-26,Restored the valid settlement date or blank open-claim state
DQ-01631,CLM068844,Whitespace,Low,  Direct ,Direct,Trimmed leading and trailing whitespace
DQ-01632,CLM031201,Whitespace,Low,  Broker ,Broker,Trimmed leading and trailing whitespace
DQ-01633,CLM014234,Whitespace,Low,  Digital ,Digital,Trimmed leading and trailing whitespace
DQ-01634,CLM061302,Whitespace,Low,  Broker ,Broker,Trimmed leading and trailing whitespace
DQ-01635,CLM060469,Whitespace,Low,  Direct ,Direct,Trimmed leading and trailing whitespace
DQ-01636,CLM067438,Whitespace,Low,  Broker ,Broker,Trimmed leading and trailing whitespace
DQ-01637,CLM014461,Whitespace,Low,  Direct ,Direct,Trimmed leading and trailing whitespace
DQ-01638,CLM064611,Whitespace,Low,  Digital ,Digital,Trimmed leading and trailing whitespace
DQ-01639,CLM005159,Whitespace,Low,  Digital ,Digital,Trimmed leading and trailing whitespace
DQ-01640,CLM005142,Whitespace,Low,  Digital ,Digital,Trimmed leading and trailing whitespace
DQ-01641,CLM013711,Whitespace,Low,  Call Centre ,Call Centre,Trimmed leading and trailing whitespace
DQ-01642,CLM042887,Whitespace,Low,  Digital ,Digital,Trimmed leading and trailing whitespace
DQ-01643,CLM025327,Whitespace,Low,  Direct ,Direct,Trimmed leading and trailing whitespace
DQ-01644,CLM038908,Whitespace,Low,  Direct ,Direct,Trimmed leading and trailing whitespace
DQ-01645,CLM061043,Whitespace,Low,  Broker ,Broker,Trimmed leading and trailing whitespace
DQ-01646,CLM046244,Whitespace,Low,  Direct ,Direct,Trimmed leading and trailing whitespace
DQ-01647,CLM038059,Whitespace,Low,  Direct ,Direct,Trimmed leading and trailing whitespace
DQ-01648,CLM070684,Whitespace,Low,  Direct ,Direct,Trimmed leading and trailing whitespace
DQ-01649,CLM055555,Whitespace,Low,  Direct ,Direct,Trimmed leading and trailing whitespace
DQ-01650,CLM038745,Whitespace,Low,  Digital ,Digital,Trimmed leading and trailing whitespace
DQ-01651,CLM028168,Whitespace,Low,  Digital ,Digital,Trimmed leading and trailing whitespace
DQ-01652,CLM066911,Whitespace,Low,  Broker ,Broker,Trimmed leading and trailing whitespace
DQ-01653,CLM003391,Whitespace,Low,  Broker ,Broker,Trimmed leading and trailing whitespace
DQ-01654,CLM006307,Whitespace,Low,  Broker ,Broker,Trimmed leading and trailing whitespace
DQ-01655,CLM064491,Whitespace,Low,  Call Centre ,Call Centre,Trimmed leading and trailing whitespace
DQ-01656,CLM003545,Whitespace,Low,  Direct ,Direct,Trimmed leading and trailing whitespace
DQ-01657,CLM074606,Whitespace,Low,  Direct ,Direct,Trimmed leading and trailing whitespace
DQ-01658,CLM024323,Whitespace,Low,  Broker ,Broker,Trimmed leading and trailing whitespace
DQ-01659,CLM050111,Whitespace,Low,  Digital ,Digital,Trimmed leading and trailing whitespace
DQ-01660,CLM038712,Whitespace,Low,  Call Centre ,Call Centre,Trimmed leading and trailing whitespace
DQ-01661,CLM069210,Whitespace,Low,  Broker ,Broker,Trimmed leading and trailing whitespace
DQ-01662,CLM051968,Whitespace,Low,  Direct ,Direct,Trimmed leading and trailing whitespace
DQ-01663,CLM010523,Whitespace,Low,  Broker ,Broker,Trimmed leading and trailing whitespace
DQ-01664,CLM037878,Whitespace,Low,  Broker ,Broker,Trimmed leading and trailing whitespace
DQ-01665,CLM030717,Whitespace,Low,  Direct ,Direct,Trimmed leading and trailing whitespace
DQ-01666,CLM064244,Whitespace,Low,  Direct ,Direct,Trimmed leading and trailing whitespace
DQ-01667,CLM055486,Whitespace,Low,  Digital ,Digital,Trimmed leading and trailing whitespace
DQ-01668,CLM062951,Whitespace,Low,  Direct ,Direct,Trimmed leading and trailing whitespace
DQ-01669,CLM052495,Whitespace,Low,  Broker ,Broker,Trimmed leading and trailing whitespace
DQ-01670,CLM001339,Whitespace,Low,  Broker ,Broker,Trimmed leading and trailing whitespace
DQ-01671,CLM050992,Whitespace,Low,  Direct ,Direct,Trimmed leading and trailing whitespace
DQ-01672,CLM070319,Whitespace,Low,  Broker ,Broker,Trimmed leading and trailing whitespace
DQ-01673,CLM001346,Whitespace,Low,  Broker ,Broker,Trimmed leading and trailing whitespace
DQ-01674,CLM007191,Whitespace,Low,  Direct ,Direct,Trimmed leading and trailing whitespace
DQ-01675,CLM022719,Whitespace,Low,  Direct ,Direct,Trimmed leading and trailing whitespace
DQ-01676,CLM011146,Whitespace,Low,  Broker ,Broker,Trimmed leading and trailing whitespace
DQ-01677,CLM018735,Whitespace,Low,  Digital ,Digital,Trimmed leading and trailing whitespace
DQ-01678,CLM060715,Whitespace,Low,  Broker ,Broker,Trimmed leading and trailing whitespace
DQ-01679,CLM045568,Whitespace,Low,  Broker ,Broker,Trimmed leading and trailing whitespace
DQ-01680,CLM066127,Whitespace,Low,  Call Centre ,Call Centre,Trimmed leading and trailing whitespace
DQ-01681,CLM031692,Whitespace,Low,  Call Centre ,Call Centre,Trimmed leading and trailing whitespace
DQ-01682,CLM040792,Whitespace,Low,  Broker ,Broker,Trimmed leading and trailing whitespace
DQ-01683,CLM035206,Whitespace,Low,  Broker ,Broker,Trimmed leading and trailing whitespace
DQ-01684,CLM062159,Whitespace,Low,  Call Centre ,Call Centre,Trimmed leading and trailing whitespace
DQ-01685,CLM014964,Whitespace,Low,  Broker ,Broker,Trimmed leading and trailing whitespace
DQ-01686,CLM074788,Whitespace,Low,  Call Centre ,Call Centre,Trimmed leading and trailing whitespace
DQ-01687,CLM023486,Whitespace,Low,  Broker ,Broker,Trimmed leading and trailing whitespace
DQ-01688,CLM040896,Whitespace,Low,  Digital ,Digital,Trimmed leading and trailing whitespace
DQ-01689,CLM066555,Whitespace,Low,  Digital ,Digital,Trimmed leading and trailing whitespace
DQ-01690,CLM030198,Whitespace,Low,  Digital ,Digital,Trimmed leading and trailing whitespace
DQ-01691,CLM045153,Whitespace,Low,  Direct ,Direct,Trimmed leading and trailing whitespace
DQ-01692,CLM054199,Whitespace,Low,  Digital ,Digital,Trimmed leading and trailing whitespace
DQ-01693,CLM018401,Whitespace,Low,  Direct ,Direct,Trimmed leading and trailing whitespace
DQ-01694,CLM028802,Whitespace,Low,  Direct ,Direct,Trimmed leading and trailing whitespace
DQ-01695,CLM022834,Whitespace,Low,  Call Centre ,Call Centre,Trimmed leading and trailing whitespace
DQ-01696,CLM007622,Whitespace,Low,  Broker ,Broker,Trimmed leading and trailing whitespace
DQ-01697,CLM070909,Whitespace,Low,  Broker ,Broker,Trimmed leading and trailing whitespace
DQ-01698,CLM040375,Whitespace,Low,  Broker ,Broker,Trimmed leading and trailing whitespace
DQ-01699,CLM071930,Whitespace,Low,  Digital ,Digital,Trimmed leading and trailing whitespace
DQ-01700,CLM023451,Whitespace,Low,  Call Centre ,Call Centre,Trimmed leading and trailing whitespace
DQ-01701,CLM024725,Whitespace,Low,  Direct ,Direct,Trimmed leading and trailing whitespace
DQ-01702,CLM070090,Whitespace,Low,  Broker ,Broker,Trimmed leading and trailing whitespace
DQ-01703,CLM039683,Whitespace,Low,  Broker ,Broker,Trimmed leading and trailing whitespace
DQ-01704,CLM040262,Whitespace,Low,  Direct ,Direct,Trimmed leading and trailing whitespace
DQ-01705,CLM050451,Whitespace,Low,  Broker ,Broker,Trimmed leading and trailing whitespace
DQ-01706,CLM064801,Whitespace,Low,  Digital ,Digital,Trimmed leading and trailing whitespace
DQ-01707,CLM044629,Whitespace,Low,  Digital ,Digital,Trimmed leading and trailing whitespace
DQ-01708,CLM041098,Whitespace,Low,  Digital ,Digital,Trimmed leading and trailing whitespace
DQ-01709,CLM069519,Whitespace,Low,  Direct ,Direct,Trimmed leading and trailing whitespace
DQ-01710,CLM050133,Whitespace,Low,  Digital ,Digital,Trimmed leading and trailing whitespace
DQ-01711,CLM003627,Whitespace,Low,  Direct ,Direct,Trimmed leading and trailing whitespace
DQ-01712,CLM005832,Whitespace,Low,  Broker ,Broker,Trimmed leading and trailing whitespace
DQ-01713,CLM065489,Whitespace,Low,  Digital ,Digital,Trimmed leading and trailing whitespace
DQ-01714,CLM030903,Whitespace,Low,  Digital ,Digital,Trimmed leading and trailing whitespace
DQ-01715,CLM054518,Whitespace,Low,  Call Centre ,Call Centre,Trimmed leading and trailing whitespace
DQ-01716,CLM062997,Whitespace,Low,  Call Centre ,Call Centre,Trimmed leading and trailing whitespace
DQ-01717,CLM015524,Whitespace,Low,  Broker ,Broker,Trimmed leading and trailing whitespace
DQ-01718,CLM029275,Whitespace,Low,  Direct ,Direct,Trimmed leading and trailing whitespace
DQ-01719,CLM011363,Whitespace,Low,  Broker ,Broker,Trimmed leading and trailing whitespace
DQ-01720,CLM045032,Whitespace,Low,  Call Centre ,Call Centre,Trimmed leading and trailing whitespace
DQ-01721,CLM042256,Whitespace,Low,  Direct ,Direct,Trimmed leading and trailing whitespace
DQ-01722,CLM027573,Whitespace,Low,  Call Centre ,Call Centre,Trimmed leading and trailing whitespace
DQ-01723,CLM018339,Whitespace,Low,  Direct ,Direct,Trimmed leading and trailing whitespace
DQ-01724,CLM068944,Whitespace,Low,  Broker ,Broker,Trimmed leading and trailing whitespace
DQ-01725,CLM019091,Whitespace,Low,  Broker ,Broker,Trimmed leading and trailing whitespace
DQ-01726,CLM005898,Whitespace,Low,  Call Centre ,Call Centre,Trimmed leading and trailing whitespace
DQ-01727,CLM022229,Whitespace,Low,  Broker ,Broker,Trimmed leading and trailing whitespace
DQ-01728,CLM069094,Whitespace,Low,  Direct ,Direct,Trimmed leading and trailing whitespace
DQ-01729,CLM031377,Whitespace,Low,  Broker ,Broker,Trimmed leading and trailing whitespace
DQ-01730,CLM058888,Whitespace,Low,  Broker ,Broker,Trimmed leading and trailing whitespace
DQ-01731,CLM006060,Whitespace,Low,  Broker ,Broker,Trimmed leading and trailing whitespace
DQ-01732,CLM047545,Whitespace,Low,  Digital ,Digital,Trimmed leading and trailing whitespace
DQ-01733,CLM002353,Whitespace,Low,  Call Centre ,Call Centre,Trimmed leading and trailing whitespace
DQ-01734,CLM009857,Whitespace,Low,  Direct ,Direct,Trimmed leading and trailing whitespace
DQ-01735,CLM072614,Whitespace,Low,  Broker ,Broker,Trimmed leading and trailing whitespace
DQ-01736,CLM061501,Whitespace,Low,  Broker ,Broker,Trimmed leading and trailing whitespace
DQ-01737,CLM074165,Whitespace,Low,  Direct ,Direct,Trimmed leading and trailing whitespace
DQ-01738,CLM023093,Whitespace,Low,  Call Centre ,Call Centre,Trimmed leading and trailing whitespace
DQ-01739,CLM062606,Whitespace,Low,  Digital ,Digital,Trimmed leading and trailing whitespace
DQ-01740,CLM037203,Whitespace,Low,  Broker ,Broker,Trimmed leading and trailing whitespace
DQ-01741,CLM017120,Whitespace,Low,  Broker ,Broker,Trimmed leading and trailing whitespace
DQ-01742,CLM021905,Whitespace,Low,  Direct ,Direct,Trimmed leading and trailing whitespace
DQ-01743,CLM055813,Whitespace,Low,  Direct ,Direct,Trimmed leading and trailing whitespace
DQ-01744,CLM032554,Whitespace,Low,  Direct ,Direct,Trimmed leading and trailing whitespace
DQ-01745,CLM037792,Whitespace,Low,  Call Centre ,Call Centre,Trimmed leading and trailing whitespace
DQ-01746,CLM048406,Whitespace,Low,  Broker ,Broker,Trimmed leading and trailing whitespace
DQ-01747,CLM047315,Whitespace,Low,  Broker ,Broker,Trimmed leading and trailing whitespace
DQ-01748,CLM047978,Whitespace,Low,  Broker ,Broker,Trimmed leading and trailing whitespace
DQ-01749,CLM036200,Whitespace,Low,  Direct ,Direct,Trimmed leading and trailing whitespace
DQ-01750,CLM044991,Whitespace,Low,  Call Centre ,Call Centre,Trimmed leading and trailing whitespace
DQ-01751,CLM017660,Whitespace,Low,  Call Centre ,Call Centre,Trimmed leading and trailing whitespace
DQ-01752,CLM050536,Whitespace,Low,  Digital ,Digital,Trimmed leading and trailing whitespace
DQ-01753,CLM001063,Whitespace,Low,  Direct ,Direct,Trimmed leading and trailing whitespace
DQ-01754,CLM003006,Whitespace,Low,  Direct ,Direct,Trimmed leading and trailing whitespace
DQ-01755,CLM006561,Whitespace,Low,  Call Centre ,Call Centre,Trimmed leading and trailing whitespace
DQ-01756,CLM066409,Whitespace,Low,  Digital ,Digital,Trimmed leading and trailing whitespace
DQ-01757,CLM058362,Whitespace,Low,  Broker ,Broker,Trimmed leading and trailing whitespace
DQ-01758,CLM043976,Whitespace,Low,  Call Centre ,Call Centre,Trimmed leading and trailing whitespace
DQ-01759,CLM012949,Whitespace,Low,  Direct ,Direct,Trimmed leading and trailing whitespace
DQ-01760,CLM073265,Whitespace,Low,  Digital ,Digital,Trimmed leading and trailing whitespace
DQ-01761,CLM022746,Whitespace,Low,  Call Centre ,Call Centre,Trimmed leading and trailing whitespace
DQ-01762,CLM074309,Whitespace,Low,  Broker ,Broker,Trimmed leading and trailing whitespace
DQ-01763,CLM024398,Whitespace,Low,  Call Centre ,Call Centre,Trimmed leading and trailing whitespace
DQ-01764,CLM017908,Whitespace,Low,  Digital ,Digital,Trimmed leading and trailing whitespace
DQ-01765,CLM031123,Whitespace,Low,  Call Centre ,Call Centre,Trimmed leading and trailing whitespace
DQ-01766,CLM004688,Whitespace,Low,  Digital ,Digital,Trimmed leading and trailing whitespace
DQ-01767,CLM013048,Whitespace,Low,  Broker ,Broker,Trimmed leading and trailing whitespace
DQ-01768,CLM050267,Whitespace,Low,  Broker ,Broker,Trimmed leading and trailing whitespace
DQ-01769,CLM048116,Whitespace,Low,  Call Centre ,Call Centre,Trimmed leading and trailing whitespace
DQ-01770,CLM001888,Whitespace,Low,  Call Centre ,Call Centre,Trimmed leading and trailing whitespace
DQ-01771,CLM060051,Whitespace,Low,  Digital ,Digital,Trimmed leading and trailing whitespace
DQ-01772,CLM047064,Whitespace,Low,  Digital ,Digital,Trimmed leading and trailing whitespace
DQ-01773,CLM021219,Whitespace,Low,  Digital ,Digital,Trimmed leading and trailing whitespace
DQ-01774,CLM003275,Whitespace,Low,  Direct ,Direct,Trimmed leading and trailing whitespace
DQ-01775,CLM045267,Whitespace,Low,  Broker ,Broker,Trimmed leading and trailing whitespace
DQ-01776,CLM043288,Whitespace,Low,  Broker ,Broker,Trimmed leading and trailing whitespace
DQ-01777,CLM004230,Whitespace,Low,  Digital ,Digital,Trimmed leading and trailing whitespace
DQ-01778,CLM013837,Whitespace,Low,  Digital ,Digital,Trimmed leading and trailing whitespace
DQ-01779,CLM016543,Whitespace,Low,  Direct ,Direct,Trimmed leading and trailing whitespace
DQ-01780,CLM021070,Whitespace,Low,  Digital ,Digital,Trimmed leading and trailing whitespace
DQ-01781,CLM034567,Mixed Capitalization,Low,fire,Fire,Standardized capitalization
DQ-01782,CLM068923,Mixed Capitalization,Low,hail,Hail,Standardized capitalization
DQ-01783,CLM030592,Mixed Capitalization,Low,theft,Theft,Standardized capitalization
DQ-01784,CLM024550,Mixed Capitalization,Low,hail,Hail,Standardized capitalization
DQ-01785,CLM056058,Mixed Capitalization,Low,liability,Liability,Standardized capitalization
DQ-01786,CLM002154,Mixed Capitalization,Low,weather,Weather,Standardized capitalization
DQ-01787,CLM006812,Mixed Capitalization,Low,collision,Collision,Standardized capitalization
DQ-01788,CLM041099,Mixed Capitalization,Low,collision,Collision,Standardized capitalization
DQ-01789,CLM009311,Mixed Capitalization,Low,liability,Liability,Standardized capitalization
DQ-01790,CLM060382,Mixed Capitalization,Low,hail,Hail,Standardized capitalization
DQ-01791,CLM041738,Mixed Capitalization,Low,collision,Collision,Standardized capitalization
DQ-01792,CLM043673,Mixed Capitalization,Low,accidental damage,Accidental Damage,Standardized capitalization
DQ-01793,CLM032780,Mixed Capitalization,Low,liability,Liability,Standardized capitalization
DQ-01794,CLM035471,Mixed Capitalization,Low,liability,Liability,Standardized capitalization
DQ-01795,CLM036130,Mixed Capitalization,Low,hail,Hail,Standardized capitalization
DQ-01796,CLM007960,Mixed Capitalization,Low,hail,Hail,Standardized capitalization
DQ-01797,CLM074961,Mixed Capitalization,Low,glass,Glass,Standardized capitalization
DQ-01798,CLM000346,Mixed Capitalization,Low,theft,Theft,Standardized capitalization
DQ-01799,CLM033304,Mixed Capitalization,Low,glass,Glass,Standardized capitalization
DQ-01800,CLM063507,Mixed Capitalization,Low,collision,Collision,Standardized capitalization
DQ-01801,CLM074835,Mixed Capitalization,Low,collision,Collision,Standardized capitalization
DQ-01802,CLM017400,Mixed Capitalization,Low,collision,Collision,Standardized capitalization
DQ-01803,CLM073959,Mixed Capitalization,Low,flood,Flood,Standardized capitalization
DQ-01804,CLM064843,Mixed Capitalization,Low,fire,Fire,Standardized capitalization
DQ-01805,CLM010995,Mixed Capitalization,Low,fire,Fire,Standardized capitalization
DQ-01806,CLM020342,Mixed Capitalization,Low,glass,Glass,Standardized capitalization
DQ-01807,CLM027329,Mixed Capitalization,Low,glass,Glass,Standardized capitalization
DQ-01808,CLM027581,Mixed Capitalization,Low,liability,Liability,Standardized capitalization
DQ-01809,CLM036248,Mixed Capitalization,Low,fire,Fire,Standardized capitalization
DQ-01810,CLM030306,Mixed Capitalization,Low,theft,Theft,Standardized capitalization
DQ-01811,CLM037914,Mixed Capitalization,Low,collision,Collision,Standardized capitalization
DQ-01812,CLM032054,Mixed Capitalization,Low,collision,Collision,Standardized capitalization
DQ-01813,CLM006974,Mixed Capitalization,Low,collision,Collision,Standardized capitalization
DQ-01814,CLM006223,Mixed Capitalization,Low,liability,Liability,Standardized capitalization
DQ-01815,CLM023805,Mixed Capitalization,Low,hail,Hail,Standardized capitalization
DQ-01816,CLM057735,Mixed Capitalization,Low,flood,Flood,Standardized capitalization
DQ-01817,CLM019536,Mixed Capitalization,Low,flood,Flood,Standardized capitalization
DQ-01818,CLM045877,Mixed Capitalization,Low,collision,Collision,Standardized capitalization
DQ-01819,CLM013134,Mixed Capitalization,Low,weather,Weather,Standardized capitalization
DQ-01820,CLM043450,Mixed Capitalization,Low,collision,Collision,Standardized capitalization
DQ-01821,CLM042508,Mixed Capitalization,Low,theft,Theft,Standardized capitalization
DQ-01822,CLM073620,Mixed Capitalization,Low,theft,Theft,Standardized capitalization
DQ-01823,CLM022550,Mixed Capitalization,Low,fire,Fire,Standardized capitalization
DQ-01824,CLM034778,Mixed Capitalization,Low,collision,Collision,Standardized capitalization
DQ-01825,CLM026783,Mixed Capitalization,Low,collision,Collision,Standardized capitalization
DQ-01826,CLM033663,Mixed Capitalization,Low,glass,Glass,Standardized capitalization
DQ-01827,CLM018752,Mixed Capitalization,Low,liability,Liability,Standardized capitalization
DQ-01828,CLM022345,Mixed Capitalization,Low,fire,Fire,Standardized capitalization
DQ-01829,CLM020192,Mixed Capitalization,Low,glass,Glass,Standardized capitalization
DQ-01830,CLM073172,Mixed Capitalization,Low,hail,Hail,Standardized capitalization
DQ-01831,CLM042412,Mixed Capitalization,Low,flood,Flood,Standardized capitalization
DQ-01832,CLM044556,Mixed Capitalization,Low,theft,Theft,Standardized capitalization
DQ-01833,CLM073177,Mixed Capitalization,Low,collision,Collision,Standardized capitalization
DQ-01834,CLM051902,Mixed Capitalization,Low,flood,Flood,Standardized capitalization
DQ-01835,CLM023582,Mixed Capitalization,Low,theft,Theft,Standardized capitalization
DQ-01836,CLM004388,Mixed Capitalization,Low,fire,Fire,Standardized capitalization
DQ-01837,CLM065198,Mixed Capitalization,Low,weather,Weather,Standardized capitalization
DQ-01838,CLM042855,Mixed Capitalization,Low,hail,Hail,Standardized capitalization
DQ-01839,CLM074161,Mixed Capitalization,Low,collision,Collision,Standardized capitalization
DQ-01840,CLM057684,Mixed Capitalization,Low,hail,Hail,Standardized capitalization
DQ-01841,CLM043026,Mixed Capitalization,Low,collision,Collision,Standardized capitalization
DQ-01842,CLM048336,Mixed Capitalization,Low,fire,Fire,Standardized capitalization
DQ-01843,CLM035030,Mixed Capitalization,Low,flood,Flood,Standardized capitalization
DQ-01844,CLM010771,Mixed Capitalization,Low,fire,Fire,Standardized capitalization
DQ-01845,CLM058807,Mixed Capitalization,Low,hail,Hail,Standardized capitalization
DQ-01846,CLM033649,Mixed Capitalization,Low,weather,Weather,Standardized capitalization
DQ-01847,CLM055996,Mixed Capitalization,Low,theft,Theft,Standardized capitalization
DQ-01848,CLM072593,Mixed Capitalization,Low,hail,Hail,Standardized capitalization
DQ-01849,CLM060753,Mixed Capitalization,Low,theft,Theft,Standardized capitalization
DQ-01850,CLM034752,Mixed Capitalization,Low,collision,Collision,Standardized capitalization
DQ-01851,CLM052437,Mixed Capitalization,Low,collision,Collision,Standardized capitalization
DQ-01852,CLM017628,Mixed Capitalization,Low,collision,Collision,Standardized capitalization
DQ-01853,CLM032267,Mixed Capitalization,Low,hail,Hail,Standardized capitalization
DQ-01854,CLM011245,Mixed Capitalization,Low,theft,Theft,Standardized capitalization
DQ-01855,CLM004778,Mixed Capitalization,Low,fire,Fire,Standardized capitalization
DQ-01856,CLM058759,Mixed Capitalization,Low,theft,Theft,Standardized capitalization
DQ-01857,CLM065814,Mixed Capitalization,Low,accidental damage,Accidental Damage,Standardized capitalization
DQ-01858,CLM048483,Mixed Capitalization,Low,theft,Theft,Standardized capitalization
DQ-01859,CLM068081,Mixed Capitalization,Low,flood,Flood,Standardized capitalization
DQ-01860,CLM005308,Mixed Capitalization,Low,weather,Weather,Standardized capitalization
DQ-01861,CLM057719,Mixed Capitalization,Low,collision,Collision,Standardized capitalization
DQ-01862,CLM027523,Mixed Capitalization,Low,theft,Theft,Standardized capitalization
DQ-01863,CLM003574,Mixed Capitalization,Low,flood,Flood,Standardized capitalization
DQ-01864,CLM015440,Mixed Capitalization,Low,hail,Hail,Standardized capitalization
DQ-01865,CLM009175,Mixed Capitalization,Low,weather,Weather,Standardized capitalization
DQ-01866,CLM050952,Mixed Capitalization,Low,collision,Collision,Standardized capitalization
DQ-01867,CLM060847,Mixed Capitalization,Low,collision,Collision,Standardized capitalization
DQ-01868,CLM066289,Mixed Capitalization,Low,accidental damage,Accidental Damage,Standardized capitalization
DQ-01869,CLM033070,Mixed Capitalization,Low,flood,Flood,Standardized capitalization
DQ-01870,CLM048332,Mixed Capitalization,Low,liability,Liability,Standardized capitalization
DQ-01871,CLM066479,Mixed Capitalization,Low,hail,Hail,Standardized capitalization
DQ-01872,CLM042046,Mixed Capitalization,Low,collision,Collision,Standardized capitalization
DQ-01873,CLM061560,Mixed Capitalization,Low,glass,Glass,Standardized capitalization
DQ-01874,CLM014391,Mixed Capitalization,Low,theft,Theft,Standardized capitalization
DQ-01875,CLM057245,Mixed Capitalization,Low,collision,Collision,Standardized capitalization
DQ-01876,CLM018430,Mixed Capitalization,Low,collision,Collision,Standardized capitalization
DQ-01877,CLM070321,Mixed Capitalization,Low,theft,Theft,Standardized capitalization
DQ-01878,CLM053488,Mixed Capitalization,Low,collision,Collision,Standardized capitalization
DQ-01879,CLM058054,Mixed Capitalization,Low,glass,Glass,Standardized capitalization
DQ-01880,CLM011342,Mixed Capitalization,Low,flood,Flood,Standardized capitalization
DQ-01881,CLM020236,Mixed Capitalization,Low,flood,Flood,Standardized capitalization
DQ-01882,CLM030024,Mixed Capitalization,Low,weather,Weather,Standardized capitalization
DQ-01883,CLM017245,Mixed Capitalization,Low,collision,Collision,Standardized capitalization
DQ-01884,CLM027569,Mixed Capitalization,Low,hail,Hail,Standardized capitalization
DQ-01885,CLM049562,Mixed Capitalization,Low,collision,Collision,Standardized capitalization
DQ-01886,CLM059255,Mixed Capitalization,Low,flood,Flood,Standardized capitalization
DQ-01887,CLM008643,Mixed Capitalization,Low,fire,Fire,Standardized capitalization
DQ-01888,CLM018556,Mixed Capitalization,Low,collision,Collision,Standardized capitalization
DQ-01889,CLM053528,Mixed Capitalization,Low,weather,Weather,Standardized capitalization
DQ-01890,CLM062702,Mixed Capitalization,Low,flood,Flood,Standardized capitalization
DQ-01891,CLM047792,Mixed Capitalization,Low,hail,Hail,Standardized capitalization
DQ-01892,CLM058278,Mixed Capitalization,Low,theft,Theft,Standardized capitalization
DQ-01893,CLM007410,Mixed Capitalization,Low,glass,Glass,Standardized capitalization
DQ-01894,CLM009506,Mixed Capitalization,Low,theft,Theft,Standardized capitalization
DQ-01895,CLM040257,Mixed Capitalization,Low,weather,Weather,Standardized capitalization
DQ-01896,CLM017517,Mixed Capitalization,Low,collision,Collision,Standardized capitalization
DQ-01897,CLM060520,Mixed Capitalization,Low,glass,Glass,Standardized capitalization
DQ-01898,CLM023472,Mixed Capitalization,Low,collision,Collision,Standardized capitalization
DQ-01899,CLM042110,Mixed Capitalization,Low,hail,Hail,Standardized capitalization
DQ-01900,CLM008261,Mixed Capitalization,Low,theft,Theft,Standardized capitalization
DQ-01901,CLM014503,Invalid Claim Type,High,Impact Event,Liability,Restored from the valid Claim_Type_Key mapping
DQ-01902,CLM023487,Invalid Claim Type,High,Impact Event,Glass,Restored from the valid Claim_Type_Key mapping
DQ-01903,CLM010772,Invalid Claim Type,High,Impact Event,Theft,Restored from the valid Claim_Type_Key mapping
DQ-01904,CLM046135,Invalid Claim Type,High,Impact Event,Collision,Restored from the valid Claim_Type_Key mapping
DQ-01905,CLM051813,Invalid Claim Type,High,Impact Event,Accidental Damage,Restored from the valid Claim_Type_Key mapping
DQ-01906,CLM073804,Invalid Claim Type,High,Impact Event,Collision,Restored from the valid Claim_Type_Key mapping
DQ-01907,CLM050521,Invalid Claim Type,High,Impact Event,Collision,Restored from the valid Claim_Type_Key mapping
DQ-01908,CLM062592,Invalid Claim Type,High,Impact Event,Theft,Restored from the valid Claim_Type_Key mapping
DQ-01909,CLM002013,Invalid Claim Type,High,Impact Event,Theft,Restored from the valid Claim_Type_Key mapping
DQ-01910,CLM022487,Invalid Claim Type,High,Impact Event,Flood,Restored from the valid Claim_Type_Key mapping
DQ-01911,CLM019626,Invalid Claim Type,High,Impact Event,Hail,Restored from the valid Claim_Type_Key mapping
DQ-01912,CLM001521,Invalid Claim Type,High,Impact Event,Glass,Restored from the valid Claim_Type_Key mapping
DQ-01913,CLM071849,Invalid Claim Type,High,Impact Event,Hail,Restored from the valid Claim_Type_Key mapping
DQ-01914,CLM018608,Invalid Claim Type,High,Impact Event,Collision,Restored from the valid Claim_Type_Key mapping
DQ-01915,CLM058900,Invalid Claim Type,High,Impact Event,Theft,Restored from the valid Claim_Type_Key mapping
DQ-01916,CLM030205,Invalid Claim Type,High,Impact Event,Collision,Restored from the valid Claim_Type_Key mapping
DQ-01917,CLM040916,Invalid Claim Type,High,Impact Event,Flood,Restored from the valid Claim_Type_Key mapping
DQ-01918,CLM046082,Invalid Claim Type,High,Impact Event,Theft,Restored from the valid Claim_Type_Key mapping
DQ-01919,CLM062104,Invalid Claim Type,High,Impact Event,Glass,Restored from the valid Claim_Type_Key mapping
DQ-01920,CLM031579,Invalid Claim Type,High,Impact Event,Theft,Restored from the valid Claim_Type_Key mapping
DQ-01921,CLM009814,Invalid Claim Type,High,Impact Event,Collision,Restored from the valid Claim_Type_Key mapping
DQ-01922,CLM054106,Invalid Claim Type,High,Impact Event,Liability,Restored from the valid Claim_Type_Key mapping
DQ-01923,CLM057388,Invalid Claim Type,High,Impact Event,Fire,Restored from the valid Claim_Type_Key mapping
DQ-01924,CLM041172,Invalid Claim Type,High,Impact Event,Hail,Restored from the valid Claim_Type_Key mapping
DQ-01925,CLM074103,Invalid Claim Type,High,Impact Event,Flood,Restored from the valid Claim_Type_Key mapping
DQ-01926,CLM025763,Invalid Claim Type,High,Impact Event,Collision,Restored from the valid Claim_Type_Key mapping
DQ-01927,CLM004234,Invalid Claim Type,High,Impact Event,Collision,Restored from the valid Claim_Type_Key mapping
DQ-01928,CLM042974,Invalid Claim Type,High,Impact Event,Weather,Restored from the valid Claim_Type_Key mapping
DQ-01929,CLM006364,Invalid Claim Type,High,Impact Event,Theft,Restored from the valid Claim_Type_Key mapping
DQ-01930,CLM060778,Invalid Claim Type,High,Impact Event,Weather,Restored from the valid Claim_Type_Key mapping
DQ-01931,CLM004527,Invalid Claim Type,High,Impact Event,Liability,Restored from the valid Claim_Type_Key mapping
DQ-01932,CLM006252,Invalid Claim Type,High,Impact Event,Theft,Restored from the valid Claim_Type_Key mapping
DQ-01933,CLM009325,Invalid Claim Type,High,Impact Event,Collision,Restored from the valid Claim_Type_Key mapping
DQ-01934,CLM033291,Invalid Claim Type,High,Impact Event,Hail,Restored from the valid Claim_Type_Key mapping
DQ-01935,CLM015627,Invalid Claim Type,High,Impact Event,Flood,Restored from the valid Claim_Type_Key mapping
DQ-01936,CLM035035,Invalid Claim Type,High,Impact Event,Collision,Restored from the valid Claim_Type_Key mapping
DQ-01937,CLM028040,Invalid Claim Type,High,Impact Event,Liability,Restored from the valid Claim_Type_Key mapping
DQ-01938,CLM040751,Invalid Claim Type,High,Impact Event,Collision,Restored from the valid Claim_Type_Key mapping
DQ-01939,CLM009892,Invalid Claim Type,High,Impact Event,Accidental Damage,Restored from the valid Claim_Type_Key mapping
DQ-01940,CLM029676,Invalid Claim Type,High,Impact Event,Theft,Restored from the valid Claim_Type_Key mapping
DQ-01941,CLM035644,Invalid Claim Type,High,Impact Event,Collision,Restored from the valid Claim_Type_Key mapping
DQ-01942,CLM009432,Invalid Claim Type,High,Impact Event,Collision,Restored from the valid Claim_Type_Key mapping
DQ-01943,CLM046241,Invalid Claim Type,High,Impact Event,Glass,Restored from the valid Claim_Type_Key mapping
DQ-01944,CLM049402,Invalid Claim Type,High,Impact Event,Collision,Restored from the valid Claim_Type_Key mapping
DQ-01945,CLM016829,Invalid Claim Type,High,Impact Event,Glass,Restored from the valid Claim_Type_Key mapping
DQ-01946,CLM074279,Invalid Claim Type,High,Impact Event,Collision,Restored from the valid Claim_Type_Key mapping
DQ-01947,CLM022262,Invalid Claim Type,High,Impact Event,Collision,Restored from the valid Claim_Type_Key mapping
DQ-01948,CLM028638,Invalid Claim Type,High,Impact Event,Liability,Restored from the valid Claim_Type_Key mapping
DQ-01949,CLM012789,Invalid Claim Type,High,Impact Event,Weather,Restored from the valid Claim_Type_Key mapping
DQ-01950,CLM034241,Invalid Claim Type,High,Impact Event,Glass,Restored from the valid Claim_Type_Key mapping
DQ-01951,CLM023848,Invalid Claim Type,High,Impact Event,Theft,Restored from the valid Claim_Type_Key mapping
DQ-01952,CLM052289,Invalid Claim Type,High,Impact Event,Hail,Restored from the valid Claim_Type_Key mapping
DQ-01953,CLM069586,Invalid Claim Type,High,Impact Event,Glass,Restored from the valid Claim_Type_Key mapping
DQ-01954,CLM058896,Invalid Claim Type,High,Impact Event,Theft,Restored from the valid Claim_Type_Key mapping
DQ-01955,CLM051623,Invalid Claim Type,High,Impact Event,Fire,Restored from the valid Claim_Type_Key mapping
DQ-01956,CLM038813,Invalid Claim Type,High,Impact Event,Collision,Restored from the valid Claim_Type_Key mapping
DQ-01957,CLM035417,Invalid Claim Type,High,Impact Event,Liability,Restored from the valid Claim_Type_Key mapping
DQ-01958,CLM020075,Invalid Claim Type,High,Impact Event,Weather,Restored from the valid Claim_Type_Key mapping
DQ-01959,CLM033471,Invalid Claim Type,High,Impact Event,Liability,Restored from the valid Claim_Type_Key mapping
DQ-01960,CLM035611,Invalid Claim Type,High,Impact Event,Collision,Restored from the valid Claim_Type_Key mapping
DQ-01961,CLM038847,Invalid Claim Type,High,Impact Event,Hail,Restored from the valid Claim_Type_Key mapping
DQ-01962,CLM031710,Invalid Claim Type,High,Impact Event,Weather,Restored from the valid Claim_Type_Key mapping
DQ-01963,CLM060990,Invalid Claim Type,High,Impact Event,Theft,Restored from the valid Claim_Type_Key mapping
DQ-01964,CLM023719,Invalid Claim Type,High,Impact Event,Hail,Restored from the valid Claim_Type_Key mapping
DQ-01965,CLM003838,Invalid Claim Type,High,Impact Event,Glass,Restored from the valid Claim_Type_Key mapping
DQ-01966,CLM050763,Invalid Claim Type,High,Impact Event,Flood,Restored from the valid Claim_Type_Key mapping
DQ-01967,CLM068997,Invalid Claim Type,High,Impact Event,Accidental Damage,Restored from the valid Claim_Type_Key mapping
DQ-01968,CLM034130,Invalid Claim Type,High,Impact Event,Liability,Restored from the valid Claim_Type_Key mapping
DQ-01969,CLM039300,Invalid Claim Type,High,Impact Event,Glass,Restored from the valid Claim_Type_Key mapping
DQ-01970,CLM073387,Invalid Claim Type,High,Impact Event,Glass,Restored from the valid Claim_Type_Key mapping
DQ-01971,CLM017801,Invalid Claim Type,High,Impact Event,Hail,Restored from the valid Claim_Type_Key mapping
DQ-01972,CLM003729,Invalid Claim Type,High,Impact Event,Collision,Restored from the valid Claim_Type_Key mapping
DQ-01973,CLM070423,Invalid Claim Type,High,Impact Event,Theft,Restored from the valid Claim_Type_Key mapping
DQ-01974,CLM052056,Invalid Claim Type,High,Impact Event,Liability,Restored from the valid Claim_Type_Key mapping
DQ-01975,CLM018012,Invalid Claim Type,High,Impact Event,Flood,Restored from the valid Claim_Type_Key mapping
DQ-01976,CLM042182,Invalid Claim Type,High,Impact Event,Fire,Restored from the valid Claim_Type_Key mapping
DQ-01977,CLM014965,Invalid Claim Type,High,Impact Event,Hail,Restored from the valid Claim_Type_Key mapping
DQ-01978,CLM031759,Invalid Claim Type,High,Impact Event,Hail,Restored from the valid Claim_Type_Key mapping
DQ-01979,CLM007496,Invalid Claim Type,High,Impact Event,Theft,Restored from the valid Claim_Type_Key mapping
DQ-01980,CLM032614,Invalid Claim Type,High,Impact Event,Glass,Restored from the valid Claim_Type_Key mapping
DQ-01981,CLM036560,Invalid Claim Type,High,Impact Event,Hail,Restored from the valid Claim_Type_Key mapping
DQ-01982,CLM018079,Invalid Claim Type,High,Impact Event,Hail,Restored from the valid Claim_Type_Key mapping
DQ-01983,CLM045521,Invalid Claim Type,High,Impact Event,Theft,Restored from the valid Claim_Type_Key mapping
DQ-01984,CLM053921,Invalid Claim Type,High,Impact Event,Glass,Restored from the valid Claim_Type_Key mapping
DQ-01985,CLM056869,Invalid Claim Type,High,Impact Event,Collision,Restored from the valid Claim_Type_Key mapping
DQ-01986,CLM071156,Invalid Claim Type,High,Impact Event,Theft,Restored from the valid Claim_Type_Key mapping
DQ-01987,CLM039183,Invalid Claim Type,High,Impact Event,Collision,Restored from the valid Claim_Type_Key mapping
DQ-01988,CLM064622,Invalid Claim Type,High,Impact Event,Hail,Restored from the valid Claim_Type_Key mapping
DQ-01989,CLM042930,Invalid Claim Type,High,Impact Event,Collision,Restored from the valid Claim_Type_Key mapping
DQ-01990,CLM024445,Invalid Claim Type,High,Impact Event,Glass,Restored from the valid Claim_Type_Key mapping
DQ-01991,CLM051545,Invalid Claim Type,High,Impact Event,Collision,Restored from the valid Claim_Type_Key mapping
DQ-01992,CLM057656,Invalid Claim Type,High,Impact Event,Hail,Restored from the valid Claim_Type_Key mapping
DQ-01993,CLM048324,Invalid Claim Type,High,Impact Event,Collision,Restored from the valid Claim_Type_Key mapping
DQ-01994,CLM015436,Invalid Claim Type,High,Impact Event,Collision,Restored from the valid Claim_Type_Key mapping
DQ-01995,CLM065274,Invalid Claim Type,High,Impact Event,Collision,Restored from the valid Claim_Type_Key mapping
DQ-01996,CLM021137,Invalid Claim Type,High,Impact Event,Collision,Restored from the valid Claim_Type_Key mapping
DQ-01997,CLM019762,Invalid Claim Type,High,Impact Event,Collision,Restored from the valid Claim_Type_Key mapping
DQ-01998,CLM025570,Invalid Claim Type,High,Impact Event,Weather,Restored from the valid Claim_Type_Key mapping
DQ-01999,CLM020014,Invalid Claim Type,High,Impact Event,Fire,Restored from the valid Claim_Type_Key mapping
DQ-02000,CLM009232,Invalid Claim Type,High,Impact Event,Glass,Restored from the valid Claim_Type_Key mapping
DQ-02001,CLM031891,Duplicate Row,High,CLM031891,<row removed>,Removed the later duplicate raw row
DQ-02002,CLM050296,Duplicate Row,High,CLM050296,<row removed>,Removed the later duplicate raw row
DQ-02003,CLM043487,Duplicate Row,High,CLM043487,<row removed>,Removed the later duplicate raw row
DQ-02004,CLM071931,Duplicate Row,High,CLM071931,<row removed>,Removed the later duplicate raw row
DQ-02005,CLM043668,Duplicate Row,High,CLM043668,<row removed>,Removed the later duplicate raw row
DQ-02006,CLM027379,Duplicate Row,High,CLM027379,<row removed>,Removed the later duplicate raw row
DQ-02007,CLM058116,Duplicate Row,High,CLM058116,<row removed>,Removed the later duplicate raw row
DQ-02008,CLM048340,Duplicate Row,High,CLM048340,<row removed>,Removed the later duplicate raw row
DQ-02009,CLM027367,Duplicate Row,High,CLM027367,<row removed>,Removed the later duplicate raw row
DQ-02010,CLM036676,Duplicate Row,High,CLM036676,<row removed>,Removed the later duplicate raw row
DQ-02011,CLM069074,Duplicate Row,High,CLM069074,<row removed>,Removed the later duplicate raw row
DQ-02012,CLM009226,Duplicate Row,High,CLM009226,<row removed>,Removed the later duplicate raw row
DQ-02013,CLM013553,Duplicate Row,High,CLM013553,<row removed>,Removed the later duplicate raw row
DQ-02014,CLM065970,Duplicate Row,High,CLM065970,<row removed>,Removed the later duplicate raw row
DQ-02015,CLM035425,Duplicate Row,High,CLM035425,<row removed>,Removed the later duplicate raw row
DQ-02016,CLM044006,Duplicate Row,High,CLM044006,<row removed>,Removed the later duplicate raw row
DQ-02017,CLM051318,Duplicate Row,High,CLM051318,<row removed>,Removed the later duplicate raw row
DQ-02018,CLM012353,Duplicate Row,High,CLM012353,<row removed>,Removed the later duplicate raw row
DQ-02019,CLM066191,Duplicate Row,High,CLM066191,<row removed>,Removed the later duplicate raw row
DQ-02020,CLM021733,Duplicate Row,High,CLM021733,<row removed>,Removed the later duplicate raw row
DQ-02021,CLM037506,Duplicate Row,High,CLM037506,<row removed>,Removed the later duplicate raw row
DQ-02022,CLM014989,Duplicate Row,High,CLM014989,<row removed>,Removed the later duplicate raw row
DQ-02023,CLM048571,Duplicate Row,High,CLM048571,<row removed>,Removed the later duplicate raw row
DQ-02024,CLM052845,Duplicate Row,High,CLM052845,<row removed>,Removed the later duplicate raw row
DQ-02025,CLM019775,Duplicate Row,High,CLM019775,<row removed>,Removed the later duplicate raw row
DQ-02026,CLM012894,Duplicate Row,High,CLM012894,<row removed>,Removed the later duplicate raw row
DQ-02027,CLM062347,Duplicate Row,High,CLM062347,<row removed>,Removed the later duplicate raw row
DQ-02028,CLM020568,Duplicate Row,High,CLM020568,<row removed>,Removed the later duplicate raw row
DQ-02029,CLM000335,Duplicate Row,High,CLM000335,<row removed>,Removed the later duplicate raw row
DQ-02030,CLM051052,Duplicate Row,High,CLM051052,<row removed>,Removed the later duplicate raw row
DQ-02031,CLM064170,Duplicate Row,High,CLM064170,<row removed>,Removed the later duplicate raw row
DQ-02032,CLM029176,Duplicate Row,High,CLM029176,<row removed>,Removed the later duplicate raw row
DQ-02033,CLM059032,Duplicate Row,High,CLM059032,<row removed>,Removed the later duplicate raw row
DQ-02034,CLM061113,Duplicate Row,High,CLM061113,<row removed>,Removed the later duplicate raw row
DQ-02035,CLM060087,Duplicate Row,High,CLM060087,<row removed>,Removed the later duplicate raw row
DQ-02036,CLM040178,Duplicate Row,High,CLM040178,<row removed>,Removed the later duplicate raw row
DQ-02037,CLM061417,Duplicate Row,High,CLM061417,<row removed>,Removed the later duplicate raw row
DQ-02038,CLM050950,Duplicate Row,High,CLM050950,<row removed>,Removed the later duplicate raw row
DQ-02039,CLM060863,Duplicate Row,High,CLM060863,<row removed>,Removed the later duplicate raw row
DQ-02040,CLM050095,Duplicate Row,High,CLM050095,<row removed>,Removed the later duplicate raw row
DQ-02041,CLM050107,Duplicate Row,High,CLM050107,<row removed>,Removed the later duplicate raw row
DQ-02042,CLM058269,Duplicate Row,High,CLM058269,<row removed>,Removed the later duplicate raw row
DQ-02043,CLM035219,Duplicate Row,High,CLM035219,<row removed>,Removed the later duplicate raw row
DQ-02044,CLM028672,Duplicate Row,High,CLM028672,<row removed>,Removed the later duplicate raw row
DQ-02045,CLM053133,Duplicate Row,High,CLM053133,<row removed>,Removed the later duplicate raw row
DQ-02046,CLM017183,Duplicate Row,High,CLM017183,<row removed>,Removed the later duplicate raw row
DQ-02047,CLM064459,Duplicate Row,High,CLM064459,<row removed>,Removed the later duplicate raw row
DQ-02048,CLM021435,Duplicate Row,High,CLM021435,<row removed>,Removed the later duplicate raw row
DQ-02049,CLM035090,Duplicate Row,High,CLM035090,<row removed>,Removed the later duplicate raw row
DQ-02050,CLM017693,Duplicate Row,High,CLM017693,<row removed>,Removed the later duplicate raw row
DQ-02051,CLM039163,Duplicate Row,High,CLM039163,<row removed>,Removed the later duplicate raw row
DQ-02052,CLM048292,Duplicate Row,High,CLM048292,<row removed>,Removed the later duplicate raw row
DQ-02053,CLM034036,Duplicate Row,High,CLM034036,<row removed>,Removed the later duplicate raw row
DQ-02054,CLM031444,Duplicate Row,High,CLM031444,<row removed>,Removed the later duplicate raw row
DQ-02055,CLM058549,Duplicate Row,High,CLM058549,<row removed>,Removed the later duplicate raw row
DQ-02056,CLM006762,Duplicate Row,High,CLM006762,<row removed>,Removed the later duplicate raw row
DQ-02057,CLM024236,Duplicate Row,High,CLM024236,<row removed>,Removed the later duplicate raw row
DQ-02058,CLM029634,Duplicate Row,High,CLM029634,<row removed>,Removed the later duplicate raw row
DQ-02059,CLM030324,Duplicate Row,High,CLM030324,<row removed>,Removed the later duplicate raw row
DQ-02060,CLM052643,Duplicate Row,High,CLM052643,<row removed>,Removed the later duplicate raw row
DQ-02061,CLM035220,Duplicate Row,High,CLM035220,<row removed>,Removed the later duplicate raw row
DQ-02062,CLM069240,Duplicate Row,High,CLM069240,<row removed>,Removed the later duplicate raw row
DQ-02063,CLM048628,Duplicate Row,High,CLM048628,<row removed>,Removed the later duplicate raw row
DQ-02064,CLM045323,Duplicate Row,High,CLM045323,<row removed>,Removed the later duplicate raw row
DQ-02065,CLM012225,Duplicate Row,High,CLM012225,<row removed>,Removed the later duplicate raw row
DQ-02066,CLM042354,Duplicate Row,High,CLM042354,<row removed>,Removed the later duplicate raw row
DQ-02067,CLM008632,Duplicate Row,High,CLM008632,<row removed>,Removed the later duplicate raw row
DQ-02068,CLM038804,Duplicate Row,High,CLM038804,<row removed>,Removed the later duplicate raw row
DQ-02069,CLM058113,Duplicate Row,High,CLM058113,<row removed>,Removed the later duplicate raw row
DQ-02070,CLM011325,Duplicate Row,High,CLM011325,<row removed>,Removed the later duplicate raw row
DQ-02071,CLM027649,Duplicate Row,High,CLM027649,<row removed>,Removed the later duplicate raw row
DQ-02072,CLM058592,Duplicate Row,High,CLM058592,<row removed>,Removed the later duplicate raw row
DQ-02073,CLM005495,Duplicate Row,High,CLM005495,<row removed>,Removed the later duplicate raw row
DQ-02074,CLM069008,Duplicate Row,High,CLM069008,<row removed>,Removed the later duplicate raw row
DQ-02075,CLM015239,Duplicate Row,High,CLM015239,<row removed>,Removed the later duplicate raw row
DQ-02076,CLM015679,Duplicate Row,High,CLM015679,<row removed>,Removed the later duplicate raw row
DQ-02077,CLM067248,Duplicate Row,High,CLM067248,<row removed>,Removed the later duplicate raw row
DQ-02078,CLM069233,Duplicate Row,High,CLM069233,<row removed>,Removed the later duplicate raw row
DQ-02079,CLM046053,Duplicate Row,High,CLM046053,<row removed>,Removed the later duplicate raw row
DQ-02080,CLM028538,Duplicate Row,High,CLM028538,<row removed>,Removed the later duplicate raw row
DQ-02081,CLM062036,Duplicate Row,High,CLM062036,<row removed>,Removed the later duplicate raw row
DQ-02082,CLM012999,Duplicate Row,High,CLM012999,<row removed>,Removed the later duplicate raw row
DQ-02083,CLM032201,Duplicate Row,High,CLM032201,<row removed>,Removed the later duplicate raw row
DQ-02084,CLM040359,Duplicate Row,High,CLM040359,<row removed>,Removed the later duplicate raw row
DQ-02085,CLM013463,Duplicate Row,High,CLM013463,<row removed>,Removed the later duplicate raw row
DQ-02086,CLM055622,Duplicate Row,High,CLM055622,<row removed>,Removed the later duplicate raw row
DQ-02087,CLM044985,Duplicate Row,High,CLM044985,<row removed>,Removed the later duplicate raw row
DQ-02088,CLM018497,Duplicate Row,High,CLM018497,<row removed>,Removed the later duplicate raw row
DQ-02089,CLM016846,Duplicate Row,High,CLM016846,<row removed>,Removed the later duplicate raw row
DQ-02090,CLM073788,Duplicate Row,High,CLM073788,<row removed>,Removed the later duplicate raw row
DQ-02091,CLM057401,Duplicate Row,High,CLM057401,<row removed>,Removed the later duplicate raw row
DQ-02092,CLM057363,Duplicate Row,High,CLM057363,<row removed>,Removed the later duplicate raw row
DQ-02093,CLM035797,Duplicate Row,High,CLM035797,<row removed>,Removed the later duplicate raw row
DQ-02094,CLM000242,Duplicate Row,High,CLM000242,<row removed>,Removed the later duplicate raw row
DQ-02095,CLM018011,Duplicate Row,High,CLM018011,<row removed>,Removed the later duplicate raw row
DQ-02096,CLM003171,Duplicate Row,High,CLM003171,<row removed>,Removed the later duplicate raw row
DQ-02097,CLM057347,Duplicate Row,High,CLM057347,<row removed>,Removed the later duplicate raw row
DQ-02098,CLM040397,Duplicate Row,High,CLM040397,<row removed>,Removed the later duplicate raw row
DQ-02099,CLM003315,Duplicate Row,High,CLM003315,<row removed>,Removed the later duplicate raw row
DQ-02100,CLM065938,Duplicate Row,High,CLM065938,<row removed>,Removed the later duplicate raw row
DQ-02101,CLM034194,Duplicate Row,High,CLM034194,<row removed>,Removed the later duplicate raw row
DQ-02102,CLM015128,Duplicate Row,High,CLM015128,<row removed>,Removed the later duplicate raw row
DQ-02103,CLM029092,Duplicate Row,High,CLM029092,<row removed>,Removed the later duplicate raw row
DQ-02104,CLM025111,Duplicate Row,High,CLM025111,<row removed>,Removed the later duplicate raw row
DQ-02105,CLM068616,Duplicate Row,High,CLM068616,<row removed>,Removed the later duplicate raw row
DQ-02106,CLM000165,Duplicate Row,High,CLM000165,<row removed>,Removed the later duplicate raw row
DQ-02107,CLM007231,Duplicate Row,High,CLM007231,<row removed>,Removed the later duplicate raw row
DQ-02108,CLM026727,Duplicate Row,High,CLM026727,<row removed>,Removed the later duplicate raw row
DQ-02109,CLM014242,Duplicate Row,High,CLM014242,<row removed>,Removed the later duplicate raw row
DQ-02110,CLM011721,Duplicate Row,High,CLM011721,<row removed>,Removed the later duplicate raw row
DQ-02111,CLM063911,Duplicate Row,High,CLM063911,<row removed>,Removed the later duplicate raw row
DQ-02112,CLM013218,Duplicate Row,High,CLM013218,<row removed>,Removed the later duplicate raw row
DQ-02113,CLM035501,Duplicate Row,High,CLM035501,<row removed>,Removed the later duplicate raw row
DQ-02114,CLM023012,Duplicate Row,High,CLM023012,<row removed>,Removed the later duplicate raw row
DQ-02115,CLM005952,Duplicate Row,High,CLM005952,<row removed>,Removed the later duplicate raw row
DQ-02116,CLM071861,Duplicate Row,High,CLM071861,<row removed>,Removed the later duplicate raw row
DQ-02117,CLM021498,Duplicate Row,High,CLM021498,<row removed>,Removed the later duplicate raw row
DQ-02118,CLM061873,Duplicate Row,High,CLM061873,<row removed>,Removed the later duplicate raw row
DQ-02119,CLM014660,Duplicate Row,High,CLM014660,<row removed>,Removed the later duplicate raw row
DQ-02120,CLM051188,Duplicate Row,High,CLM051188,<row removed>,Removed the later duplicate raw row
DQ-02121,CLM023653,Duplicate Row,High,CLM023653,<row removed>,Removed the later duplicate raw row
DQ-02122,CLM043426,Duplicate Row,High,CLM043426,<row removed>,Removed the later duplicate raw row
DQ-02123,CLM055025,Duplicate Row,High,CLM055025,<row removed>,Removed the later duplicate raw row
DQ-02124,CLM043566,Duplicate Row,High,CLM043566,<row removed>,Removed the later duplicate raw row
DQ-02125,CLM025162,Duplicate Row,High,CLM025162,<row removed>,Removed the later duplicate raw row
DQ-02126,CLM007648,Duplicate Row,High,CLM007648,<row removed>,Removed the later duplicate raw row
DQ-02127,CLM019072,Duplicate Row,High,CLM019072,<row removed>,Removed the later duplicate raw row
DQ-02128,CLM001876,Duplicate Row,High,CLM001876,<row removed>,Removed the later duplicate raw row
DQ-02129,CLM028830,Duplicate Row,High,CLM028830,<row removed>,Removed the later duplicate raw row
DQ-02130,CLM054871,Duplicate Row,High,CLM054871,<row removed>,Removed the later duplicate raw row
DQ-02131,CLM035382,Duplicate Row,High,CLM035382,<row removed>,Removed the later duplicate raw row
DQ-02132,CLM002383,Duplicate Row,High,CLM002383,<row removed>,Removed the later duplicate raw row
DQ-02133,CLM035413,Duplicate Row,High,CLM035413,<row removed>,Removed the later duplicate raw row
DQ-02134,CLM039149,Duplicate Row,High,CLM039149,<row removed>,Removed the later duplicate raw row
DQ-02135,CLM009396,Duplicate Row,High,CLM009396,<row removed>,Removed the later duplicate raw row
DQ-02136,CLM058435,Duplicate Row,High,CLM058435,<row removed>,Removed the later duplicate raw row
DQ-02137,CLM016290,Duplicate Row,High,CLM016290,<row removed>,Removed the later duplicate raw row
DQ-02138,CLM058161,Duplicate Row,High,CLM058161,<row removed>,Removed the later duplicate raw row
DQ-02139,CLM026730,Duplicate Row,High,CLM026730,<row removed>,Removed the later duplicate raw row
DQ-02140,CLM023401,Duplicate Row,High,CLM023401,<row removed>,Removed the later duplicate raw row
DQ-02141,CLM066495,Duplicate Row,High,CLM066495,<row removed>,Removed the later duplicate raw row
DQ-02142,CLM055759,Duplicate Row,High,CLM055759,<row removed>,Removed the later duplicate raw row
DQ-02143,CLM047730,Duplicate Row,High,CLM047730,<row removed>,Removed the later duplicate raw row
DQ-02144,CLM062231,Duplicate Row,High,CLM062231,<row removed>,Removed the later duplicate raw row
DQ-02145,CLM031589,Duplicate Row,High,CLM031589,<row removed>,Removed the later duplicate raw row
DQ-02146,CLM056408,Duplicate Row,High,CLM056408,<row removed>,Removed the later duplicate raw row
DQ-02147,CLM028267,Duplicate Row,High,CLM028267,<row removed>,Removed the later duplicate raw row
DQ-02148,CLM047385,Duplicate Row,High,CLM047385,<row removed>,Removed the later duplicate raw row
DQ-02149,CLM035020,Duplicate Row,High,CLM035020,<row removed>,Removed the later duplicate raw row
DQ-02150,CLM053069,Duplicate Row,High,CLM053069,<row removed>,Removed the later duplicate raw row
