Seed_ID,Raw_Row_ID,Claim_ID,Column_Name,Issue_Type,Severity,Original_Value,Corrected_Value,Resolution
SEED-00001,26785,CLM026785,Region,Missing Region,High,<blank>,Free State,Restored from the valid Region_Key mapping
SEED-00002,38457,CLM038457,Region,Missing Region,High,<blank>,KwaZulu-Natal,Restored from the valid Region_Key mapping
SEED-00003,26013,CLM026013,Region,Missing Region,High,<blank>,North West,Restored from the valid Region_Key mapping
SEED-00004,8590,CLM008590,Region,Missing Region,High,<blank>,Gauteng,Restored from the valid Region_Key mapping
SEED-00005,58048,CLM058048,Region,Missing Region,High,<blank>,Mpumalanga,Restored from the valid Region_Key mapping
SEED-00006,13537,CLM013537,Region,Missing Region,High,<blank>,Western Cape,Restored from the valid Region_Key mapping
SEED-00007,48031,CLM048031,Region,Missing Region,High,<blank>,Gauteng,Restored from the valid Region_Key mapping
SEED-00008,59861,CLM059861,Region,Missing Region,High,<blank>,Western Cape,Restored from the valid Region_Key mapping
SEED-00009,14253,CLM014253,Region,Missing Region,High,<blank>,Limpopo,Restored from the valid Region_Key mapping
SEED-00010,72075,CLM072075,Region,Missing Region,High,<blank>,Free State,Restored from the valid Region_Key mapping
SEED-00011,70460,CLM070460,Region,Missing Region,High,<blank>,Free State,Restored from the valid Region_Key mapping
SEED-00012,17101,CLM017101,Region,Missing Region,High,<blank>,Eastern Cape,Restored from the valid Region_Key mapping
SEED-00013,36152,CLM036152,Region,Missing Region,High,<blank>,KwaZulu-Natal,Restored from the valid Region_Key mapping
SEED-00014,6486,CLM006486,Region,Missing Region,High,<blank>,Free State,Restored from the valid Region_Key mapping
SEED-00015,49275,CLM049275,Region,Missing Region,High,<blank>,Gauteng,Restored from the valid Region_Key mapping
SEED-00016,71844,CLM071844,Region,Missing Region,High,<blank>,Gauteng,Restored from the valid Region_Key mapping
SEED-00017,17455,CLM017455,Region,Missing Region,High,<blank>,Limpopo,Restored from the valid Region_Key mapping
SEED-00018,41632,CLM041632,Region,Missing Region,High,<blank>,Gauteng,Restored from the valid Region_Key mapping
SEED-00019,21660,CLM021660,Region,Missing Region,High,<blank>,Western Cape,Restored from the valid Region_Key mapping
SEED-00020,44897,CLM044897,Region,Missing Region,High,<blank>,KwaZulu-Natal,Restored from the valid Region_Key mapping
SEED-00021,27712,CLM027712,Region,Missing Region,High,<blank>,Mpumalanga,Restored from the valid Region_Key mapping
SEED-00022,32935,CLM032935,Region,Missing Region,High,<blank>,Gauteng,Restored from the valid Region_Key mapping
SEED-00023,30122,CLM030122,Region,Missing Region,High,<blank>,Gauteng,Restored from the valid Region_Key mapping
SEED-00024,37904,CLM037904,Region,Missing Region,High,<blank>,Gauteng,Restored from the valid Region_Key mapping
SEED-00025,72328,CLM072328,Region,Missing Region,High,<blank>,Eastern Cape,Restored from the valid Region_Key mapping
SEED-00026,24790,CLM024790,Region,Missing Region,High,<blank>,Eastern Cape,Restored from the valid Region_Key mapping
SEED-00027,58077,CLM058077,Region,Missing Region,High,<blank>,Western Cape,Restored from the valid Region_Key mapping
SEED-00028,24096,CLM024096,Region,Missing Region,High,<blank>,Eastern Cape,Restored from the valid Region_Key mapping
SEED-00029,23934,CLM023934,Region,Missing Region,High,<blank>,Limpopo,Restored from the valid Region_Key mapping
SEED-00030,63465,CLM063465,Region,Missing Region,High,<blank>,Eastern Cape,Restored from the valid Region_Key mapping
SEED-00031,2664,CLM002664,Region,Missing Region,High,<blank>,Gauteng,Restored from the valid Region_Key mapping
SEED-00032,19664,CLM019664,Region,Missing Region,High,<blank>,Gauteng,Restored from the valid Region_Key mapping
SEED-00033,68825,CLM068825,Region,Missing Region,High,<blank>,North West,Restored from the valid Region_Key mapping
SEED-00034,59210,CLM059210,Region,Missing Region,High,<blank>,Mpumalanga,Restored from the valid Region_Key mapping
SEED-00035,66601,CLM066601,Region,Missing Region,High,<blank>,Gauteng,Restored from the valid Region_Key mapping
SEED-00036,7789,CLM007789,Region,Missing Region,High,<blank>,Northern Cape,Restored from the valid Region_Key mapping
SEED-00037,70722,CLM070722,Region,Missing Region,High,<blank>,Gauteng,Restored from the valid Region_Key mapping
SEED-00038,27180,CLM027180,Region,Missing Region,High,<blank>,North West,Restored from the valid Region_Key mapping
SEED-00039,4231,CLM004231,Region,Missing Region,High,<blank>,Eastern Cape,Restored from the valid Region_Key mapping
SEED-00040,14944,CLM014944,Region,Missing Region,High,<blank>,Free State,Restored from the valid Region_Key mapping
SEED-00041,59237,CLM059237,Region,Missing Region,High,<blank>,Eastern Cape,Restored from the valid Region_Key mapping
SEED-00042,33827,CLM033827,Region,Missing Region,High,<blank>,Gauteng,Restored from the valid Region_Key mapping
SEED-00043,11500,CLM011500,Region,Missing Region,High,<blank>,Gauteng,Restored from the valid Region_Key mapping
SEED-00044,21391,CLM021391,Region,Missing Region,High,<blank>,Western Cape,Restored from the valid Region_Key mapping
SEED-00045,1896,CLM001896,Region,Missing Region,High,<blank>,Western Cape,Restored from the valid Region_Key mapping
SEED-00046,24851,CLM024851,Region,Missing Region,High,<blank>,Gauteng,Restored from the valid Region_Key mapping
SEED-00047,41621,CLM041621,Region,Missing Region,High,<blank>,Gauteng,Restored from the valid Region_Key mapping
SEED-00048,2560,CLM002560,Region,Missing Region,High,<blank>,KwaZulu-Natal,Restored from the valid Region_Key mapping
SEED-00049,12433,CLM012433,Region,Missing Region,High,<blank>,Western Cape,Restored from the valid Region_Key mapping
SEED-00050,4335,CLM004335,Region,Missing Region,High,<blank>,Eastern Cape,Restored from the valid Region_Key mapping
SEED-00051,11999,CLM011999,Region,Missing Region,High,<blank>,KwaZulu-Natal,Restored from the valid Region_Key mapping
SEED-00052,59207,CLM059207,Region,Missing Region,High,<blank>,Eastern Cape,Restored from the valid Region_Key mapping
SEED-00053,42482,CLM042482,Region,Missing Region,High,<blank>,Eastern Cape,Restored from the valid Region_Key mapping
SEED-00054,48381,CLM048381,Region,Missing Region,High,<blank>,Western Cape,Restored from the valid Region_Key mapping
SEED-00055,66670,CLM066670,Region,Missing Region,High,<blank>,Western Cape,Restored from the valid Region_Key mapping
SEED-00056,4089,CLM004089,Region,Missing Region,High,<blank>,Western Cape,Restored from the valid Region_Key mapping
SEED-00057,52668,CLM052668,Region,Missing Region,High,<blank>,North West,Restored from the valid Region_Key mapping
SEED-00058,41283,CLM041283,Region,Missing Region,High,<blank>,North West,Restored from the valid Region_Key mapping
SEED-00059,52481,CLM052481,Region,Missing Region,High,<blank>,Eastern Cape,Restored from the valid Region_Key mapping
SEED-00060,74264,CLM074264,Region,Missing Region,High,<blank>,KwaZulu-Natal,Restored from the valid Region_Key mapping
SEED-00061,27412,CLM027412,Region,Missing Region,High,<blank>,Limpopo,Restored from the valid Region_Key mapping
SEED-00062,30256,CLM030256,Region,Missing Region,High,<blank>,Gauteng,Restored from the valid Region_Key mapping
SEED-00063,74647,CLM074647,Region,Missing Region,High,<blank>,Mpumalanga,Restored from the valid Region_Key mapping
SEED-00064,41067,CLM041067,Region,Missing Region,High,<blank>,Western Cape,Restored from the valid Region_Key mapping
SEED-00065,27509,CLM027509,Region,Missing Region,High,<blank>,KwaZulu-Natal,Restored from the valid Region_Key mapping
SEED-00066,31108,CLM031108,Region,Missing Region,High,<blank>,Eastern Cape,Restored from the valid Region_Key mapping
SEED-00067,31605,CLM031605,Region,Missing Region,High,<blank>,Gauteng,Restored from the valid Region_Key mapping
SEED-00068,52996,CLM052996,Region,Missing Region,High,<blank>,North West,Restored from the valid Region_Key mapping
SEED-00069,26199,CLM026199,Region,Missing Region,High,<blank>,KwaZulu-Natal,Restored from the valid Region_Key mapping
SEED-00070,48721,CLM048721,Region,Missing Region,High,<blank>,Gauteng,Restored from the valid Region_Key mapping
SEED-00071,50895,CLM050895,Region,Missing Region,High,<blank>,Gauteng,Restored from the valid Region_Key mapping
SEED-00072,15264,CLM015264,Region,Missing Region,High,<blank>,Northern Cape,Restored from the valid Region_Key mapping
SEED-00073,52572,CLM052572,Region,Missing Region,High,<blank>,Western Cape,Restored from the valid Region_Key mapping
SEED-00074,53902,CLM053902,Region,Missing Region,High,<blank>,Gauteng,Restored from the valid Region_Key mapping
SEED-00075,22440,CLM022440,Region,Missing Region,High,<blank>,KwaZulu-Natal,Restored from the valid Region_Key mapping
SEED-00076,6727,CLM006727,Region,Missing Region,High,<blank>,KwaZulu-Natal,Restored from the valid Region_Key mapping
SEED-00077,38353,CLM038353,Region,Missing Region,High,<blank>,KwaZulu-Natal,Restored from the valid Region_Key mapping
SEED-00078,30494,CLM030494,Region,Missing Region,High,<blank>,Gauteng,Restored from the valid Region_Key mapping
SEED-00079,56666,CLM056666,Region,Missing Region,High,<blank>,Gauteng,Restored from the valid Region_Key mapping
SEED-00080,21940,CLM021940,Region,Missing Region,High,<blank>,Western Cape,Restored from the valid Region_Key mapping
SEED-00081,23405,CLM023405,Region,Missing Region,High,<blank>,North West,Restored from the valid Region_Key mapping
SEED-00082,7368,CLM007368,Region,Missing Region,High,<blank>,Western Cape,Restored from the valid Region_Key mapping
SEED-00083,1403,CLM001403,Region,Missing Region,High,<blank>,KwaZulu-Natal,Restored from the valid Region_Key mapping
SEED-00084,56442,CLM056442,Region,Missing Region,High,<blank>,Mpumalanga,Restored from the valid Region_Key mapping
SEED-00085,35659,CLM035659,Region,Missing Region,High,<blank>,Gauteng,Restored from the valid Region_Key mapping
SEED-00086,51613,CLM051613,Region,Missing Region,High,<blank>,Gauteng,Restored from the valid Region_Key mapping
SEED-00087,25651,CLM025651,Region,Missing Region,High,<blank>,Gauteng,Restored from the valid Region_Key mapping
SEED-00088,24830,CLM024830,Region,Missing Region,High,<blank>,Gauteng,Restored from the valid Region_Key mapping
SEED-00089,58118,CLM058118,Region,Missing Region,High,<blank>,Gauteng,Restored from the valid Region_Key mapping
SEED-00090,57787,CLM057787,Region,Missing Region,High,<blank>,Northern Cape,Restored from the valid Region_Key mapping
SEED-00091,43720,CLM043720,Region,Missing Region,High,<blank>,KwaZulu-Natal,Restored from the valid Region_Key mapping
SEED-00092,48057,CLM048057,Region,Missing Region,High,<blank>,KwaZulu-Natal,Restored from the valid Region_Key mapping
SEED-00093,35341,CLM035341,Region,Missing Region,High,<blank>,Limpopo,Restored from the valid Region_Key mapping
SEED-00094,1212,CLM001212,Region,Missing Region,High,<blank>,Mpumalanga,Restored from the valid Region_Key mapping
SEED-00095,30697,CLM030697,Region,Missing Region,High,<blank>,Western Cape,Restored from the valid Region_Key mapping
SEED-00096,67099,CLM067099,Region,Missing Region,High,<blank>,Gauteng,Restored from the valid Region_Key mapping
SEED-00097,56107,CLM056107,Region,Missing Region,High,<blank>,Northern Cape,Restored from the valid Region_Key mapping
SEED-00098,19338,CLM019338,Region,Missing Region,High,<blank>,KwaZulu-Natal,Restored from the valid Region_Key mapping
SEED-00099,69986,CLM069986,Region,Missing Region,High,<blank>,Western Cape,Restored from the valid Region_Key mapping
SEED-00100,36003,CLM036003,Region,Missing Region,High,<blank>,KwaZulu-Natal,Restored from the valid Region_Key mapping
SEED-00101,66061,CLM066061,Region,Missing Region,High,<blank>,Gauteng,Restored from the valid Region_Key mapping
SEED-00102,66871,CLM066871,Region,Missing Region,High,<blank>,Gauteng,Restored from the valid Region_Key mapping
SEED-00103,23696,CLM023696,Region,Missing Region,High,<blank>,Northern Cape,Restored from the valid Region_Key mapping
SEED-00104,54024,CLM054024,Region,Missing Region,High,<blank>,Eastern Cape,Restored from the valid Region_Key mapping
SEED-00105,35161,CLM035161,Region,Missing Region,High,<blank>,Western Cape,Restored from the valid Region_Key mapping
SEED-00106,57791,CLM057791,Region,Missing Region,High,<blank>,Western Cape,Restored from the valid Region_Key mapping
SEED-00107,12003,CLM012003,Region,Missing Region,High,<blank>,Gauteng,Restored from the valid Region_Key mapping
SEED-00108,9412,CLM009412,Region,Missing Region,High,<blank>,North West,Restored from the valid Region_Key mapping
SEED-00109,69252,CLM069252,Region,Missing Region,High,<blank>,KwaZulu-Natal,Restored from the valid Region_Key mapping
SEED-00110,24505,CLM024505,Region,Missing Region,High,<blank>,Western Cape,Restored from the valid Region_Key mapping
SEED-00111,57329,CLM057329,Region,Missing Region,High,<blank>,Gauteng,Restored from the valid Region_Key mapping
SEED-00112,27587,CLM027587,Region,Missing Region,High,<blank>,Western Cape,Restored from the valid Region_Key mapping
SEED-00113,26159,CLM026159,Region,Missing Region,High,<blank>,Western Cape,Restored from the valid Region_Key mapping
SEED-00114,21293,CLM021293,Region,Missing Region,High,<blank>,Mpumalanga,Restored from the valid Region_Key mapping
SEED-00115,22086,CLM022086,Region,Missing Region,High,<blank>,North West,Restored from the valid Region_Key mapping
SEED-00116,1749,CLM001749,Region,Missing Region,High,<blank>,Gauteng,Restored from the valid Region_Key mapping
SEED-00117,28234,CLM028234,Region,Missing Region,High,<blank>,Mpumalanga,Restored from the valid Region_Key mapping
SEED-00118,48534,CLM048534,Region,Missing Region,High,<blank>,Western Cape,Restored from the valid Region_Key mapping
SEED-00119,4366,CLM004366,Region,Missing Region,High,<blank>,Western Cape,Restored from the valid Region_Key mapping
SEED-00120,24162,CLM024162,Region,Missing Region,High,<blank>,Mpumalanga,Restored from the valid Region_Key mapping
SEED-00121,67501,CLM067501,Region,Missing Region,High,<blank>,Gauteng,Restored from the valid Region_Key mapping
SEED-00122,69025,CLM069025,Region,Missing Region,High,<blank>,Gauteng,Restored from the valid Region_Key mapping
SEED-00123,5597,CLM005597,Region,Missing Region,High,<blank>,KwaZulu-Natal,Restored from the valid Region_Key mapping
SEED-00124,74198,CLM074198,Region,Missing Region,High,<blank>,KwaZulu-Natal,Restored from the valid Region_Key mapping
SEED-00125,19173,CLM019173,Region,Missing Region,High,<blank>,KwaZulu-Natal,Restored from the valid Region_Key mapping
SEED-00126,14950,CLM014950,Region,Missing Region,High,<blank>,Mpumalanga,Restored from the valid Region_Key mapping
SEED-00127,51217,CLM051217,Region,Missing Region,High,<blank>,Gauteng,Restored from the valid Region_Key mapping
SEED-00128,9144,CLM009144,Region,Missing Region,High,<blank>,North West,Restored from the valid Region_Key mapping
SEED-00129,8856,CLM008856,Region,Missing Region,High,<blank>,KwaZulu-Natal,Restored from the valid Region_Key mapping
SEED-00130,4208,CLM004208,Region,Missing Region,High,<blank>,Gauteng,Restored from the valid Region_Key mapping
SEED-00131,63278,CLM063278,Region,Missing Region,High,<blank>,Eastern Cape,Restored from the valid Region_Key mapping
SEED-00132,14946,CLM014946,Region,Missing Region,High,<blank>,North West,Restored from the valid Region_Key mapping
SEED-00133,48619,CLM048619,Region,Missing Region,High,<blank>,Gauteng,Restored from the valid Region_Key mapping
SEED-00134,50249,CLM050249,Region,Missing Region,High,<blank>,Mpumalanga,Restored from the valid Region_Key mapping
SEED-00135,59098,CLM059098,Region,Missing Region,High,<blank>,Mpumalanga,Restored from the valid Region_Key mapping
SEED-00136,63393,CLM063393,Region,Missing Region,High,<blank>,Gauteng,Restored from the valid Region_Key mapping
SEED-00137,50024,CLM050024,Region,Missing Region,High,<blank>,Limpopo,Restored from the valid Region_Key mapping
SEED-00138,35395,CLM035395,Region,Missing Region,High,<blank>,Gauteng,Restored from the valid Region_Key mapping
SEED-00139,74752,CLM074752,Region,Missing Region,High,<blank>,Eastern Cape,Restored from the valid Region_Key mapping
SEED-00140,34588,CLM034588,Region,Missing Region,High,<blank>,Western Cape,Restored from the valid Region_Key mapping
SEED-00141,15672,CLM015672,Region,Missing Region,High,<blank>,Western Cape,Restored from the valid Region_Key mapping
SEED-00142,55608,CLM055608,Region,Missing Region,High,<blank>,Gauteng,Restored from the valid Region_Key mapping
SEED-00143,5056,CLM005056,Region,Missing Region,High,<blank>,North West,Restored from the valid Region_Key mapping
SEED-00144,59507,CLM059507,Region,Missing Region,High,<blank>,Gauteng,Restored from the valid Region_Key mapping
SEED-00145,61380,CLM061380,Region,Missing Region,High,<blank>,Eastern Cape,Restored from the valid Region_Key mapping
SEED-00146,71481,CLM071481,Region,Missing Region,High,<blank>,Mpumalanga,Restored from the valid Region_Key mapping
SEED-00147,70672,CLM070672,Region,Missing Region,High,<blank>,Western Cape,Restored from the valid Region_Key mapping
SEED-00148,15559,CLM015559,Region,Missing Region,High,<blank>,Gauteng,Restored from the valid Region_Key mapping
SEED-00149,54832,CLM054832,Region,Missing Region,High,<blank>,Western Cape,Restored from the valid Region_Key mapping
SEED-00150,33840,CLM033840,Region,Missing Region,High,<blank>,Limpopo,Restored from the valid Region_Key mapping
SEED-00151,62903,CLM062903,Region,Missing Region,High,<blank>,Free State,Restored from the valid Region_Key mapping
SEED-00152,55713,CLM055713,Region,Missing Region,High,<blank>,Eastern Cape,Restored from the valid Region_Key mapping
SEED-00153,67007,CLM067007,Region,Missing Region,High,<blank>,Eastern Cape,Restored from the valid Region_Key mapping
SEED-00154,61692,CLM061692,Region,Missing Region,High,<blank>,Gauteng,Restored from the valid Region_Key mapping
SEED-00155,62382,CLM062382,Region,Missing Region,High,<blank>,KwaZulu-Natal,Restored from the valid Region_Key mapping
SEED-00156,39307,CLM039307,Region,Missing Region,High,<blank>,Gauteng,Restored from the valid Region_Key mapping
SEED-00157,47206,CLM047206,Region,Missing Region,High,<blank>,Eastern Cape,Restored from the valid Region_Key mapping
SEED-00158,53861,CLM053861,Region,Missing Region,High,<blank>,KwaZulu-Natal,Restored from the valid Region_Key mapping
SEED-00159,29373,CLM029373,Region,Missing Region,High,<blank>,Mpumalanga,Restored from the valid Region_Key mapping
SEED-00160,35110,CLM035110,Region,Missing Region,High,<blank>,Limpopo,Restored from the valid Region_Key mapping
SEED-00161,74938,CLM074938,Region,Missing Region,High,<blank>,KwaZulu-Natal,Restored from the valid Region_Key mapping
SEED-00162,59937,CLM059937,Region,Missing Region,High,<blank>,Eastern Cape,Restored from the valid Region_Key mapping
SEED-00163,24340,CLM024340,Region,Missing Region,High,<blank>,Gauteng,Restored from the valid Region_Key mapping
SEED-00164,14845,CLM014845,Region,Missing Region,High,<blank>,Mpumalanga,Restored from the valid Region_Key mapping
SEED-00165,44612,CLM044612,Region,Missing Region,High,<blank>,Gauteng,Restored from the valid Region_Key mapping
SEED-00166,30406,CLM030406,Region,Missing Region,High,<blank>,Mpumalanga,Restored from the valid Region_Key mapping
SEED-00167,72694,CLM072694,Region,Missing Region,High,<blank>,North West,Restored from the valid Region_Key mapping
SEED-00168,55182,CLM055182,Region,Missing Region,High,<blank>,Western Cape,Restored from the valid Region_Key mapping
SEED-00169,60876,CLM060876,Region,Missing Region,High,<blank>,KwaZulu-Natal,Restored from the valid Region_Key mapping
SEED-00170,19345,CLM019345,Region,Missing Region,High,<blank>,Gauteng,Restored from the valid Region_Key mapping
SEED-00171,53872,CLM053872,Region,Missing Region,High,<blank>,Limpopo,Restored from the valid Region_Key mapping
SEED-00172,70325,CLM070325,Region,Missing Region,High,<blank>,Mpumalanga,Restored from the valid Region_Key mapping
SEED-00173,7079,CLM007079,Region,Missing Region,High,<blank>,Gauteng,Restored from the valid Region_Key mapping
SEED-00174,39315,CLM039315,Region,Missing Region,High,<blank>,Northern Cape,Restored from the valid Region_Key mapping
SEED-00175,11485,CLM011485,Region,Missing Region,High,<blank>,Eastern Cape,Restored from the valid Region_Key mapping
SEED-00176,67724,CLM067724,Region,Missing Region,High,<blank>,Gauteng,Restored from the valid Region_Key mapping
SEED-00177,60908,CLM060908,Region,Missing Region,High,<blank>,Limpopo,Restored from the valid Region_Key mapping
SEED-00178,5948,CLM005948,Region,Missing Region,High,<blank>,KwaZulu-Natal,Restored from the valid Region_Key mapping
SEED-00179,11983,CLM011983,Region,Missing Region,High,<blank>,Gauteng,Restored from the valid Region_Key mapping
SEED-00180,41638,CLM041638,Region,Missing Region,High,<blank>,Gauteng,Restored from the valid Region_Key mapping
SEED-00181,26913,CLM026913,Region,Missing Region,High,<blank>,Gauteng,Restored from the valid Region_Key mapping
SEED-00182,3122,CLM003122,Region,Missing Region,High,<blank>,Gauteng,Restored from the valid Region_Key mapping
SEED-00183,74819,CLM074819,Region,Missing Region,High,<blank>,KwaZulu-Natal,Restored from the valid Region_Key mapping
SEED-00184,19945,CLM019945,Region,Missing Region,High,<blank>,KwaZulu-Natal,Restored from the valid Region_Key mapping
SEED-00185,16982,CLM016982,Region,Missing Region,High,<blank>,KwaZulu-Natal,Restored from the valid Region_Key mapping
SEED-00186,72080,CLM072080,Region,Missing Region,High,<blank>,Gauteng,Restored from the valid Region_Key mapping
SEED-00187,8239,CLM008239,Region,Missing Region,High,<blank>,Mpumalanga,Restored from the valid Region_Key mapping
SEED-00188,10035,CLM010035,Region,Missing Region,High,<blank>,KwaZulu-Natal,Restored from the valid Region_Key mapping
SEED-00189,65860,CLM065860,Region,Missing Region,High,<blank>,KwaZulu-Natal,Restored from the valid Region_Key mapping
SEED-00190,10237,CLM010237,Region,Missing Region,High,<blank>,Gauteng,Restored from the valid Region_Key mapping
SEED-00191,19940,CLM019940,Region,Missing Region,High,<blank>,Western Cape,Restored from the valid Region_Key mapping
SEED-00192,44502,CLM044502,Region,Missing Region,High,<blank>,Free State,Restored from the valid Region_Key mapping
SEED-00193,41503,CLM041503,Region,Missing Region,High,<blank>,Mpumalanga,Restored from the valid Region_Key mapping
SEED-00194,64527,CLM064527,Region,Missing Region,High,<blank>,Gauteng,Restored from the valid Region_Key mapping
SEED-00195,30585,CLM030585,Region,Missing Region,High,<blank>,Gauteng,Restored from the valid Region_Key mapping
SEED-00196,57776,CLM057776,Region,Missing Region,High,<blank>,Western Cape,Restored from the valid Region_Key mapping
SEED-00197,31050,CLM031050,Region,Missing Region,High,<blank>,Gauteng,Restored from the valid Region_Key mapping
SEED-00198,63227,CLM063227,Region,Missing Region,High,<blank>,Gauteng,Restored from the valid Region_Key mapping
SEED-00199,59743,CLM059743,Region,Missing Region,High,<blank>,Gauteng,Restored from the valid Region_Key mapping
SEED-00200,16213,CLM016213,Region,Missing Region,High,<blank>,Gauteng,Restored from the valid Region_Key mapping
SEED-00201,30635,CLM030635,Claim_Amount,Missing Claim Amount,Critical,<blank>,42456.2,Restored the deterministic source amount
SEED-00202,53102,CLM053102,Claim_Amount,Missing Claim Amount,Critical,<blank>,54074.98,Restored the deterministic source amount
SEED-00203,48247,CLM048247,Claim_Amount,Missing Claim Amount,Critical,<blank>,33304.39,Restored the deterministic source amount
SEED-00204,35805,CLM035805,Claim_Amount,Missing Claim Amount,Critical,<blank>,82078.36,Restored the deterministic source amount
SEED-00205,8497,CLM008497,Claim_Amount,Missing Claim Amount,Critical,<blank>,110701.15,Restored the deterministic source amount
SEED-00206,38685,CLM038685,Claim_Amount,Missing Claim Amount,Critical,<blank>,224108.56,Restored the deterministic source amount
SEED-00207,59112,CLM059112,Claim_Amount,Missing Claim Amount,Critical,<blank>,69482.51,Restored the deterministic source amount
SEED-00208,50588,CLM050588,Claim_Amount,Missing Claim Amount,Critical,<blank>,73117.66,Restored the deterministic source amount
SEED-00209,16678,CLM016678,Claim_Amount,Missing Claim Amount,Critical,<blank>,485562.17,Restored the deterministic source amount
SEED-00210,3258,CLM003258,Claim_Amount,Missing Claim Amount,Critical,<blank>,137521.77,Restored the deterministic source amount
SEED-00211,68715,CLM068715,Claim_Amount,Missing Claim Amount,Critical,<blank>,18838.97,Restored the deterministic source amount
SEED-00212,19596,CLM019596,Claim_Amount,Missing Claim Amount,Critical,<blank>,67899.2,Restored the deterministic source amount
SEED-00213,61649,CLM061649,Claim_Amount,Missing Claim Amount,Critical,<blank>,68961.3,Restored the deterministic source amount
SEED-00214,56211,CLM056211,Claim_Amount,Missing Claim Amount,Critical,<blank>,95555.13,Restored the deterministic source amount
SEED-00215,60934,CLM060934,Claim_Amount,Missing Claim Amount,Critical,<blank>,36897.35,Restored the deterministic source amount
SEED-00216,29653,CLM029653,Claim_Amount,Missing Claim Amount,Critical,<blank>,900172.54,Restored the deterministic source amount
SEED-00217,27193,CLM027193,Claim_Amount,Missing Claim Amount,Critical,<blank>,54022.47,Restored the deterministic source amount
SEED-00218,43817,CLM043817,Claim_Amount,Missing Claim Amount,Critical,<blank>,7743.86,Restored the deterministic source amount
SEED-00219,54864,CLM054864,Claim_Amount,Missing Claim Amount,Critical,<blank>,82455.39,Restored the deterministic source amount
SEED-00220,57443,CLM057443,Claim_Amount,Missing Claim Amount,Critical,<blank>,35770.32,Restored the deterministic source amount
SEED-00221,39126,CLM039126,Claim_Amount,Missing Claim Amount,Critical,<blank>,23477.13,Restored the deterministic source amount
SEED-00222,59921,CLM059921,Claim_Amount,Missing Claim Amount,Critical,<blank>,27579.15,Restored the deterministic source amount
SEED-00223,69417,CLM069417,Claim_Amount,Missing Claim Amount,Critical,<blank>,170713.61,Restored the deterministic source amount
SEED-00224,62769,CLM062769,Claim_Amount,Missing Claim Amount,Critical,<blank>,100846.08,Restored the deterministic source amount
SEED-00225,48479,CLM048479,Claim_Amount,Missing Claim Amount,Critical,<blank>,204653.62,Restored the deterministic source amount
SEED-00226,42571,CLM042571,Claim_Amount,Missing Claim Amount,Critical,<blank>,23241.15,Restored the deterministic source amount
SEED-00227,65631,CLM065631,Claim_Amount,Missing Claim Amount,Critical,<blank>,271525.59,Restored the deterministic source amount
SEED-00228,61671,CLM061671,Claim_Amount,Missing Claim Amount,Critical,<blank>,59443.64,Restored the deterministic source amount
SEED-00229,71990,CLM071990,Claim_Amount,Missing Claim Amount,Critical,<blank>,47558.05,Restored the deterministic source amount
SEED-00230,67849,CLM067849,Claim_Amount,Missing Claim Amount,Critical,<blank>,16696.81,Restored the deterministic source amount
SEED-00231,60818,CLM060818,Claim_Amount,Missing Claim Amount,Critical,<blank>,166145.07,Restored the deterministic source amount
SEED-00232,16165,CLM016165,Claim_Amount,Missing Claim Amount,Critical,<blank>,21529.1,Restored the deterministic source amount
SEED-00233,18842,CLM018842,Claim_Amount,Missing Claim Amount,Critical,<blank>,18254.24,Restored the deterministic source amount
SEED-00234,65040,CLM065040,Claim_Amount,Missing Claim Amount,Critical,<blank>,81342.77,Restored the deterministic source amount
SEED-00235,25915,CLM025915,Claim_Amount,Missing Claim Amount,Critical,<blank>,66412.65,Restored the deterministic source amount
SEED-00236,35156,CLM035156,Claim_Amount,Missing Claim Amount,Critical,<blank>,64250.99,Restored the deterministic source amount
SEED-00237,47999,CLM047999,Claim_Amount,Missing Claim Amount,Critical,<blank>,37872.96,Restored the deterministic source amount
SEED-00238,59944,CLM059944,Claim_Amount,Missing Claim Amount,Critical,<blank>,86884.13,Restored the deterministic source amount
SEED-00239,37337,CLM037337,Claim_Amount,Missing Claim Amount,Critical,<blank>,286772.46,Restored the deterministic source amount
SEED-00240,42477,CLM042477,Claim_Amount,Missing Claim Amount,Critical,<blank>,39365.42,Restored the deterministic source amount
SEED-00241,44310,CLM044310,Claim_Amount,Missing Claim Amount,Critical,<blank>,106320.34,Restored the deterministic source amount
SEED-00242,20515,CLM020515,Claim_Amount,Missing Claim Amount,Critical,<blank>,91116.19,Restored the deterministic source amount
SEED-00243,15434,CLM015434,Claim_Amount,Missing Claim Amount,Critical,<blank>,195049.22,Restored the deterministic source amount
SEED-00244,5557,CLM005557,Claim_Amount,Missing Claim Amount,Critical,<blank>,198360.61,Restored the deterministic source amount
SEED-00245,58686,CLM058686,Claim_Amount,Missing Claim Amount,Critical,<blank>,50340.92,Restored the deterministic source amount
SEED-00246,67974,CLM067974,Claim_Amount,Missing Claim Amount,Critical,<blank>,29845.85,Restored the deterministic source amount
SEED-00247,12078,CLM012078,Claim_Amount,Missing Claim Amount,Critical,<blank>,115560.58,Restored the deterministic source amount
SEED-00248,18656,CLM018656,Claim_Amount,Missing Claim Amount,Critical,<blank>,142806.12,Restored the deterministic source amount
SEED-00249,18111,CLM018111,Claim_Amount,Missing Claim Amount,Critical,<blank>,161249.03,Restored the deterministic source amount
SEED-00250,41772,CLM041772,Claim_Amount,Missing Claim Amount,Critical,<blank>,181813.23,Restored the deterministic source amount
SEED-00251,72706,CLM072706,Claim_Amount,Missing Claim Amount,Critical,<blank>,39004.39,Restored the deterministic source amount
SEED-00252,2067,CLM002067,Claim_Amount,Missing Claim Amount,Critical,<blank>,62047.84,Restored the deterministic source amount
SEED-00253,56603,CLM056603,Claim_Amount,Missing Claim Amount,Critical,<blank>,168651.0,Restored the deterministic source amount
SEED-00254,55028,CLM055028,Claim_Amount,Missing Claim Amount,Critical,<blank>,452202.59,Restored the deterministic source amount
SEED-00255,74834,CLM074834,Claim_Amount,Missing Claim Amount,Critical,<blank>,131423.65,Restored the deterministic source amount
SEED-00256,8728,CLM008728,Claim_Amount,Missing Claim Amount,Critical,<blank>,668623.08,Restored the deterministic source amount
SEED-00257,72853,CLM072853,Claim_Amount,Missing Claim Amount,Critical,<blank>,194060.76,Restored the deterministic source amount
SEED-00258,16518,CLM016518,Claim_Amount,Missing Claim Amount,Critical,<blank>,23145.29,Restored the deterministic source amount
SEED-00259,3281,CLM003281,Claim_Amount,Missing Claim Amount,Critical,<blank>,119042.48,Restored the deterministic source amount
SEED-00260,72494,CLM072494,Claim_Amount,Missing Claim Amount,Critical,<blank>,26658.7,Restored the deterministic source amount
SEED-00261,68064,CLM068064,Claim_Amount,Missing Claim Amount,Critical,<blank>,55140.04,Restored the deterministic source amount
SEED-00262,71068,CLM071068,Claim_Amount,Missing Claim Amount,Critical,<blank>,18975.09,Restored the deterministic source amount
SEED-00263,65954,CLM065954,Claim_Amount,Missing Claim Amount,Critical,<blank>,11937.77,Restored the deterministic source amount
SEED-00264,16047,CLM016047,Claim_Amount,Missing Claim Amount,Critical,<blank>,89883.1,Restored the deterministic source amount
SEED-00265,62807,CLM062807,Claim_Amount,Missing Claim Amount,Critical,<blank>,171840.2,Restored the deterministic source amount
SEED-00266,56195,CLM056195,Claim_Amount,Missing Claim Amount,Critical,<blank>,115924.98,Restored the deterministic source amount
SEED-00267,12465,CLM012465,Claim_Amount,Missing Claim Amount,Critical,<blank>,165240.68,Restored the deterministic source amount
SEED-00268,39731,CLM039731,Claim_Amount,Missing Claim Amount,Critical,<blank>,126543.57,Restored the deterministic source amount
SEED-00269,25617,CLM025617,Claim_Amount,Missing Claim Amount,Critical,<blank>,92751.69,Restored the deterministic source amount
SEED-00270,17780,CLM017780,Claim_Amount,Missing Claim Amount,Critical,<blank>,69161.81,Restored the deterministic source amount
SEED-00271,50739,CLM050739,Claim_Amount,Missing Claim Amount,Critical,<blank>,111334.73,Restored the deterministic source amount
SEED-00272,17750,CLM017750,Claim_Amount,Missing Claim Amount,Critical,<blank>,131796.23,Restored the deterministic source amount
SEED-00273,10196,CLM010196,Claim_Amount,Missing Claim Amount,Critical,<blank>,123015.26,Restored the deterministic source amount
SEED-00274,21503,CLM021503,Claim_Amount,Missing Claim Amount,Critical,<blank>,25030.24,Restored the deterministic source amount
SEED-00275,51673,CLM051673,Claim_Amount,Missing Claim Amount,Critical,<blank>,27954.39,Restored the deterministic source amount
SEED-00276,24148,CLM024148,Claim_Amount,Missing Claim Amount,Critical,<blank>,131631.7,Restored the deterministic source amount
SEED-00277,27847,CLM027847,Claim_Amount,Missing Claim Amount,Critical,<blank>,34650.91,Restored the deterministic source amount
SEED-00278,70730,CLM070730,Claim_Amount,Missing Claim Amount,Critical,<blank>,75222.25,Restored the deterministic source amount
SEED-00279,45305,CLM045305,Claim_Amount,Missing Claim Amount,Critical,<blank>,52881.43,Restored the deterministic source amount
SEED-00280,36277,CLM036277,Claim_Amount,Missing Claim Amount,Critical,<blank>,394851.99,Restored the deterministic source amount
SEED-00281,19355,CLM019355,Claim_Amount,Missing Claim Amount,Critical,<blank>,90760.73,Restored the deterministic source amount
SEED-00282,8193,CLM008193,Claim_Amount,Missing Claim Amount,Critical,<blank>,124486.02,Restored the deterministic source amount
SEED-00283,53815,CLM053815,Claim_Amount,Missing Claim Amount,Critical,<blank>,40694.0,Restored the deterministic source amount
SEED-00284,5011,CLM005011,Claim_Amount,Missing Claim Amount,Critical,<blank>,277668.52,Restored the deterministic source amount
SEED-00285,1429,CLM001429,Claim_Amount,Missing Claim Amount,Critical,<blank>,114961.76,Restored the deterministic source amount
SEED-00286,13969,CLM013969,Claim_Amount,Missing Claim Amount,Critical,<blank>,225217.81,Restored the deterministic source amount
SEED-00287,46764,CLM046764,Claim_Amount,Missing Claim Amount,Critical,<blank>,224611.42,Restored the deterministic source amount
SEED-00288,28000,CLM028000,Claim_Amount,Missing Claim Amount,Critical,<blank>,12225.6,Restored the deterministic source amount
SEED-00289,57753,CLM057753,Claim_Amount,Missing Claim Amount,Critical,<blank>,51439.74,Restored the deterministic source amount
SEED-00290,44791,CLM044791,Claim_Amount,Missing Claim Amount,Critical,<blank>,11260.42,Restored the deterministic source amount
SEED-00291,55409,CLM055409,Claim_Amount,Missing Claim Amount,Critical,<blank>,14717.21,Restored the deterministic source amount
SEED-00292,65279,CLM065279,Claim_Amount,Missing Claim Amount,Critical,<blank>,87006.39,Restored the deterministic source amount
SEED-00293,65585,CLM065585,Claim_Amount,Missing Claim Amount,Critical,<blank>,214181.21,Restored the deterministic source amount
SEED-00294,67770,CLM067770,Claim_Amount,Missing Claim Amount,Critical,<blank>,9756.71,Restored the deterministic source amount
SEED-00295,57481,CLM057481,Claim_Amount,Missing Claim Amount,Critical,<blank>,71799.29,Restored the deterministic source amount
SEED-00296,68560,CLM068560,Claim_Amount,Missing Claim Amount,Critical,<blank>,201562.26,Restored the deterministic source amount
SEED-00297,23195,CLM023195,Claim_Amount,Missing Claim Amount,Critical,<blank>,107372.23,Restored the deterministic source amount
SEED-00298,35772,CLM035772,Claim_Amount,Missing Claim Amount,Critical,<blank>,79952.32,Restored the deterministic source amount
SEED-00299,10443,CLM010443,Claim_Amount,Missing Claim Amount,Critical,<blank>,90892.29,Restored the deterministic source amount
SEED-00300,29010,CLM029010,Claim_Amount,Missing Claim Amount,Critical,<blank>,92204.76,Restored the deterministic source amount
SEED-00301,37322,CLM037322,Claim_Amount,Missing Claim Amount,Critical,<blank>,24709.88,Restored the deterministic source amount
SEED-00302,74610,CLM074610,Claim_Amount,Missing Claim Amount,Critical,<blank>,9215.69,Restored the deterministic source amount
SEED-00303,52103,CLM052103,Claim_Amount,Missing Claim Amount,Critical,<blank>,46481.08,Restored the deterministic source amount
SEED-00304,16353,CLM016353,Claim_Amount,Missing Claim Amount,Critical,<blank>,45463.95,Restored the deterministic source amount
SEED-00305,74908,CLM074908,Claim_Amount,Missing Claim Amount,Critical,<blank>,33126.55,Restored the deterministic source amount
SEED-00306,51678,CLM051678,Claim_Amount,Missing Claim Amount,Critical,<blank>,43016.01,Restored the deterministic source amount
SEED-00307,24071,CLM024071,Claim_Amount,Missing Claim Amount,Critical,<blank>,52752.09,Restored the deterministic source amount
SEED-00308,54646,CLM054646,Claim_Amount,Missing Claim Amount,Critical,<blank>,94583.06,Restored the deterministic source amount
SEED-00309,3542,CLM003542,Claim_Amount,Missing Claim Amount,Critical,<blank>,34324.13,Restored the deterministic source amount
SEED-00310,41867,CLM041867,Claim_Amount,Missing Claim Amount,Critical,<blank>,111636.79,Restored the deterministic source amount
SEED-00311,63688,CLM063688,Claim_Amount,Missing Claim Amount,Critical,<blank>,199614.13,Restored the deterministic source amount
SEED-00312,33424,CLM033424,Claim_Amount,Missing Claim Amount,Critical,<blank>,136157.07,Restored the deterministic source amount
SEED-00313,64756,CLM064756,Claim_Amount,Missing Claim Amount,Critical,<blank>,167248.86,Restored the deterministic source amount
SEED-00314,62930,CLM062930,Claim_Amount,Missing Claim Amount,Critical,<blank>,191545.21,Restored the deterministic source amount
SEED-00315,60372,CLM060372,Claim_Amount,Missing Claim Amount,Critical,<blank>,21751.55,Restored the deterministic source amount
SEED-00316,6414,CLM006414,Claim_Amount,Missing Claim Amount,Critical,<blank>,270427.01,Restored the deterministic source amount
SEED-00317,2760,CLM002760,Claim_Amount,Missing Claim Amount,Critical,<blank>,71285.24,Restored the deterministic source amount
SEED-00318,47435,CLM047435,Claim_Amount,Missing Claim Amount,Critical,<blank>,173978.79,Restored the deterministic source amount
SEED-00319,56499,CLM056499,Claim_Amount,Missing Claim Amount,Critical,<blank>,210958.45,Restored the deterministic source amount
SEED-00320,22539,CLM022539,Claim_Amount,Missing Claim Amount,Critical,<blank>,153091.24,Restored the deterministic source amount
SEED-00321,20312,CLM020312,Claim_Amount,Missing Claim Amount,Critical,<blank>,26264.16,Restored the deterministic source amount
SEED-00322,57001,CLM057001,Claim_Amount,Missing Claim Amount,Critical,<blank>,40814.89,Restored the deterministic source amount
SEED-00323,19569,CLM019569,Claim_Amount,Missing Claim Amount,Critical,<blank>,74802.46,Restored the deterministic source amount
SEED-00324,69213,CLM069213,Claim_Amount,Missing Claim Amount,Critical,<blank>,396340.8,Restored the deterministic source amount
SEED-00325,2592,CLM002592,Claim_Amount,Missing Claim Amount,Critical,<blank>,113600.51,Restored the deterministic source amount
SEED-00326,480,CLM000480,Claim_Amount,Missing Claim Amount,Critical,<blank>,138642.16,Restored the deterministic source amount
SEED-00327,38624,CLM038624,Claim_Amount,Missing Claim Amount,Critical,<blank>,272347.22,Restored the deterministic source amount
SEED-00328,46356,CLM046356,Claim_Amount,Missing Claim Amount,Critical,<blank>,25100.65,Restored the deterministic source amount
SEED-00329,4433,CLM004433,Claim_Amount,Missing Claim Amount,Critical,<blank>,69131.64,Restored the deterministic source amount
SEED-00330,6529,CLM006529,Claim_Amount,Missing Claim Amount,Critical,<blank>,162498.13,Restored the deterministic source amount
SEED-00331,64974,CLM064974,Claim_Amount,Missing Claim Amount,Critical,<blank>,3199693.12,Restored the deterministic source amount
SEED-00332,67627,CLM067627,Claim_Amount,Missing Claim Amount,Critical,<blank>,307071.87,Restored the deterministic source amount
SEED-00333,59631,CLM059631,Claim_Amount,Missing Claim Amount,Critical,<blank>,8358.06,Restored the deterministic source amount
SEED-00334,5089,CLM005089,Claim_Amount,Missing Claim Amount,Critical,<blank>,24801.43,Restored the deterministic source amount
SEED-00335,11868,CLM011868,Claim_Amount,Missing Claim Amount,Critical,<blank>,12270.76,Restored the deterministic source amount
SEED-00336,62601,CLM062601,Claim_Amount,Missing Claim Amount,Critical,<blank>,76220.55,Restored the deterministic source amount
SEED-00337,61772,CLM061772,Claim_Amount,Missing Claim Amount,Critical,<blank>,144078.84,Restored the deterministic source amount
SEED-00338,8213,CLM008213,Claim_Amount,Missing Claim Amount,Critical,<blank>,214721.69,Restored the deterministic source amount
SEED-00339,56324,CLM056324,Claim_Amount,Missing Claim Amount,Critical,<blank>,23189.73,Restored the deterministic source amount
SEED-00340,54793,CLM054793,Claim_Amount,Missing Claim Amount,Critical,<blank>,59948.38,Restored the deterministic source amount
SEED-00341,49024,CLM049024,Claim_Amount,Missing Claim Amount,Critical,<blank>,103690.68,Restored the deterministic source amount
SEED-00342,7228,CLM007228,Claim_Amount,Missing Claim Amount,Critical,<blank>,7580.3,Restored the deterministic source amount
SEED-00343,1790,CLM001790,Claim_Amount,Missing Claim Amount,Critical,<blank>,26175.71,Restored the deterministic source amount
SEED-00344,65668,CLM065668,Claim_Amount,Missing Claim Amount,Critical,<blank>,4773.42,Restored the deterministic source amount
SEED-00345,66846,CLM066846,Claim_Amount,Missing Claim Amount,Critical,<blank>,189696.3,Restored the deterministic source amount
SEED-00346,30761,CLM030761,Claim_Amount,Missing Claim Amount,Critical,<blank>,65501.83,Restored the deterministic source amount
SEED-00347,3455,CLM003455,Claim_Amount,Missing Claim Amount,Critical,<blank>,56397.48,Restored the deterministic source amount
SEED-00348,40894,CLM040894,Claim_Amount,Missing Claim Amount,Critical,<blank>,136853.25,Restored the deterministic source amount
SEED-00349,21644,CLM021644,Claim_Amount,Missing Claim Amount,Critical,<blank>,137702.13,Restored the deterministic source amount
SEED-00350,45958,CLM045958,Claim_Amount,Missing Claim Amount,Critical,<blank>,33928.79,Restored the deterministic source amount
SEED-00351,15770,CLM015770,Claim_Amount,Missing Claim Amount,Critical,<blank>,4386.6,Restored the deterministic source amount
SEED-00352,25028,CLM025028,Claim_Amount,Missing Claim Amount,Critical,<blank>,37455.89,Restored the deterministic source amount
SEED-00353,36943,CLM036943,Claim_Amount,Missing Claim Amount,Critical,<blank>,226715.39,Restored the deterministic source amount
SEED-00354,68841,CLM068841,Claim_Amount,Missing Claim Amount,Critical,<blank>,756940.86,Restored the deterministic source amount
SEED-00355,41227,CLM041227,Claim_Amount,Missing Claim Amount,Critical,<blank>,182268.72,Restored the deterministic source amount
SEED-00356,53823,CLM053823,Claim_Amount,Missing Claim Amount,Critical,<blank>,218910.53,Restored the deterministic source amount
SEED-00357,74572,CLM074572,Claim_Amount,Missing Claim Amount,Critical,<blank>,72085.29,Restored the deterministic source amount
SEED-00358,2063,CLM002063,Claim_Amount,Missing Claim Amount,Critical,<blank>,75015.35,Restored the deterministic source amount
SEED-00359,9861,CLM009861,Claim_Amount,Missing Claim Amount,Critical,<blank>,121302.65,Restored the deterministic source amount
SEED-00360,8547,CLM008547,Claim_Amount,Missing Claim Amount,Critical,<blank>,38706.96,Restored the deterministic source amount
SEED-00361,14086,CLM014086,Claim_Amount,Missing Claim Amount,Critical,<blank>,92228.33,Restored the deterministic source amount
SEED-00362,23455,CLM023455,Claim_Amount,Missing Claim Amount,Critical,<blank>,100510.38,Restored the deterministic source amount
SEED-00363,27390,CLM027390,Claim_Amount,Missing Claim Amount,Critical,<blank>,417203.08,Restored the deterministic source amount
SEED-00364,14187,CLM014187,Claim_Amount,Missing Claim Amount,Critical,<blank>,171962.07,Restored the deterministic source amount
SEED-00365,2189,CLM002189,Claim_Amount,Missing Claim Amount,Critical,<blank>,5457.53,Restored the deterministic source amount
SEED-00366,22298,CLM022298,Claim_Amount,Missing Claim Amount,Critical,<blank>,76114.41,Restored the deterministic source amount
SEED-00367,54323,CLM054323,Claim_Amount,Missing Claim Amount,Critical,<blank>,25071.81,Restored the deterministic source amount
SEED-00368,43033,CLM043033,Claim_Amount,Missing Claim Amount,Critical,<blank>,11261.18,Restored the deterministic source amount
SEED-00369,2689,CLM002689,Claim_Amount,Missing Claim Amount,Critical,<blank>,26058.61,Restored the deterministic source amount
SEED-00370,47420,CLM047420,Claim_Amount,Missing Claim Amount,Critical,<blank>,30201.25,Restored the deterministic source amount
SEED-00371,73503,CLM073503,Claim_Amount,Missing Claim Amount,Critical,<blank>,65592.45,Restored the deterministic source amount
SEED-00372,3817,CLM003817,Claim_Amount,Missing Claim Amount,Critical,<blank>,102640.4,Restored the deterministic source amount
SEED-00373,56073,CLM056073,Claim_Amount,Missing Claim Amount,Critical,<blank>,602484.43,Restored the deterministic source amount
SEED-00374,51488,CLM051488,Claim_Amount,Missing Claim Amount,Critical,<blank>,272807.62,Restored the deterministic source amount
SEED-00375,66447,CLM066447,Claim_Amount,Missing Claim Amount,Critical,<blank>,701891.95,Restored the deterministic source amount
SEED-00376,55334,CLM055334,Claim_Amount,Missing Claim Amount,Critical,<blank>,304511.84,Restored the deterministic source amount
SEED-00377,13794,CLM013794,Claim_Amount,Missing Claim Amount,Critical,<blank>,85896.36,Restored the deterministic source amount
SEED-00378,31131,CLM031131,Claim_Amount,Missing Claim Amount,Critical,<blank>,133867.09,Restored the deterministic source amount
SEED-00379,61548,CLM061548,Claim_Amount,Missing Claim Amount,Critical,<blank>,181515.83,Restored the deterministic source amount
SEED-00380,17098,CLM017098,Claim_Amount,Missing Claim Amount,Critical,<blank>,117447.07,Restored the deterministic source amount
SEED-00381,17344,CLM017344,Claim_Amount,Negative Claim Amount,Critical,-42446.55,42446.55,Replaced with the validated positive source amount
SEED-00382,6198,CLM006198,Claim_Amount,Negative Claim Amount,Critical,-315740.98,315740.98,Replaced with the validated positive source amount
SEED-00383,39104,CLM039104,Claim_Amount,Negative Claim Amount,Critical,-138845.59,138845.59,Replaced with the validated positive source amount
SEED-00384,40276,CLM040276,Claim_Amount,Negative Claim Amount,Critical,-45053.96,45053.96,Replaced with the validated positive source amount
SEED-00385,46362,CLM046362,Claim_Amount,Negative Claim Amount,Critical,-83578.1,83578.1,Replaced with the validated positive source amount
SEED-00386,71604,CLM071604,Claim_Amount,Negative Claim Amount,Critical,-45326.58,45326.58,Replaced with the validated positive source amount
SEED-00387,30112,CLM030112,Claim_Amount,Negative Claim Amount,Critical,-144164.36,144164.36,Replaced with the validated positive source amount
SEED-00388,52550,CLM052550,Claim_Amount,Negative Claim Amount,Critical,-189156.67,189156.67,Replaced with the validated positive source amount
SEED-00389,55111,CLM055111,Claim_Amount,Negative Claim Amount,Critical,-72894.48,72894.48,Replaced with the validated positive source amount
SEED-00390,62437,CLM062437,Claim_Amount,Negative Claim Amount,Critical,-38398.51,38398.51,Replaced with the validated positive source amount
SEED-00391,5158,CLM005158,Claim_Amount,Negative Claim Amount,Critical,-30995.67,30995.67,Replaced with the validated positive source amount
SEED-00392,44862,CLM044862,Claim_Amount,Negative Claim Amount,Critical,-377270.84,377270.84,Replaced with the validated positive source amount
SEED-00393,36433,CLM036433,Claim_Amount,Negative Claim Amount,Critical,-256532.4,256532.4,Replaced with the validated positive source amount
SEED-00394,7535,CLM007535,Claim_Amount,Negative Claim Amount,Critical,-209812.93,209812.93,Replaced with the validated positive source amount
SEED-00395,45674,CLM045674,Claim_Amount,Negative Claim Amount,Critical,-231304.35,231304.35,Replaced with the validated positive source amount
SEED-00396,66682,CLM066682,Claim_Amount,Negative Claim Amount,Critical,-504457.88,504457.88,Replaced with the validated positive source amount
SEED-00397,39773,CLM039773,Claim_Amount,Negative Claim Amount,Critical,-170508.67,170508.67,Replaced with the validated positive source amount
SEED-00398,37763,CLM037763,Claim_Amount,Negative Claim Amount,Critical,-201141.19,201141.19,Replaced with the validated positive source amount
SEED-00399,60433,CLM060433,Claim_Amount,Negative Claim Amount,Critical,-162891.8,162891.8,Replaced with the validated positive source amount
SEED-00400,62281,CLM062281,Claim_Amount,Negative Claim Amount,Critical,-547341.6,547341.6,Replaced with the validated positive source amount
SEED-00401,70233,CLM070233,Claim_Amount,Negative Claim Amount,Critical,-132992.14,132992.14,Replaced with the validated positive source amount
SEED-00402,15023,CLM015023,Claim_Amount,Negative Claim Amount,Critical,-70539.21,70539.21,Replaced with the validated positive source amount
SEED-00403,49212,CLM049212,Claim_Amount,Negative Claim Amount,Critical,-60047.94,60047.94,Replaced with the validated positive source amount
SEED-00404,25946,CLM025946,Claim_Amount,Negative Claim Amount,Critical,-34795.51,34795.51,Replaced with the validated positive source amount
SEED-00405,13602,CLM013602,Claim_Amount,Negative Claim Amount,Critical,-665467.04,665467.04,Replaced with the validated positive source amount
SEED-00406,18979,CLM018979,Claim_Amount,Negative Claim Amount,Critical,-21286.16,21286.16,Replaced with the validated positive source amount
SEED-00407,29070,CLM029070,Claim_Amount,Negative Claim Amount,Critical,-113550.43,113550.43,Replaced with the validated positive source amount
SEED-00408,33847,CLM033847,Claim_Amount,Negative Claim Amount,Critical,-445910.56,445910.56,Replaced with the validated positive source amount
SEED-00409,70294,CLM070294,Claim_Amount,Negative Claim Amount,Critical,-1311164.42,1311164.42,Replaced with the validated positive source amount
SEED-00410,23762,CLM023762,Claim_Amount,Negative Claim Amount,Critical,-187854.15,187854.15,Replaced with the validated positive source amount
SEED-00411,34987,CLM034987,Claim_Amount,Negative Claim Amount,Critical,-46905.71,46905.71,Replaced with the validated positive source amount
SEED-00412,48412,CLM048412,Claim_Amount,Negative Claim Amount,Critical,-53422.83,53422.83,Replaced with the validated positive source amount
SEED-00413,49489,CLM049489,Claim_Amount,Negative Claim Amount,Critical,-169829.16,169829.16,Replaced with the validated positive source amount
SEED-00414,40856,CLM040856,Claim_Amount,Negative Claim Amount,Critical,-39563.9,39563.9,Replaced with the validated positive source amount
SEED-00415,20629,CLM020629,Claim_Amount,Negative Claim Amount,Critical,-188319.93,188319.93,Replaced with the validated positive source amount
SEED-00416,17519,CLM017519,Claim_Amount,Negative Claim Amount,Critical,-139687.0,139687.0,Replaced with the validated positive source amount
SEED-00417,57689,CLM057689,Claim_Amount,Negative Claim Amount,Critical,-46315.12,46315.12,Replaced with the validated positive source amount
SEED-00418,40599,CLM040599,Claim_Amount,Negative Claim Amount,Critical,-69093.08,69093.08,Replaced with the validated positive source amount
SEED-00419,22102,CLM022102,Claim_Amount,Negative Claim Amount,Critical,-67843.69,67843.69,Replaced with the validated positive source amount
SEED-00420,17574,CLM017574,Claim_Amount,Negative Claim Amount,Critical,-170720.96,170720.96,Replaced with the validated positive source amount
SEED-00421,58894,CLM058894,Claim_Amount,Negative Claim Amount,Critical,-94046.24,94046.24,Replaced with the validated positive source amount
SEED-00422,39867,CLM039867,Claim_Amount,Negative Claim Amount,Critical,-28709.33,28709.33,Replaced with the validated positive source amount
SEED-00423,41374,CLM041374,Claim_Amount,Negative Claim Amount,Critical,-103445.33,103445.33,Replaced with the validated positive source amount
SEED-00424,6162,CLM006162,Claim_Amount,Negative Claim Amount,Critical,-712850.76,712850.76,Replaced with the validated positive source amount
SEED-00425,52720,CLM052720,Claim_Amount,Negative Claim Amount,Critical,-61647.08,61647.08,Replaced with the validated positive source amount
SEED-00426,37040,CLM037040,Claim_Amount,Negative Claim Amount,Critical,-721836.71,721836.71,Replaced with the validated positive source amount
SEED-00427,3785,CLM003785,Claim_Amount,Negative Claim Amount,Critical,-21294.15,21294.15,Replaced with the validated positive source amount
SEED-00428,17956,CLM017956,Claim_Amount,Negative Claim Amount,Critical,-70661.58,70661.58,Replaced with the validated positive source amount
SEED-00429,1286,CLM001286,Claim_Amount,Negative Claim Amount,Critical,-252164.43,252164.43,Replaced with the validated positive source amount
SEED-00430,1609,CLM001609,Claim_Amount,Negative Claim Amount,Critical,-173838.58,173838.58,Replaced with the validated positive source amount
SEED-00431,27580,CLM027580,Claim_Amount,Negative Claim Amount,Critical,-206257.25,206257.25,Replaced with the validated positive source amount
SEED-00432,62378,CLM062378,Claim_Amount,Negative Claim Amount,Critical,-44517.86,44517.86,Replaced with the validated positive source amount
SEED-00433,52520,CLM052520,Claim_Amount,Negative Claim Amount,Critical,-73981.52,73981.52,Replaced with the validated positive source amount
SEED-00434,71662,CLM071662,Claim_Amount,Negative Claim Amount,Critical,-108066.49,108066.49,Replaced with the validated positive source amount
SEED-00435,63990,CLM063990,Claim_Amount,Negative Claim Amount,Critical,-126676.61,126676.61,Replaced with the validated positive source amount
SEED-00436,57863,CLM057863,Claim_Amount,Negative Claim Amount,Critical,-5593.5,5593.5,Replaced with the validated positive source amount
SEED-00437,71267,CLM071267,Claim_Amount,Negative Claim Amount,Critical,-55781.44,55781.44,Replaced with the validated positive source amount
SEED-00438,14430,CLM014430,Claim_Amount,Negative Claim Amount,Critical,-7650.61,7650.61,Replaced with the validated positive source amount
SEED-00439,40929,CLM040929,Claim_Amount,Negative Claim Amount,Critical,-186260.18,186260.18,Replaced with the validated positive source amount
SEED-00440,45694,CLM045694,Claim_Amount,Negative Claim Amount,Critical,-313155.43,313155.43,Replaced with the validated positive source amount
SEED-00441,12845,CLM012845,Claim_Amount,Negative Claim Amount,Critical,-37828.16,37828.16,Replaced with the validated positive source amount
SEED-00442,29529,CLM029529,Claim_Amount,Negative Claim Amount,Critical,-112756.78,112756.78,Replaced with the validated positive source amount
SEED-00443,595,CLM000595,Claim_Amount,Negative Claim Amount,Critical,-69529.58,69529.58,Replaced with the validated positive source amount
SEED-00444,26002,CLM026002,Claim_Amount,Negative Claim Amount,Critical,-20218.91,20218.91,Replaced with the validated positive source amount
SEED-00445,36356,CLM036356,Claim_Amount,Negative Claim Amount,Critical,-53114.29,53114.29,Replaced with the validated positive source amount
SEED-00446,63392,CLM063392,Claim_Amount,Negative Claim Amount,Critical,-140216.2,140216.2,Replaced with the validated positive source amount
SEED-00447,55392,CLM055392,Claim_Amount,Negative Claim Amount,Critical,-3898.8,3898.8,Replaced with the validated positive source amount
SEED-00448,2519,CLM002519,Claim_Amount,Negative Claim Amount,Critical,-388955.24,388955.24,Replaced with the validated positive source amount
SEED-00449,61039,CLM061039,Claim_Amount,Negative Claim Amount,Critical,-57030.37,57030.37,Replaced with the validated positive source amount
SEED-00450,16655,CLM016655,Claim_Amount,Negative Claim Amount,Critical,-166625.97,166625.97,Replaced with the validated positive source amount
SEED-00451,38654,CLM038654,Claim_Amount,Negative Claim Amount,Critical,-42632.98,42632.98,Replaced with the validated positive source amount
SEED-00452,73163,CLM073163,Claim_Amount,Negative Claim Amount,Critical,-111319.2,111319.2,Replaced with the validated positive source amount
SEED-00453,59627,CLM059627,Claim_Amount,Negative Claim Amount,Critical,-47079.13,47079.13,Replaced with the validated positive source amount
SEED-00454,74555,CLM074555,Claim_Amount,Negative Claim Amount,Critical,-44225.29,44225.29,Replaced with the validated positive source amount
SEED-00455,11783,CLM011783,Claim_Amount,Negative Claim Amount,Critical,-10382.98,10382.98,Replaced with the validated positive source amount
SEED-00456,49841,CLM049841,Claim_Amount,Negative Claim Amount,Critical,-178206.9,178206.9,Replaced with the validated positive source amount
SEED-00457,21831,CLM021831,Claim_Amount,Negative Claim Amount,Critical,-252225.12,252225.12,Replaced with the validated positive source amount
SEED-00458,30421,CLM030421,Claim_Amount,Negative Claim Amount,Critical,-18297.62,18297.62,Replaced with the validated positive source amount
SEED-00459,72949,CLM072949,Claim_Amount,Negative Claim Amount,Critical,-97368.03,97368.03,Replaced with the validated positive source amount
SEED-00460,31059,CLM031059,Claim_Amount,Negative Claim Amount,Critical,-66491.19,66491.19,Replaced with the validated positive source amount
SEED-00461,8107,CLM008107,Claim_Amount,Negative Claim Amount,Critical,-1929384.83,1929384.83,Replaced with the validated positive source amount
SEED-00462,70589,CLM070589,Claim_Amount,Negative Claim Amount,Critical,-115909.91,115909.91,Replaced with the validated positive source amount
SEED-00463,832,CLM000832,Claim_Amount,Negative Claim Amount,Critical,-43962.91,43962.91,Replaced with the validated positive source amount
SEED-00464,51226,CLM051226,Claim_Amount,Negative Claim Amount,Critical,-58603.35,58603.35,Replaced with the validated positive source amount
SEED-00465,21270,CLM021270,Claim_Amount,Negative Claim Amount,Critical,-115444.95,115444.95,Replaced with the validated positive source amount
SEED-00466,50,CLM000050,Claim_Amount,Negative Claim Amount,Critical,-177962.39,177962.39,Replaced with the validated positive source amount
SEED-00467,40312,CLM040312,Claim_Amount,Negative Claim Amount,Critical,-190973.35,190973.35,Replaced with the validated positive source amount
SEED-00468,48094,CLM048094,Claim_Amount,Negative Claim Amount,Critical,-88634.21,88634.21,Replaced with the validated positive source amount
SEED-00469,48049,CLM048049,Claim_Amount,Negative Claim Amount,Critical,-121973.85,121973.85,Replaced with the validated positive source amount
SEED-00470,14065,CLM014065,Claim_Amount,Negative Claim Amount,Critical,-251181.35,251181.35,Replaced with the validated positive source amount
SEED-00471,56738,CLM056738,Claim_Amount,Negative Claim Amount,Critical,-98812.76,98812.76,Replaced with the validated positive source amount
SEED-00472,55036,CLM055036,Claim_Amount,Negative Claim Amount,Critical,-18597.74,18597.74,Replaced with the validated positive source amount
SEED-00473,46490,CLM046490,Claim_Amount,Negative Claim Amount,Critical,-85564.51,85564.51,Replaced with the validated positive source amount
SEED-00474,10699,CLM010699,Claim_Amount,Negative Claim Amount,Critical,-89541.45,89541.45,Replaced with the validated positive source amount
SEED-00475,64777,CLM064777,Claim_Amount,Negative Claim Amount,Critical,-64464.44,64464.44,Replaced with the validated positive source amount
SEED-00476,33288,CLM033288,Claim_Amount,Negative Claim Amount,Critical,-22851.65,22851.65,Replaced with the validated positive source amount
SEED-00477,22120,CLM022120,Claim_Amount,Negative Claim Amount,Critical,-174511.51,174511.51,Replaced with the validated positive source amount
SEED-00478,64080,CLM064080,Claim_Amount,Negative Claim Amount,Critical,-56196.07,56196.07,Replaced with the validated positive source amount
SEED-00479,52492,CLM052492,Claim_Amount,Negative Claim Amount,Critical,-41810.97,41810.97,Replaced with the validated positive source amount
SEED-00480,11544,CLM011544,Claim_Amount,Negative Claim Amount,Critical,-204194.12,204194.12,Replaced with the validated positive source amount
SEED-00481,59999,CLM059999,Claim_Amount,Negative Claim Amount,Critical,-66020.27,66020.27,Replaced with the validated positive source amount
SEED-00482,31405,CLM031405,Claim_Amount,Negative Claim Amount,Critical,-506465.26,506465.26,Replaced with the validated positive source amount
SEED-00483,43688,CLM043688,Claim_Amount,Negative Claim Amount,Critical,-38686.36,38686.36,Replaced with the validated positive source amount
SEED-00484,73031,CLM073031,Claim_Amount,Negative Claim Amount,Critical,-26236.9,26236.9,Replaced with the validated positive source amount
SEED-00485,5713,CLM005713,Claim_Amount,Negative Claim Amount,Critical,-109119.66,109119.66,Replaced with the validated positive source amount
SEED-00486,67934,CLM067934,Claim_Amount,Negative Claim Amount,Critical,-53138.02,53138.02,Replaced with the validated positive source amount
SEED-00487,19388,CLM019388,Claim_Amount,Negative Claim Amount,Critical,-184574.36,184574.36,Replaced with the validated positive source amount
SEED-00488,1689,CLM001689,Claim_Amount,Negative Claim Amount,Critical,-177135.12,177135.12,Replaced with the validated positive source amount
SEED-00489,17677,CLM017677,Claim_Amount,Negative Claim Amount,Critical,-10424.54,10424.54,Replaced with the validated positive source amount
SEED-00490,24201,CLM024201,Claim_Amount,Negative Claim Amount,Critical,-100661.7,100661.7,Replaced with the validated positive source amount
SEED-00491,6746,CLM006746,Claim_Amount,Negative Claim Amount,Critical,-599175.17,599175.17,Replaced with the validated positive source amount
SEED-00492,35511,CLM035511,Claim_Amount,Negative Claim Amount,Critical,-22181.94,22181.94,Replaced with the validated positive source amount
SEED-00493,15354,CLM015354,Claim_Amount,Negative Claim Amount,Critical,-79000.09,79000.09,Replaced with the validated positive source amount
SEED-00494,20598,CLM020598,Claim_Amount,Negative Claim Amount,Critical,-48932.82,48932.82,Replaced with the validated positive source amount
SEED-00495,40411,CLM040411,Claim_Amount,Negative Claim Amount,Critical,-512096.8,512096.8,Replaced with the validated positive source amount
SEED-00496,43329,CLM043329,Claim_Amount,Negative Claim Amount,Critical,-68520.84,68520.84,Replaced with the validated positive source amount
SEED-00497,4810,CLM004810,Claim_Amount,Negative Claim Amount,Critical,-524401.55,524401.55,Replaced with the validated positive source amount
SEED-00498,70693,CLM070693,Claim_Amount,Negative Claim Amount,Critical,-6601.13,6601.13,Replaced with the validated positive source amount
SEED-00499,60615,CLM060615,Claim_Amount,Negative Claim Amount,Critical,-93299.14,93299.14,Replaced with the validated positive source amount
SEED-00500,1428,CLM001428,Claim_Amount,Negative Claim Amount,Critical,-149509.33,149509.33,Replaced with the validated positive source amount
SEED-00501,56432,CLM056432,Claim_Amount,Negative Claim Amount,Critical,-61841.52,61841.52,Replaced with the validated positive source amount
SEED-00502,34598,CLM034598,Claim_Amount,Negative Claim Amount,Critical,-34434.17,34434.17,Replaced with the validated positive source amount
SEED-00503,56998,CLM056998,Claim_Amount,Negative Claim Amount,Critical,-27349.77,27349.77,Replaced with the validated positive source amount
SEED-00504,26019,CLM026019,Claim_Amount,Negative Claim Amount,Critical,-6219.6,6219.6,Replaced with the validated positive source amount
SEED-00505,4289,CLM004289,Claim_Amount,Negative Claim Amount,Critical,-281138.48,281138.48,Replaced with the validated positive source amount
SEED-00506,56005,CLM056005,Claim_Amount,Negative Claim Amount,Critical,-116989.07,116989.07,Replaced with the validated positive source amount
SEED-00507,20364,CLM020364,Claim_Amount,Negative Claim Amount,Critical,-91934.72,91934.72,Replaced with the validated positive source amount
SEED-00508,18441,CLM018441,Claim_Amount,Negative Claim Amount,Critical,-59998.51,59998.51,Replaced with the validated positive source amount
SEED-00509,35912,CLM035912,Claim_Amount,Negative Claim Amount,Critical,-26654.39,26654.39,Replaced with the validated positive source amount
SEED-00510,70599,CLM070599,Claim_Amount,Negative Claim Amount,Critical,-266342.78,266342.78,Replaced with the validated positive source amount
SEED-00511,45123,CLM045123,Claim_Amount,Negative Claim Amount,Critical,-203224.24,203224.24,Replaced with the validated positive source amount
SEED-00512,8211,CLM008211,Claim_Amount,Negative Claim Amount,Critical,-74175.15,74175.15,Replaced with the validated positive source amount
SEED-00513,13886,CLM013886,Claim_Amount,Negative Claim Amount,Critical,-118620.58,118620.58,Replaced with the validated positive source amount
SEED-00514,28266,CLM028266,Claim_Amount,Negative Claim Amount,Critical,-167702.22,167702.22,Replaced with the validated positive source amount
SEED-00515,65621,CLM065621,Claim_Amount,Negative Claim Amount,Critical,-53641.13,53641.13,Replaced with the validated positive source amount
SEED-00516,29853,CLM029853,Claim_Amount,Negative Claim Amount,Critical,-40765.1,40765.1,Replaced with the validated positive source amount
SEED-00517,12253,CLM012253,Claim_Amount,Negative Claim Amount,Critical,-93078.25,93078.25,Replaced with the validated positive source amount
SEED-00518,26835,CLM026835,Claim_Amount,Negative Claim Amount,Critical,-49325.94,49325.94,Replaced with the validated positive source amount
SEED-00519,56028,CLM056028,Claim_Amount,Negative Claim Amount,Critical,-129030.25,129030.25,Replaced with the validated positive source amount
SEED-00520,15826,CLM015826,Claim_Amount,Negative Claim Amount,Critical,-75530.14,75530.14,Replaced with the validated positive source amount
SEED-00521,21034,CLM021034,Claim_Amount,Negative Claim Amount,Critical,-91990.97,91990.97,Replaced with the validated positive source amount
SEED-00522,66604,CLM066604,Claim_Amount,Negative Claim Amount,Critical,-14631.7,14631.7,Replaced with the validated positive source amount
SEED-00523,55656,CLM055656,Claim_Amount,Negative Claim Amount,Critical,-235712.95,235712.95,Replaced with the validated positive source amount
SEED-00524,59613,CLM059613,Claim_Amount,Negative Claim Amount,Critical,-94614.1,94614.1,Replaced with the validated positive source amount
SEED-00525,28555,CLM028555,Claim_Amount,Negative Claim Amount,Critical,-77828.0,77828.0,Replaced with the validated positive source amount
SEED-00526,25512,CLM025512,Claim_Amount,Negative Claim Amount,Critical,-573578.67,573578.67,Replaced with the validated positive source amount
SEED-00527,59707,CLM059707,Claim_Amount,Negative Claim Amount,Critical,-247522.66,247522.66,Replaced with the validated positive source amount
SEED-00528,69446,CLM069446,Claim_Amount,Negative Claim Amount,Critical,-175717.7,175717.7,Replaced with the validated positive source amount
SEED-00529,27607,CLM027607,Claim_Amount,Negative Claim Amount,Critical,-153079.71,153079.71,Replaced with the validated positive source amount
SEED-00530,73131,CLM073131,Claim_Amount,Negative Claim Amount,Critical,-487588.45,487588.45,Replaced with the validated positive source amount
SEED-00531,49814,CLM049814,Claim_Amount,Negative Claim Amount,Critical,-3666.4,3666.4,Replaced with the validated positive source amount
SEED-00532,36588,CLM036588,Claim_Amount,Negative Claim Amount,Critical,-81751.64,81751.64,Replaced with the validated positive source amount
SEED-00533,73044,CLM073044,Claim_Amount,Negative Claim Amount,Critical,-99069.45,99069.45,Replaced with the validated positive source amount
SEED-00534,4880,CLM004880,Claim_Amount,Negative Claim Amount,Critical,-17713.46,17713.46,Replaced with the validated positive source amount
SEED-00535,5166,CLM005166,Claim_Amount,Negative Claim Amount,Critical,-48730.04,48730.04,Replaced with the validated positive source amount
SEED-00536,49727,CLM049727,Claim_Amount,Negative Claim Amount,Critical,-109474.52,109474.52,Replaced with the validated positive source amount
SEED-00537,65308,CLM065308,Claim_Amount,Negative Claim Amount,Critical,-183831.93,183831.93,Replaced with the validated positive source amount
SEED-00538,54440,CLM054440,Claim_Amount,Negative Claim Amount,Critical,-30149.07,30149.07,Replaced with the validated positive source amount
SEED-00539,35108,CLM035108,Claim_Amount,Negative Claim Amount,Critical,-30536.91,30536.91,Replaced with the validated positive source amount
SEED-00540,48142,CLM048142,Claim_Amount,Negative Claim Amount,Critical,-71085.54,71085.54,Replaced with the validated positive source amount
SEED-00541,53682,CLM053682,Claim_Amount,Negative Claim Amount,Critical,-127713.35,127713.35,Replaced with the validated positive source amount
SEED-00542,4054,CLM004054,Claim_Amount,Negative Claim Amount,Critical,-25168.24,25168.24,Replaced with the validated positive source amount
SEED-00543,33437,CLM033437,Claim_Amount,Negative Claim Amount,Critical,-77961.55,77961.55,Replaced with the validated positive source amount
SEED-00544,41032,CLM041032,Claim_Amount,Negative Claim Amount,Critical,-13946.35,13946.35,Replaced with the validated positive source amount
SEED-00545,7260,CLM007260,Claim_Amount,Negative Claim Amount,Critical,-64827.45,64827.45,Replaced with the validated positive source amount
SEED-00546,63280,CLM063280,Claim_Amount,Negative Claim Amount,Critical,-38247.88,38247.88,Replaced with the validated positive source amount
SEED-00547,53506,CLM053506,Claim_Amount,Negative Claim Amount,Critical,-237153.57,237153.57,Replaced with the validated positive source amount
SEED-00548,26966,CLM026966,Claim_Amount,Negative Claim Amount,Critical,-11971.54,11971.54,Replaced with the validated positive source amount
SEED-00549,71707,CLM071707,Claim_Amount,Negative Claim Amount,Critical,-709741.91,709741.91,Replaced with the validated positive source amount
SEED-00550,29261,CLM029261,Claim_Amount,Negative Claim Amount,Critical,-89852.84,89852.84,Replaced with the validated positive source amount
SEED-00551,6032,CLM006032,Claim_Amount,Negative Claim Amount,Critical,-55781.5,55781.5,Replaced with the validated positive source amount
SEED-00552,72014,CLM072014,Claim_Amount,Negative Claim Amount,Critical,-74159.9,74159.9,Replaced with the validated positive source amount
SEED-00553,7072,CLM007072,Claim_Amount,Negative Claim Amount,Critical,-63151.75,63151.75,Replaced with the validated positive source amount
SEED-00554,58181,CLM058181,Claim_Amount,Negative Claim Amount,Critical,-185914.28,185914.28,Replaced with the validated positive source amount
SEED-00555,55458,CLM055458,Claim_Amount,Negative Claim Amount,Critical,-68592.27,68592.27,Replaced with the validated positive source amount
SEED-00556,36259,CLM036259,Claim_Amount,Negative Claim Amount,Critical,-7932.02,7932.02,Replaced with the validated positive source amount
SEED-00557,32011,CLM032011,Claim_Amount,Negative Claim Amount,Critical,-337871.65,337871.65,Replaced with the validated positive source amount
SEED-00558,39229,CLM039229,Claim_Amount,Negative Claim Amount,Critical,-170940.74,170940.74,Replaced with the validated positive source amount
SEED-00559,47749,CLM047749,Claim_Amount,Negative Claim Amount,Critical,-468257.22,468257.22,Replaced with the validated positive source amount
SEED-00560,22349,CLM022349,Claim_Amount,Negative Claim Amount,Critical,-32004.04,32004.04,Replaced with the validated positive source amount
SEED-00561,49239,CLM049239,Claim_Amount,Negative Claim Amount,Critical,-210754.2,210754.2,Replaced with the validated positive source amount
SEED-00562,64280,CLM064280,Claim_Amount,Negative Claim Amount,Critical,-355643.61,355643.61,Replaced with the validated positive source amount
SEED-00563,57238,CLM057238,Claim_Amount,Negative Claim Amount,Critical,-118798.84,118798.84,Replaced with the validated positive source amount
SEED-00564,46934,CLM046934,Claim_Amount,Negative Claim Amount,Critical,-125194.28,125194.28,Replaced with the validated positive source amount
SEED-00565,38251,CLM038251,Claim_Amount,Negative Claim Amount,Critical,-39080.45,39080.45,Replaced with the validated positive source amount
SEED-00566,25905,CLM025905,Claim_Amount,Negative Claim Amount,Critical,-44409.98,44409.98,Replaced with the validated positive source amount
SEED-00567,14750,CLM014750,Claim_Amount,Negative Claim Amount,Critical,-124708.99,124708.99,Replaced with the validated positive source amount
SEED-00568,70916,CLM070916,Claim_Amount,Negative Claim Amount,Critical,-4207.41,4207.41,Replaced with the validated positive source amount
SEED-00569,54111,CLM054111,Claim_Amount,Negative Claim Amount,Critical,-17408.58,17408.58,Replaced with the validated positive source amount
SEED-00570,8303,CLM008303,Claim_Amount,Negative Claim Amount,Critical,-91578.32,91578.32,Replaced with the validated positive source amount
SEED-00571,57734,CLM057734,Claim_Amount,Negative Claim Amount,Critical,-92028.96,92028.96,Replaced with the validated positive source amount
SEED-00572,58141,CLM058141,Claim_Amount,Negative Claim Amount,Critical,-5885.49,5885.49,Replaced with the validated positive source amount
SEED-00573,53034,CLM053034,Claim_Amount,Negative Claim Amount,Critical,-39471.65,39471.65,Replaced with the validated positive source amount
SEED-00574,15343,CLM015343,Claim_Amount,Negative Claim Amount,Critical,-78496.41,78496.41,Replaced with the validated positive source amount
SEED-00575,73005,CLM073005,Claim_Amount,Negative Claim Amount,Critical,-131778.99,131778.99,Replaced with the validated positive source amount
SEED-00576,21918,CLM021918,Claim_Amount,Negative Claim Amount,Critical,-23668.63,23668.63,Replaced with the validated positive source amount
SEED-00577,46407,CLM046407,Claim_Amount,Negative Claim Amount,Critical,-51334.71,51334.71,Replaced with the validated positive source amount
SEED-00578,71728,CLM071728,Claim_Amount,Negative Claim Amount,Critical,-34520.01,34520.01,Replaced with the validated positive source amount
SEED-00579,43257,CLM043257,Claim_Amount,Negative Claim Amount,Critical,-29173.83,29173.83,Replaced with the validated positive source amount
SEED-00580,5395,CLM005395,Claim_Amount,Negative Claim Amount,Critical,-311530.76,311530.76,Replaced with the validated positive source amount
SEED-00581,140,CLM000140,Claim_Amount,Negative Claim Amount,Critical,-5513.67,5513.67,Replaced with the validated positive source amount
SEED-00582,45379,CLM045379,Claim_Amount,Negative Claim Amount,Critical,-4261.62,4261.62,Replaced with the validated positive source amount
SEED-00583,21648,CLM021648,Claim_Amount,Negative Claim Amount,Critical,-252141.87,252141.87,Replaced with the validated positive source amount
SEED-00584,3666,CLM003666,Claim_Amount,Negative Claim Amount,Critical,-86516.43,86516.43,Replaced with the validated positive source amount
SEED-00585,36933,CLM036933,Claim_Amount,Negative Claim Amount,Critical,-153811.85,153811.85,Replaced with the validated positive source amount
SEED-00586,58151,CLM058151,Claim_Amount,Negative Claim Amount,Critical,-89379.45,89379.45,Replaced with the validated positive source amount
SEED-00587,7583,CLM007583,Claim_Amount,Negative Claim Amount,Critical,-175842.07,175842.07,Replaced with the validated positive source amount
SEED-00588,44093,CLM044093,Claim_Amount,Negative Claim Amount,Critical,-82795.6,82795.6,Replaced with the validated positive source amount
SEED-00589,41655,CLM041655,Claim_Amount,Negative Claim Amount,Critical,-54134.54,54134.54,Replaced with the validated positive source amount
SEED-00590,66891,CLM066891,Claim_Amount,Negative Claim Amount,Critical,-28419.31,28419.31,Replaced with the validated positive source amount
SEED-00591,65868,CLM065868,Claim_Amount,Negative Claim Amount,Critical,-185382.28,185382.28,Replaced with the validated positive source amount
SEED-00592,22938,CLM022938,Claim_Amount,Negative Claim Amount,Critical,-276066.44,276066.44,Replaced with the validated positive source amount
SEED-00593,49486,CLM049486,Claim_Amount,Negative Claim Amount,Critical,-5450.17,5450.17,Replaced with the validated positive source amount
SEED-00594,8949,CLM008949,Claim_Amount,Negative Claim Amount,Critical,-228694.77,228694.77,Replaced with the validated positive source amount
SEED-00595,21048,CLM021048,Claim_Amount,Negative Claim Amount,Critical,-155196.19,155196.19,Replaced with the validated positive source amount
SEED-00596,41622,CLM041622,Claim_Amount,Negative Claim Amount,Critical,-67639.71,67639.71,Replaced with the validated positive source amount
SEED-00597,14097,CLM014097,Claim_Amount,Negative Claim Amount,Critical,-116897.98,116897.98,Replaced with the validated positive source amount
SEED-00598,18042,CLM018042,Claim_Amount,Negative Claim Amount,Critical,-111471.33,111471.33,Replaced with the validated positive source amount
SEED-00599,4297,CLM004297,Claim_Amount,Negative Claim Amount,Critical,-285018.87,285018.87,Replaced with the validated positive source amount
SEED-00600,72623,CLM072623,Claim_Amount,Negative Claim Amount,Critical,-48399.66,48399.66,Replaced with the validated positive source amount
SEED-00601,3651,CLM003651,Channel,Blank Channel,Medium,<blank>,Direct,Restored from the valid Channel_Key mapping
SEED-00602,66374,CLM066374,Channel,Blank Channel,Medium,<blank>,Broker,Restored from the valid Channel_Key mapping
SEED-00603,59117,CLM059117,Channel,Blank Channel,Medium,<blank>,Broker,Restored from the valid Channel_Key mapping
SEED-00604,19987,CLM019987,Channel,Blank Channel,Medium,<blank>,Call Centre,Restored from the valid Channel_Key mapping
SEED-00605,40435,CLM040435,Channel,Blank Channel,Medium,<blank>,Direct,Restored from the valid Channel_Key mapping
SEED-00606,35834,CLM035834,Channel,Blank Channel,Medium,<blank>,Broker,Restored from the valid Channel_Key mapping
SEED-00607,50546,CLM050546,Channel,Blank Channel,Medium,<blank>,Direct,Restored from the valid Channel_Key mapping
SEED-00608,23361,CLM023361,Channel,Blank Channel,Medium,<blank>,Direct,Restored from the valid Channel_Key mapping
SEED-00609,43561,CLM043561,Channel,Blank Channel,Medium,<blank>,Broker,Restored from the valid Channel_Key mapping
SEED-00610,44902,CLM044902,Channel,Blank Channel,Medium,<blank>,Digital,Restored from the valid Channel_Key mapping
SEED-00611,30433,CLM030433,Channel,Blank Channel,Medium,<blank>,Broker,Restored from the valid Channel_Key mapping
SEED-00612,10283,CLM010283,Channel,Blank Channel,Medium,<blank>,Call Centre,Restored from the valid Channel_Key mapping
SEED-00613,11992,CLM011992,Channel,Blank Channel,Medium,<blank>,Broker,Restored from the valid Channel_Key mapping
SEED-00614,39693,CLM039693,Channel,Blank Channel,Medium,<blank>,Broker,Restored from the valid Channel_Key mapping
SEED-00615,30369,CLM030369,Channel,Blank Channel,Medium,<blank>,Broker,Restored from the valid Channel_Key mapping
SEED-00616,39724,CLM039724,Channel,Blank Channel,Medium,<blank>,Call Centre,Restored from the valid Channel_Key mapping
SEED-00617,59015,CLM059015,Channel,Blank Channel,Medium,<blank>,Call Centre,Restored from the valid Channel_Key mapping
SEED-00618,69501,CLM069501,Channel,Blank Channel,Medium,<blank>,Direct,Restored from the valid Channel_Key mapping
SEED-00619,64599,CLM064599,Channel,Blank Channel,Medium,<blank>,Broker,Restored from the valid Channel_Key mapping
SEED-00620,58199,CLM058199,Channel,Blank Channel,Medium,<blank>,Direct,Restored from the valid Channel_Key mapping
SEED-00621,27480,CLM027480,Channel,Blank Channel,Medium,<blank>,Direct,Restored from the valid Channel_Key mapping
SEED-00622,42429,CLM042429,Channel,Blank Channel,Medium,<blank>,Direct,Restored from the valid Channel_Key mapping
SEED-00623,5386,CLM005386,Channel,Blank Channel,Medium,<blank>,Call Centre,Restored from the valid Channel_Key mapping
SEED-00624,14978,CLM014978,Channel,Blank Channel,Medium,<blank>,Broker,Restored from the valid Channel_Key mapping
SEED-00625,32272,CLM032272,Channel,Blank Channel,Medium,<blank>,Call Centre,Restored from the valid Channel_Key mapping
SEED-00626,34479,CLM034479,Channel,Blank Channel,Medium,<blank>,Direct,Restored from the valid Channel_Key mapping
SEED-00627,68496,CLM068496,Channel,Blank Channel,Medium,<blank>,Broker,Restored from the valid Channel_Key mapping
SEED-00628,28199,CLM028199,Channel,Blank Channel,Medium,<blank>,Call Centre,Restored from the valid Channel_Key mapping
SEED-00629,10100,CLM010100,Channel,Blank Channel,Medium,<blank>,Digital,Restored from the valid Channel_Key mapping
SEED-00630,19192,CLM019192,Channel,Blank Channel,Medium,<blank>,Call Centre,Restored from the valid Channel_Key mapping
SEED-00631,68627,CLM068627,Channel,Blank Channel,Medium,<blank>,Digital,Restored from the valid Channel_Key mapping
SEED-00632,29298,CLM029298,Channel,Blank Channel,Medium,<blank>,Direct,Restored from the valid Channel_Key mapping
SEED-00633,36183,CLM036183,Channel,Blank Channel,Medium,<blank>,Call Centre,Restored from the valid Channel_Key mapping
SEED-00634,66547,CLM066547,Channel,Blank Channel,Medium,<blank>,Direct,Restored from the valid Channel_Key mapping
SEED-00635,12919,CLM012919,Channel,Blank Channel,Medium,<blank>,Digital,Restored from the valid Channel_Key mapping
SEED-00636,9049,CLM009049,Channel,Blank Channel,Medium,<blank>,Call Centre,Restored from the valid Channel_Key mapping
SEED-00637,29929,CLM029929,Channel,Blank Channel,Medium,<blank>,Broker,Restored from the valid Channel_Key mapping
SEED-00638,66305,CLM066305,Channel,Blank Channel,Medium,<blank>,Call Centre,Restored from the valid Channel_Key mapping
SEED-00639,69883,CLM069883,Channel,Blank Channel,Medium,<blank>,Direct,Restored from the valid Channel_Key mapping
SEED-00640,46025,CLM046025,Channel,Blank Channel,Medium,<blank>,Digital,Restored from the valid Channel_Key mapping
SEED-00641,47476,CLM047476,Channel,Blank Channel,Medium,<blank>,Digital,Restored from the valid Channel_Key mapping
SEED-00642,64204,CLM064204,Channel,Blank Channel,Medium,<blank>,Call Centre,Restored from the valid Channel_Key mapping
SEED-00643,37931,CLM037931,Channel,Blank Channel,Medium,<blank>,Call Centre,Restored from the valid Channel_Key mapping
SEED-00644,33804,CLM033804,Channel,Blank Channel,Medium,<blank>,Broker,Restored from the valid Channel_Key mapping
SEED-00645,15414,CLM015414,Channel,Blank Channel,Medium,<blank>,Digital,Restored from the valid Channel_Key mapping
SEED-00646,7991,CLM007991,Channel,Blank Channel,Medium,<blank>,Direct,Restored from the valid Channel_Key mapping
SEED-00647,10742,CLM010742,Channel,Blank Channel,Medium,<blank>,Digital,Restored from the valid Channel_Key mapping
SEED-00648,53545,CLM053545,Channel,Blank Channel,Medium,<blank>,Broker,Restored from the valid Channel_Key mapping
SEED-00649,68885,CLM068885,Channel,Blank Channel,Medium,<blank>,Call Centre,Restored from the valid Channel_Key mapping
SEED-00650,56095,CLM056095,Channel,Blank Channel,Medium,<blank>,Digital,Restored from the valid Channel_Key mapping
SEED-00651,37802,CLM037802,Channel,Blank Channel,Medium,<blank>,Direct,Restored from the valid Channel_Key mapping
SEED-00652,39101,CLM039101,Channel,Blank Channel,Medium,<blank>,Call Centre,Restored from the valid Channel_Key mapping
SEED-00653,53383,CLM053383,Channel,Blank Channel,Medium,<blank>,Call Centre,Restored from the valid Channel_Key mapping
SEED-00654,6461,CLM006461,Channel,Blank Channel,Medium,<blank>,Broker,Restored from the valid Channel_Key mapping
SEED-00655,56359,CLM056359,Channel,Blank Channel,Medium,<blank>,Call Centre,Restored from the valid Channel_Key mapping
SEED-00656,22472,CLM022472,Channel,Blank Channel,Medium,<blank>,Digital,Restored from the valid Channel_Key mapping
SEED-00657,9717,CLM009717,Channel,Blank Channel,Medium,<blank>,Broker,Restored from the valid Channel_Key mapping
SEED-00658,61401,CLM061401,Channel,Blank Channel,Medium,<blank>,Call Centre,Restored from the valid Channel_Key mapping
SEED-00659,2112,CLM002112,Channel,Blank Channel,Medium,<blank>,Call Centre,Restored from the valid Channel_Key mapping
SEED-00660,11864,CLM011864,Channel,Blank Channel,Medium,<blank>,Digital,Restored from the valid Channel_Key mapping
SEED-00661,45007,CLM045007,Channel,Blank Channel,Medium,<blank>,Broker,Restored from the valid Channel_Key mapping
SEED-00662,69341,CLM069341,Channel,Blank Channel,Medium,<blank>,Call Centre,Restored from the valid Channel_Key mapping
SEED-00663,29218,CLM029218,Channel,Blank Channel,Medium,<blank>,Broker,Restored from the valid Channel_Key mapping
SEED-00664,12431,CLM012431,Channel,Blank Channel,Medium,<blank>,Digital,Restored from the valid Channel_Key mapping
SEED-00665,17679,CLM017679,Channel,Blank Channel,Medium,<blank>,Broker,Restored from the valid Channel_Key mapping
SEED-00666,66694,CLM066694,Channel,Blank Channel,Medium,<blank>,Broker,Restored from the valid Channel_Key mapping
SEED-00667,2347,CLM002347,Channel,Blank Channel,Medium,<blank>,Digital,Restored from the valid Channel_Key mapping
SEED-00668,31408,CLM031408,Channel,Blank Channel,Medium,<blank>,Direct,Restored from the valid Channel_Key mapping
SEED-00669,67843,CLM067843,Channel,Blank Channel,Medium,<blank>,Broker,Restored from the valid Channel_Key mapping
SEED-00670,69274,CLM069274,Channel,Blank Channel,Medium,<blank>,Broker,Restored from the valid Channel_Key mapping
SEED-00671,22625,CLM022625,Channel,Blank Channel,Medium,<blank>,Call Centre,Restored from the valid Channel_Key mapping
SEED-00672,20594,CLM020594,Channel,Blank Channel,Medium,<blank>,Digital,Restored from the valid Channel_Key mapping
SEED-00673,29100,CLM029100,Channel,Blank Channel,Medium,<blank>,Direct,Restored from the valid Channel_Key mapping
SEED-00674,20991,CLM020991,Channel,Blank Channel,Medium,<blank>,Broker,Restored from the valid Channel_Key mapping
SEED-00675,67834,CLM067834,Channel,Blank Channel,Medium,<blank>,Digital,Restored from the valid Channel_Key mapping
SEED-00676,14279,CLM014279,Channel,Blank Channel,Medium,<blank>,Broker,Restored from the valid Channel_Key mapping
SEED-00677,45870,CLM045870,Channel,Blank Channel,Medium,<blank>,Broker,Restored from the valid Channel_Key mapping
SEED-00678,68966,CLM068966,Channel,Blank Channel,Medium,<blank>,Call Centre,Restored from the valid Channel_Key mapping
SEED-00679,6894,CLM006894,Channel,Blank Channel,Medium,<blank>,Broker,Restored from the valid Channel_Key mapping
SEED-00680,51953,CLM051953,Channel,Blank Channel,Medium,<blank>,Call Centre,Restored from the valid Channel_Key mapping
SEED-00681,44979,CLM044979,Channel,Blank Channel,Medium,<blank>,Call Centre,Restored from the valid Channel_Key mapping
SEED-00682,54603,CLM054603,Channel,Blank Channel,Medium,<blank>,Direct,Restored from the valid Channel_Key mapping
SEED-00683,48605,CLM048605,Channel,Blank Channel,Medium,<blank>,Call Centre,Restored from the valid Channel_Key mapping
SEED-00684,68202,CLM068202,Channel,Blank Channel,Medium,<blank>,Call Centre,Restored from the valid Channel_Key mapping
SEED-00685,41248,CLM041248,Channel,Blank Channel,Medium,<blank>,Digital,Restored from the valid Channel_Key mapping
SEED-00686,13067,CLM013067,Channel,Blank Channel,Medium,<blank>,Digital,Restored from the valid Channel_Key mapping
SEED-00687,8851,CLM008851,Channel,Blank Channel,Medium,<blank>,Direct,Restored from the valid Channel_Key mapping
SEED-00688,23299,CLM023299,Channel,Blank Channel,Medium,<blank>,Digital,Restored from the valid Channel_Key mapping
SEED-00689,27277,CLM027277,Channel,Blank Channel,Medium,<blank>,Digital,Restored from the valid Channel_Key mapping
SEED-00690,31634,CLM031634,Channel,Blank Channel,Medium,<blank>,Broker,Restored from the valid Channel_Key mapping
SEED-00691,48210,CLM048210,Channel,Blank Channel,Medium,<blank>,Broker,Restored from the valid Channel_Key mapping
SEED-00692,57366,CLM057366,Channel,Blank Channel,Medium,<blank>,Call Centre,Restored from the valid Channel_Key mapping
SEED-00693,17389,CLM017389,Channel,Blank Channel,Medium,<blank>,Digital,Restored from the valid Channel_Key mapping
SEED-00694,51129,CLM051129,Channel,Blank Channel,Medium,<blank>,Direct,Restored from the valid Channel_Key mapping
SEED-00695,49760,CLM049760,Channel,Blank Channel,Medium,<blank>,Call Centre,Restored from the valid Channel_Key mapping
SEED-00696,48540,CLM048540,Channel,Blank Channel,Medium,<blank>,Call Centre,Restored from the valid Channel_Key mapping
SEED-00697,1496,CLM001496,Channel,Blank Channel,Medium,<blank>,Broker,Restored from the valid Channel_Key mapping
SEED-00698,9481,CLM009481,Channel,Blank Channel,Medium,<blank>,Direct,Restored from the valid Channel_Key mapping
SEED-00699,68271,CLM068271,Channel,Blank Channel,Medium,<blank>,Broker,Restored from the valid Channel_Key mapping
SEED-00700,1137,CLM001137,Channel,Blank Channel,Medium,<blank>,Broker,Restored from the valid Channel_Key mapping
SEED-00701,46210,CLM046210,Channel,Blank Channel,Medium,<blank>,Digital,Restored from the valid Channel_Key mapping
SEED-00702,35500,CLM035500,Channel,Blank Channel,Medium,<blank>,Broker,Restored from the valid Channel_Key mapping
SEED-00703,24771,CLM024771,Channel,Blank Channel,Medium,<blank>,Broker,Restored from the valid Channel_Key mapping
SEED-00704,51340,CLM051340,Channel,Blank Channel,Medium,<blank>,Broker,Restored from the valid Channel_Key mapping
SEED-00705,1311,CLM001311,Channel,Blank Channel,Medium,<blank>,Broker,Restored from the valid Channel_Key mapping
SEED-00706,45730,CLM045730,Channel,Blank Channel,Medium,<blank>,Broker,Restored from the valid Channel_Key mapping
SEED-00707,69310,CLM069310,Channel,Blank Channel,Medium,<blank>,Call Centre,Restored from the valid Channel_Key mapping
SEED-00708,67017,CLM067017,Channel,Blank Channel,Medium,<blank>,Direct,Restored from the valid Channel_Key mapping
SEED-00709,64471,CLM064471,Channel,Blank Channel,Medium,<blank>,Digital,Restored from the valid Channel_Key mapping
SEED-00710,56568,CLM056568,Channel,Blank Channel,Medium,<blank>,Call Centre,Restored from the valid Channel_Key mapping
SEED-00711,68972,CLM068972,Channel,Blank Channel,Medium,<blank>,Digital,Restored from the valid Channel_Key mapping
SEED-00712,12595,CLM012595,Channel,Blank Channel,Medium,<blank>,Direct,Restored from the valid Channel_Key mapping
SEED-00713,70360,CLM070360,Channel,Blank Channel,Medium,<blank>,Digital,Restored from the valid Channel_Key mapping
SEED-00714,22315,CLM022315,Channel,Blank Channel,Medium,<blank>,Broker,Restored from the valid Channel_Key mapping
SEED-00715,43314,CLM043314,Channel,Blank Channel,Medium,<blank>,Digital,Restored from the valid Channel_Key mapping
SEED-00716,61283,CLM061283,Channel,Blank Channel,Medium,<blank>,Direct,Restored from the valid Channel_Key mapping
SEED-00717,57865,CLM057865,Channel,Blank Channel,Medium,<blank>,Digital,Restored from the valid Channel_Key mapping
SEED-00718,591,CLM000591,Channel,Blank Channel,Medium,<blank>,Digital,Restored from the valid Channel_Key mapping
SEED-00719,55402,CLM055402,Channel,Blank Channel,Medium,<blank>,Direct,Restored from the valid Channel_Key mapping
SEED-00720,14310,CLM014310,Channel,Blank Channel,Medium,<blank>,Broker,Restored from the valid Channel_Key mapping
SEED-00721,47121,CLM047121,Channel,Blank Channel,Medium,<blank>,Digital,Restored from the valid Channel_Key mapping
SEED-00722,3431,CLM003431,Channel,Blank Channel,Medium,<blank>,Direct,Restored from the valid Channel_Key mapping
SEED-00723,42364,CLM042364,Channel,Blank Channel,Medium,<blank>,Direct,Restored from the valid Channel_Key mapping
SEED-00724,58369,CLM058369,Channel,Blank Channel,Medium,<blank>,Broker,Restored from the valid Channel_Key mapping
SEED-00725,42029,CLM042029,Channel,Blank Channel,Medium,<blank>,Broker,Restored from the valid Channel_Key mapping
SEED-00726,17024,CLM017024,Channel,Blank Channel,Medium,<blank>,Digital,Restored from the valid Channel_Key mapping
SEED-00727,23173,CLM023173,Channel,Blank Channel,Medium,<blank>,Direct,Restored from the valid Channel_Key mapping
SEED-00728,2305,CLM002305,Channel,Blank Channel,Medium,<blank>,Digital,Restored from the valid Channel_Key mapping
SEED-00729,59655,CLM059655,Channel,Blank Channel,Medium,<blank>,Broker,Restored from the valid Channel_Key mapping
SEED-00730,33613,CLM033613,Channel,Blank Channel,Medium,<blank>,Direct,Restored from the valid Channel_Key mapping
SEED-00731,7003,CLM007003,Channel,Blank Channel,Medium,<blank>,Digital,Restored from the valid Channel_Key mapping
SEED-00732,29823,CLM029823,Channel,Blank Channel,Medium,<blank>,Broker,Restored from the valid Channel_Key mapping
SEED-00733,57934,CLM057934,Channel,Blank Channel,Medium,<blank>,Broker,Restored from the valid Channel_Key mapping
SEED-00734,43865,CLM043865,Channel,Blank Channel,Medium,<blank>,Digital,Restored from the valid Channel_Key mapping
SEED-00735,10876,CLM010876,Channel,Blank Channel,Medium,<blank>,Digital,Restored from the valid Channel_Key mapping
SEED-00736,11596,CLM011596,Channel,Blank Channel,Medium,<blank>,Broker,Restored from the valid Channel_Key mapping
SEED-00737,30842,CLM030842,Channel,Blank Channel,Medium,<blank>,Digital,Restored from the valid Channel_Key mapping
SEED-00738,23462,CLM023462,Channel,Blank Channel,Medium,<blank>,Broker,Restored from the valid Channel_Key mapping
SEED-00739,3270,CLM003270,Channel,Blank Channel,Medium,<blank>,Direct,Restored from the valid Channel_Key mapping
SEED-00740,51680,CLM051680,Channel,Blank Channel,Medium,<blank>,Call Centre,Restored from the valid Channel_Key mapping
SEED-00741,10818,CLM010818,Channel,Blank Channel,Medium,<blank>,Direct,Restored from the valid Channel_Key mapping
SEED-00742,57978,CLM057978,Channel,Blank Channel,Medium,<blank>,Call Centre,Restored from the valid Channel_Key mapping
SEED-00743,54333,CLM054333,Channel,Blank Channel,Medium,<blank>,Call Centre,Restored from the valid Channel_Key mapping
SEED-00744,27868,CLM027868,Channel,Blank Channel,Medium,<blank>,Digital,Restored from the valid Channel_Key mapping
SEED-00745,25440,CLM025440,Channel,Blank Channel,Medium,<blank>,Call Centre,Restored from the valid Channel_Key mapping
SEED-00746,47521,CLM047521,Channel,Blank Channel,Medium,<blank>,Direct,Restored from the valid Channel_Key mapping
SEED-00747,26455,CLM026455,Channel,Blank Channel,Medium,<blank>,Digital,Restored from the valid Channel_Key mapping
SEED-00748,28774,CLM028774,Channel,Blank Channel,Medium,<blank>,Call Centre,Restored from the valid Channel_Key mapping
SEED-00749,62163,CLM062163,Channel,Blank Channel,Medium,<blank>,Digital,Restored from the valid Channel_Key mapping
SEED-00750,35801,CLM035801,Channel,Blank Channel,Medium,<blank>,Call Centre,Restored from the valid Channel_Key mapping
SEED-00751,47379,CLM047379,Channel,Blank Channel,Medium,<blank>,Digital,Restored from the valid Channel_Key mapping
SEED-00752,66827,CLM066827,Channel,Blank Channel,Medium,<blank>,Broker,Restored from the valid Channel_Key mapping
SEED-00753,16535,CLM016535,Channel,Blank Channel,Medium,<blank>,Digital,Restored from the valid Channel_Key mapping
SEED-00754,1564,CLM001564,Channel,Blank Channel,Medium,<blank>,Digital,Restored from the valid Channel_Key mapping
SEED-00755,4854,CLM004854,Channel,Blank Channel,Medium,<blank>,Call Centre,Restored from the valid Channel_Key mapping
SEED-00756,25795,CLM025795,Channel,Blank Channel,Medium,<blank>,Digital,Restored from the valid Channel_Key mapping
SEED-00757,1400,CLM001400,Channel,Blank Channel,Medium,<blank>,Direct,Restored from the valid Channel_Key mapping
SEED-00758,18665,CLM018665,Channel,Blank Channel,Medium,<blank>,Direct,Restored from the valid Channel_Key mapping
SEED-00759,9703,CLM009703,Channel,Blank Channel,Medium,<blank>,Digital,Restored from the valid Channel_Key mapping
SEED-00760,54280,CLM054280,Channel,Blank Channel,Medium,<blank>,Direct,Restored from the valid Channel_Key mapping
SEED-00761,684,CLM000684,Channel,Blank Channel,Medium,<blank>,Call Centre,Restored from the valid Channel_Key mapping
SEED-00762,36028,CLM036028,Channel,Blank Channel,Medium,<blank>,Digital,Restored from the valid Channel_Key mapping
SEED-00763,48639,CLM048639,Channel,Blank Channel,Medium,<blank>,Direct,Restored from the valid Channel_Key mapping
SEED-00764,72017,CLM072017,Channel,Blank Channel,Medium,<blank>,Broker,Restored from the valid Channel_Key mapping
SEED-00765,55215,CLM055215,Channel,Blank Channel,Medium,<blank>,Digital,Restored from the valid Channel_Key mapping
SEED-00766,8691,CLM008691,Channel,Blank Channel,Medium,<blank>,Call Centre,Restored from the valid Channel_Key mapping
SEED-00767,30927,CLM030927,Channel,Blank Channel,Medium,<blank>,Call Centre,Restored from the valid Channel_Key mapping
SEED-00768,20931,CLM020931,Channel,Blank Channel,Medium,<blank>,Call Centre,Restored from the valid Channel_Key mapping
SEED-00769,25646,CLM025646,Channel,Blank Channel,Medium,<blank>,Call Centre,Restored from the valid Channel_Key mapping
SEED-00770,1462,CLM001462,Channel,Blank Channel,Medium,<blank>,Broker,Restored from the valid Channel_Key mapping
SEED-00771,23641,CLM023641,Channel,Blank Channel,Medium,<blank>,Digital,Restored from the valid Channel_Key mapping
SEED-00772,56792,CLM056792,Channel,Blank Channel,Medium,<blank>,Broker,Restored from the valid Channel_Key mapping
SEED-00773,659,CLM000659,Channel,Blank Channel,Medium,<blank>,Digital,Restored from the valid Channel_Key mapping
SEED-00774,41937,CLM041937,Channel,Blank Channel,Medium,<blank>,Direct,Restored from the valid Channel_Key mapping
SEED-00775,34068,CLM034068,Channel,Blank Channel,Medium,<blank>,Direct,Restored from the valid Channel_Key mapping
SEED-00776,65231,CLM065231,Channel,Blank Channel,Medium,<blank>,Broker,Restored from the valid Channel_Key mapping
SEED-00777,70587,CLM070587,Channel,Blank Channel,Medium,<blank>,Call Centre,Restored from the valid Channel_Key mapping
SEED-00778,39620,CLM039620,Channel,Blank Channel,Medium,<blank>,Call Centre,Restored from the valid Channel_Key mapping
SEED-00779,65962,CLM065962,Channel,Blank Channel,Medium,<blank>,Broker,Restored from the valid Channel_Key mapping
SEED-00780,50299,CLM050299,Channel,Blank Channel,Medium,<blank>,Broker,Restored from the valid Channel_Key mapping
SEED-00781,41760,CLM041760,Region,Inconsistent Region Naming,Medium,gauteng,Gauteng,Standardized to the governed province name
SEED-00782,8256,CLM008256,Region,Inconsistent Region Naming,Medium,LIMPOPO,Limpopo,Standardized to the governed province name
SEED-00783,29655,CLM029655,Region,Inconsistent Region Naming,Medium,gauteng,Gauteng,Standardized to the governed province name
SEED-00784,35359,CLM035359,Region,Inconsistent Region Naming,Medium,Mpumalanga ,Mpumalanga,Standardized to the governed province name
SEED-00785,32200,CLM032200,Region,Inconsistent Region Naming,Medium,KZN,KwaZulu-Natal,Standardized to the governed province name
SEED-00786,67154,CLM067154,Region,Inconsistent Region Naming,Medium,Mpumalanga ,Mpumalanga,Standardized to the governed province name
SEED-00787,15526,CLM015526,Region,Inconsistent Region Naming,Medium,gauteng,Gauteng,Standardized to the governed province name
SEED-00788,27707,CLM027707,Region,Inconsistent Region Naming,Medium,North-West,North West,Standardized to the governed province name
SEED-00789,22267,CLM022267,Region,Inconsistent Region Naming,Medium,Northern cape,Northern Cape,Standardized to the governed province name
SEED-00790,37002,CLM037002,Region,Inconsistent Region Naming,Medium,Free state,Free State,Standardized to the governed province name
SEED-00791,17714,CLM017714,Region,Inconsistent Region Naming,Medium,Eastern cape,Eastern Cape,Standardized to the governed province name
SEED-00792,47382,CLM047382,Region,Inconsistent Region Naming,Medium,Mpumalanga ,Mpumalanga,Standardized to the governed province name
SEED-00793,41588,CLM041588,Region,Inconsistent Region Naming,Medium,KZN,KwaZulu-Natal,Standardized to the governed province name
SEED-00794,46527,CLM046527,Region,Inconsistent Region Naming,Medium,gauteng,Gauteng,Standardized to the governed province name
SEED-00795,33367,CLM033367,Region,Inconsistent Region Naming,Medium,gauteng,Gauteng,Standardized to the governed province name
SEED-00796,12139,CLM012139,Region,Inconsistent Region Naming,Medium,Eastern cape,Eastern Cape,Standardized to the governed province name
SEED-00797,55704,CLM055704,Region,Inconsistent Region Naming,Medium,Eastern cape,Eastern Cape,Standardized to the governed province name
SEED-00798,35890,CLM035890,Region,Inconsistent Region Naming,Medium,Eastern cape,Eastern Cape,Standardized to the governed province name
SEED-00799,38127,CLM038127,Region,Inconsistent Region Naming,Medium,gauteng,Gauteng,Standardized to the governed province name
SEED-00800,6109,CLM006109,Region,Inconsistent Region Naming,Medium,KZN,KwaZulu-Natal,Standardized to the governed province name
SEED-00801,55953,CLM055953,Region,Inconsistent Region Naming,Medium,KZN,KwaZulu-Natal,Standardized to the governed province name
SEED-00802,36730,CLM036730,Region,Inconsistent Region Naming,Medium,Eastern cape,Eastern Cape,Standardized to the governed province name
SEED-00803,22836,CLM022836,Region,Inconsistent Region Naming,Medium,gauteng,Gauteng,Standardized to the governed province name
SEED-00804,1006,CLM001006,Region,Inconsistent Region Naming,Medium,gauteng,Gauteng,Standardized to the governed province name
SEED-00805,29452,CLM029452,Region,Inconsistent Region Naming,Medium,Eastern cape,Eastern Cape,Standardized to the governed province name
SEED-00806,26153,CLM026153,Region,Inconsistent Region Naming,Medium,LIMPOPO,Limpopo,Standardized to the governed province name
SEED-00807,71449,CLM071449,Region,Inconsistent Region Naming,Medium,Mpumalanga ,Mpumalanga,Standardized to the governed province name
SEED-00808,1751,CLM001751,Region,Inconsistent Region Naming,Medium,Western cape,Western Cape,Standardized to the governed province name
SEED-00809,42245,CLM042245,Region,Inconsistent Region Naming,Medium,gauteng,Gauteng,Standardized to the governed province name
SEED-00810,4485,CLM004485,Region,Inconsistent Region Naming,Medium,gauteng,Gauteng,Standardized to the governed province name
SEED-00811,32694,CLM032694,Region,Inconsistent Region Naming,Medium,Free state,Free State,Standardized to the governed province name
SEED-00812,44983,CLM044983,Region,Inconsistent Region Naming,Medium,gauteng,Gauteng,Standardized to the governed province name
SEED-00813,31085,CLM031085,Region,Inconsistent Region Naming,Medium,gauteng,Gauteng,Standardized to the governed province name
SEED-00814,65682,CLM065682,Region,Inconsistent Region Naming,Medium,Free state,Free State,Standardized to the governed province name
SEED-00815,67929,CLM067929,Region,Inconsistent Region Naming,Medium,Mpumalanga ,Mpumalanga,Standardized to the governed province name
SEED-00816,52035,CLM052035,Region,Inconsistent Region Naming,Medium,Mpumalanga ,Mpumalanga,Standardized to the governed province name
SEED-00817,49759,CLM049759,Region,Inconsistent Region Naming,Medium,Western cape,Western Cape,Standardized to the governed province name
SEED-00818,59297,CLM059297,Region,Inconsistent Region Naming,Medium,KZN,KwaZulu-Natal,Standardized to the governed province name
SEED-00819,45059,CLM045059,Region,Inconsistent Region Naming,Medium,North-West,North West,Standardized to the governed province name
SEED-00820,4751,CLM004751,Region,Inconsistent Region Naming,Medium,KZN,KwaZulu-Natal,Standardized to the governed province name
SEED-00821,41972,CLM041972,Region,Inconsistent Region Naming,Medium,Western cape,Western Cape,Standardized to the governed province name
SEED-00822,26856,CLM026856,Region,Inconsistent Region Naming,Medium,KZN,KwaZulu-Natal,Standardized to the governed province name
SEED-00823,34127,CLM034127,Region,Inconsistent Region Naming,Medium,Western cape,Western Cape,Standardized to the governed province name
SEED-00824,27834,CLM027834,Region,Inconsistent Region Naming,Medium,KZN,KwaZulu-Natal,Standardized to the governed province name
SEED-00825,17946,CLM017946,Region,Inconsistent Region Naming,Medium,Western cape,Western Cape,Standardized to the governed province name
SEED-00826,32294,CLM032294,Region,Inconsistent Region Naming,Medium,Mpumalanga ,Mpumalanga,Standardized to the governed province name
SEED-00827,25568,CLM025568,Region,Inconsistent Region Naming,Medium,KZN,KwaZulu-Natal,Standardized to the governed province name
SEED-00828,33149,CLM033149,Region,Inconsistent Region Naming,Medium,KZN,KwaZulu-Natal,Standardized to the governed province name
SEED-00829,47742,CLM047742,Region,Inconsistent Region Naming,Medium,LIMPOPO,Limpopo,Standardized to the governed province name
SEED-00830,29420,CLM029420,Region,Inconsistent Region Naming,Medium,LIMPOPO,Limpopo,Standardized to the governed province name
SEED-00831,64917,CLM064917,Region,Inconsistent Region Naming,Medium,Mpumalanga ,Mpumalanga,Standardized to the governed province name
SEED-00832,13174,CLM013174,Region,Inconsistent Region Naming,Medium,LIMPOPO,Limpopo,Standardized to the governed province name
SEED-00833,62828,CLM062828,Region,Inconsistent Region Naming,Medium,gauteng,Gauteng,Standardized to the governed province name
SEED-00834,68292,CLM068292,Region,Inconsistent Region Naming,Medium,gauteng,Gauteng,Standardized to the governed province name
SEED-00835,70115,CLM070115,Region,Inconsistent Region Naming,Medium,KZN,KwaZulu-Natal,Standardized to the governed province name
SEED-00836,67846,CLM067846,Region,Inconsistent Region Naming,Medium,LIMPOPO,Limpopo,Standardized to the governed province name
SEED-00837,44303,CLM044303,Region,Inconsistent Region Naming,Medium,Western cape,Western Cape,Standardized to the governed province name
SEED-00838,71464,CLM071464,Region,Inconsistent Region Naming,Medium,gauteng,Gauteng,Standardized to the governed province name
SEED-00839,42162,CLM042162,Region,Inconsistent Region Naming,Medium,Mpumalanga ,Mpumalanga,Standardized to the governed province name
SEED-00840,3617,CLM003617,Region,Inconsistent Region Naming,Medium,gauteng,Gauteng,Standardized to the governed province name
SEED-00841,67717,CLM067717,Region,Inconsistent Region Naming,Medium,Mpumalanga ,Mpumalanga,Standardized to the governed province name
SEED-00842,30137,CLM030137,Region,Inconsistent Region Naming,Medium,North-West,North West,Standardized to the governed province name
SEED-00843,35438,CLM035438,Region,Inconsistent Region Naming,Medium,Eastern cape,Eastern Cape,Standardized to the governed province name
SEED-00844,14961,CLM014961,Region,Inconsistent Region Naming,Medium,Eastern cape,Eastern Cape,Standardized to the governed province name
SEED-00845,15899,CLM015899,Region,Inconsistent Region Naming,Medium,Western cape,Western Cape,Standardized to the governed province name
SEED-00846,50420,CLM050420,Region,Inconsistent Region Naming,Medium,North-West,North West,Standardized to the governed province name
SEED-00847,23366,CLM023366,Region,Inconsistent Region Naming,Medium,KZN,KwaZulu-Natal,Standardized to the governed province name
SEED-00848,33739,CLM033739,Region,Inconsistent Region Naming,Medium,gauteng,Gauteng,Standardized to the governed province name
SEED-00849,13697,CLM013697,Region,Inconsistent Region Naming,Medium,Western cape,Western Cape,Standardized to the governed province name
SEED-00850,1578,CLM001578,Region,Inconsistent Region Naming,Medium,gauteng,Gauteng,Standardized to the governed province name
SEED-00851,5020,CLM005020,Region,Inconsistent Region Naming,Medium,Western cape,Western Cape,Standardized to the governed province name
SEED-00852,30652,CLM030652,Region,Inconsistent Region Naming,Medium,North-West,North West,Standardized to the governed province name
SEED-00853,50368,CLM050368,Region,Inconsistent Region Naming,Medium,Mpumalanga ,Mpumalanga,Standardized to the governed province name
SEED-00854,3110,CLM003110,Region,Inconsistent Region Naming,Medium,LIMPOPO,Limpopo,Standardized to the governed province name
SEED-00855,26515,CLM026515,Region,Inconsistent Region Naming,Medium,Eastern cape,Eastern Cape,Standardized to the governed province name
SEED-00856,58669,CLM058669,Region,Inconsistent Region Naming,Medium,LIMPOPO,Limpopo,Standardized to the governed province name
SEED-00857,35462,CLM035462,Region,Inconsistent Region Naming,Medium,Mpumalanga ,Mpumalanga,Standardized to the governed province name
SEED-00858,22699,CLM022699,Region,Inconsistent Region Naming,Medium,gauteng,Gauteng,Standardized to the governed province name
SEED-00859,54065,CLM054065,Region,Inconsistent Region Naming,Medium,KZN,KwaZulu-Natal,Standardized to the governed province name
SEED-00860,6605,CLM006605,Region,Inconsistent Region Naming,Medium,Western cape,Western Cape,Standardized to the governed province name
SEED-00861,54433,CLM054433,Region,Inconsistent Region Naming,Medium,KZN,KwaZulu-Natal,Standardized to the governed province name
SEED-00862,44675,CLM044675,Region,Inconsistent Region Naming,Medium,Western cape,Western Cape,Standardized to the governed province name
SEED-00863,22651,CLM022651,Region,Inconsistent Region Naming,Medium,LIMPOPO,Limpopo,Standardized to the governed province name
SEED-00864,18659,CLM018659,Region,Inconsistent Region Naming,Medium,gauteng,Gauteng,Standardized to the governed province name
SEED-00865,46264,CLM046264,Region,Inconsistent Region Naming,Medium,KZN,KwaZulu-Natal,Standardized to the governed province name
SEED-00866,47212,CLM047212,Region,Inconsistent Region Naming,Medium,Eastern cape,Eastern Cape,Standardized to the governed province name
SEED-00867,30853,CLM030853,Region,Inconsistent Region Naming,Medium,LIMPOPO,Limpopo,Standardized to the governed province name
SEED-00868,29047,CLM029047,Region,Inconsistent Region Naming,Medium,gauteng,Gauteng,Standardized to the governed province name
SEED-00869,15794,CLM015794,Region,Inconsistent Region Naming,Medium,Eastern cape,Eastern Cape,Standardized to the governed province name
SEED-00870,18120,CLM018120,Region,Inconsistent Region Naming,Medium,Eastern cape,Eastern Cape,Standardized to the governed province name
SEED-00871,53961,CLM053961,Region,Inconsistent Region Naming,Medium,Western cape,Western Cape,Standardized to the governed province name
SEED-00872,53609,CLM053609,Region,Inconsistent Region Naming,Medium,Eastern cape,Eastern Cape,Standardized to the governed province name
SEED-00873,72031,CLM072031,Region,Inconsistent Region Naming,Medium,Free state,Free State,Standardized to the governed province name
SEED-00874,5280,CLM005280,Region,Inconsistent Region Naming,Medium,Eastern cape,Eastern Cape,Standardized to the governed province name
SEED-00875,53021,CLM053021,Region,Inconsistent Region Naming,Medium,Eastern cape,Eastern Cape,Standardized to the governed province name
SEED-00876,28671,CLM028671,Region,Inconsistent Region Naming,Medium,KZN,KwaZulu-Natal,Standardized to the governed province name
SEED-00877,43672,CLM043672,Region,Inconsistent Region Naming,Medium,Mpumalanga ,Mpumalanga,Standardized to the governed province name
SEED-00878,31137,CLM031137,Region,Inconsistent Region Naming,Medium,Eastern cape,Eastern Cape,Standardized to the governed province name
SEED-00879,39730,CLM039730,Region,Inconsistent Region Naming,Medium,Mpumalanga ,Mpumalanga,Standardized to the governed province name
SEED-00880,51201,CLM051201,Region,Inconsistent Region Naming,Medium,gauteng,Gauteng,Standardized to the governed province name
SEED-00881,10841,CLM010841,Region,Inconsistent Region Naming,Medium,Northern cape,Northern Cape,Standardized to the governed province name
SEED-00882,10205,CLM010205,Region,Inconsistent Region Naming,Medium,North-West,North West,Standardized to the governed province name
SEED-00883,49235,CLM049235,Region,Inconsistent Region Naming,Medium,Eastern cape,Eastern Cape,Standardized to the governed province name
SEED-00884,40190,CLM040190,Region,Inconsistent Region Naming,Medium,Western cape,Western Cape,Standardized to the governed province name
SEED-00885,19113,CLM019113,Region,Inconsistent Region Naming,Medium,KZN,KwaZulu-Natal,Standardized to the governed province name
SEED-00886,27583,CLM027583,Region,Inconsistent Region Naming,Medium,Western cape,Western Cape,Standardized to the governed province name
SEED-00887,54905,CLM054905,Region,Inconsistent Region Naming,Medium,North-West,North West,Standardized to the governed province name
SEED-00888,4968,CLM004968,Region,Inconsistent Region Naming,Medium,LIMPOPO,Limpopo,Standardized to the governed province name
SEED-00889,15615,CLM015615,Region,Inconsistent Region Naming,Medium,gauteng,Gauteng,Standardized to the governed province name
SEED-00890,72304,CLM072304,Region,Inconsistent Region Naming,Medium,gauteng,Gauteng,Standardized to the governed province name
SEED-00891,37876,CLM037876,Region,Inconsistent Region Naming,Medium,gauteng,Gauteng,Standardized to the governed province name
SEED-00892,3811,CLM003811,Region,Inconsistent Region Naming,Medium,gauteng,Gauteng,Standardized to the governed province name
SEED-00893,46037,CLM046037,Region,Inconsistent Region Naming,Medium,KZN,KwaZulu-Natal,Standardized to the governed province name
SEED-00894,48532,CLM048532,Region,Inconsistent Region Naming,Medium,LIMPOPO,Limpopo,Standardized to the governed province name
SEED-00895,28587,CLM028587,Region,Inconsistent Region Naming,Medium,Western cape,Western Cape,Standardized to the governed province name
SEED-00896,34013,CLM034013,Region,Inconsistent Region Naming,Medium,Western cape,Western Cape,Standardized to the governed province name
SEED-00897,46765,CLM046765,Region,Inconsistent Region Naming,Medium,gauteng,Gauteng,Standardized to the governed province name
SEED-00898,32375,CLM032375,Region,Inconsistent Region Naming,Medium,Mpumalanga ,Mpumalanga,Standardized to the governed province name
SEED-00899,72987,CLM072987,Region,Inconsistent Region Naming,Medium,Western cape,Western Cape,Standardized to the governed province name
SEED-00900,19316,CLM019316,Region,Inconsistent Region Naming,Medium,Western cape,Western Cape,Standardized to the governed province name
SEED-00901,9884,CLM009884,Region,Inconsistent Region Naming,Medium,Eastern cape,Eastern Cape,Standardized to the governed province name
SEED-00902,68860,CLM068860,Region,Inconsistent Region Naming,Medium,Mpumalanga ,Mpumalanga,Standardized to the governed province name
SEED-00903,46303,CLM046303,Region,Inconsistent Region Naming,Medium,Mpumalanga ,Mpumalanga,Standardized to the governed province name
SEED-00904,40682,CLM040682,Region,Inconsistent Region Naming,Medium,Western cape,Western Cape,Standardized to the governed province name
SEED-00905,59612,CLM059612,Region,Inconsistent Region Naming,Medium,North-West,North West,Standardized to the governed province name
SEED-00906,14994,CLM014994,Region,Inconsistent Region Naming,Medium,North-West,North West,Standardized to the governed province name
SEED-00907,58059,CLM058059,Region,Inconsistent Region Naming,Medium,North-West,North West,Standardized to the governed province name
SEED-00908,52072,CLM052072,Region,Inconsistent Region Naming,Medium,Western cape,Western Cape,Standardized to the governed province name
SEED-00909,70188,CLM070188,Region,Inconsistent Region Naming,Medium,Western cape,Western Cape,Standardized to the governed province name
SEED-00910,2232,CLM002232,Region,Inconsistent Region Naming,Medium,gauteng,Gauteng,Standardized to the governed province name
SEED-00911,26890,CLM026890,Region,Inconsistent Region Naming,Medium,gauteng,Gauteng,Standardized to the governed province name
SEED-00912,73467,CLM073467,Region,Inconsistent Region Naming,Medium,KZN,KwaZulu-Natal,Standardized to the governed province name
SEED-00913,24326,CLM024326,Region,Inconsistent Region Naming,Medium,Western cape,Western Cape,Standardized to the governed province name
SEED-00914,16528,CLM016528,Region,Inconsistent Region Naming,Medium,Western cape,Western Cape,Standardized to the governed province name
SEED-00915,16016,CLM016016,Region,Inconsistent Region Naming,Medium,LIMPOPO,Limpopo,Standardized to the governed province name
SEED-00916,13157,CLM013157,Region,Inconsistent Region Naming,Medium,Western cape,Western Cape,Standardized to the governed province name
SEED-00917,66413,CLM066413,Region,Inconsistent Region Naming,Medium,KZN,KwaZulu-Natal,Standardized to the governed province name
SEED-00918,69019,CLM069019,Region,Inconsistent Region Naming,Medium,Eastern cape,Eastern Cape,Standardized to the governed province name
SEED-00919,976,CLM000976,Region,Inconsistent Region Naming,Medium,gauteng,Gauteng,Standardized to the governed province name
SEED-00920,48978,CLM048978,Region,Inconsistent Region Naming,Medium,Western cape,Western Cape,Standardized to the governed province name
SEED-00921,37512,CLM037512,Region,Inconsistent Region Naming,Medium,LIMPOPO,Limpopo,Standardized to the governed province name
SEED-00922,59901,CLM059901,Region,Inconsistent Region Naming,Medium,Eastern cape,Eastern Cape,Standardized to the governed province name
SEED-00923,61551,CLM061551,Region,Inconsistent Region Naming,Medium,Eastern cape,Eastern Cape,Standardized to the governed province name
SEED-00924,34397,CLM034397,Region,Inconsistent Region Naming,Medium,Mpumalanga ,Mpumalanga,Standardized to the governed province name
SEED-00925,65406,CLM065406,Region,Inconsistent Region Naming,Medium,Free state,Free State,Standardized to the governed province name
SEED-00926,41875,CLM041875,Region,Inconsistent Region Naming,Medium,LIMPOPO,Limpopo,Standardized to the governed province name
SEED-00927,74985,CLM074985,Region,Inconsistent Region Naming,Medium,Free state,Free State,Standardized to the governed province name
SEED-00928,27770,CLM027770,Region,Inconsistent Region Naming,Medium,Western cape,Western Cape,Standardized to the governed province name
SEED-00929,1218,CLM001218,Region,Inconsistent Region Naming,Medium,Free state,Free State,Standardized to the governed province name
SEED-00930,73476,CLM073476,Region,Inconsistent Region Naming,Medium,Northern cape,Northern Cape,Standardized to the governed province name
SEED-00931,37679,CLM037679,Region,Inconsistent Region Naming,Medium,gauteng,Gauteng,Standardized to the governed province name
SEED-00932,43170,CLM043170,Region,Inconsistent Region Naming,Medium,Western cape,Western Cape,Standardized to the governed province name
SEED-00933,5019,CLM005019,Region,Inconsistent Region Naming,Medium,gauteng,Gauteng,Standardized to the governed province name
SEED-00934,62461,CLM062461,Region,Inconsistent Region Naming,Medium,Western cape,Western Cape,Standardized to the governed province name
SEED-00935,11851,CLM011851,Region,Inconsistent Region Naming,Medium,KZN,KwaZulu-Natal,Standardized to the governed province name
SEED-00936,48231,CLM048231,Region,Inconsistent Region Naming,Medium,North-West,North West,Standardized to the governed province name
SEED-00937,5919,CLM005919,Region,Inconsistent Region Naming,Medium,Eastern cape,Eastern Cape,Standardized to the governed province name
SEED-00938,4087,CLM004087,Region,Inconsistent Region Naming,Medium,Western cape,Western Cape,Standardized to the governed province name
SEED-00939,37738,CLM037738,Region,Inconsistent Region Naming,Medium,gauteng,Gauteng,Standardized to the governed province name
SEED-00940,13570,CLM013570,Region,Inconsistent Region Naming,Medium,LIMPOPO,Limpopo,Standardized to the governed province name
SEED-00941,28656,CLM028656,Region,Inconsistent Region Naming,Medium,gauteng,Gauteng,Standardized to the governed province name
SEED-00942,37700,CLM037700,Region,Inconsistent Region Naming,Medium,KZN,KwaZulu-Natal,Standardized to the governed province name
SEED-00943,31015,CLM031015,Region,Inconsistent Region Naming,Medium,North-West,North West,Standardized to the governed province name
SEED-00944,30907,CLM030907,Region,Inconsistent Region Naming,Medium,Western cape,Western Cape,Standardized to the governed province name
SEED-00945,2524,CLM002524,Region,Inconsistent Region Naming,Medium,Eastern cape,Eastern Cape,Standardized to the governed province name
SEED-00946,44643,CLM044643,Region,Inconsistent Region Naming,Medium,KZN,KwaZulu-Natal,Standardized to the governed province name
SEED-00947,25815,CLM025815,Region,Inconsistent Region Naming,Medium,Eastern cape,Eastern Cape,Standardized to the governed province name
SEED-00948,18628,CLM018628,Region,Inconsistent Region Naming,Medium,Mpumalanga ,Mpumalanga,Standardized to the governed province name
SEED-00949,19318,CLM019318,Region,Inconsistent Region Naming,Medium,gauteng,Gauteng,Standardized to the governed province name
SEED-00950,10202,CLM010202,Region,Inconsistent Region Naming,Medium,Western cape,Western Cape,Standardized to the governed province name
SEED-00951,27716,CLM027716,Region,Inconsistent Region Naming,Medium,gauteng,Gauteng,Standardized to the governed province name
SEED-00952,31828,CLM031828,Region,Inconsistent Region Naming,Medium,Western cape,Western Cape,Standardized to the governed province name
SEED-00953,66366,CLM066366,Region,Inconsistent Region Naming,Medium,KZN,KwaZulu-Natal,Standardized to the governed province name
SEED-00954,46255,CLM046255,Region,Inconsistent Region Naming,Medium,Western cape,Western Cape,Standardized to the governed province name
SEED-00955,56988,CLM056988,Region,Inconsistent Region Naming,Medium,Western cape,Western Cape,Standardized to the governed province name
SEED-00956,23434,CLM023434,Region,Inconsistent Region Naming,Medium,Western cape,Western Cape,Standardized to the governed province name
SEED-00957,32911,CLM032911,Region,Inconsistent Region Naming,Medium,gauteng,Gauteng,Standardized to the governed province name
SEED-00958,31172,CLM031172,Region,Inconsistent Region Naming,Medium,gauteng,Gauteng,Standardized to the governed province name
SEED-00959,4201,CLM004201,Region,Inconsistent Region Naming,Medium,Free state,Free State,Standardized to the governed province name
SEED-00960,71673,CLM071673,Region,Inconsistent Region Naming,Medium,Western cape,Western Cape,Standardized to the governed province name
SEED-00961,43734,CLM043734,Region,Inconsistent Region Naming,Medium,Western cape,Western Cape,Standardized to the governed province name
SEED-00962,8606,CLM008606,Region,Inconsistent Region Naming,Medium,KZN,KwaZulu-Natal,Standardized to the governed province name
SEED-00963,59039,CLM059039,Region,Inconsistent Region Naming,Medium,gauteng,Gauteng,Standardized to the governed province name
SEED-00964,17626,CLM017626,Region,Inconsistent Region Naming,Medium,gauteng,Gauteng,Standardized to the governed province name
SEED-00965,46713,CLM046713,Region,Inconsistent Region Naming,Medium,KZN,KwaZulu-Natal,Standardized to the governed province name
SEED-00966,11750,CLM011750,Region,Inconsistent Region Naming,Medium,Western cape,Western Cape,Standardized to the governed province name
SEED-00967,61869,CLM061869,Region,Inconsistent Region Naming,Medium,gauteng,Gauteng,Standardized to the governed province name
SEED-00968,47722,CLM047722,Region,Inconsistent Region Naming,Medium,gauteng,Gauteng,Standardized to the governed province name
SEED-00969,71,CLM000071,Region,Inconsistent Region Naming,Medium,North-West,North West,Standardized to the governed province name
SEED-00970,70633,CLM070633,Region,Inconsistent Region Naming,Medium,gauteng,Gauteng,Standardized to the governed province name
SEED-00971,2996,CLM002996,Region,Inconsistent Region Naming,Medium,Western cape,Western Cape,Standardized to the governed province name
SEED-00972,53199,CLM053199,Region,Inconsistent Region Naming,Medium,Western cape,Western Cape,Standardized to the governed province name
SEED-00973,46306,CLM046306,Region,Inconsistent Region Naming,Medium,KZN,KwaZulu-Natal,Standardized to the governed province name
SEED-00974,73745,CLM073745,Region,Inconsistent Region Naming,Medium,Western cape,Western Cape,Standardized to the governed province name
SEED-00975,6509,CLM006509,Region,Inconsistent Region Naming,Medium,Eastern cape,Eastern Cape,Standardized to the governed province name
SEED-00976,30963,CLM030963,Region,Inconsistent Region Naming,Medium,KZN,KwaZulu-Natal,Standardized to the governed province name
SEED-00977,48771,CLM048771,Region,Inconsistent Region Naming,Medium,Eastern cape,Eastern Cape,Standardized to the governed province name
SEED-00978,71315,CLM071315,Region,Inconsistent Region Naming,Medium,KZN,KwaZulu-Natal,Standardized to the governed province name
SEED-00979,13917,CLM013917,Region,Inconsistent Region Naming,Medium,Western cape,Western Cape,Standardized to the governed province name
SEED-00980,29500,CLM029500,Region,Inconsistent Region Naming,Medium,Free state,Free State,Standardized to the governed province name
SEED-00981,35006,CLM035006,Region,Inconsistent Region Naming,Medium,Western cape,Western Cape,Standardized to the governed province name
SEED-00982,23215,CLM023215,Region,Inconsistent Region Naming,Medium,KZN,KwaZulu-Natal,Standardized to the governed province name
SEED-00983,54368,CLM054368,Region,Inconsistent Region Naming,Medium,North-West,North West,Standardized to the governed province name
SEED-00984,38411,CLM038411,Region,Inconsistent Region Naming,Medium,LIMPOPO,Limpopo,Standardized to the governed province name
SEED-00985,33408,CLM033408,Region,Inconsistent Region Naming,Medium,gauteng,Gauteng,Standardized to the governed province name
SEED-00986,16866,CLM016866,Region,Inconsistent Region Naming,Medium,Mpumalanga ,Mpumalanga,Standardized to the governed province name
SEED-00987,57239,CLM057239,Region,Inconsistent Region Naming,Medium,gauteng,Gauteng,Standardized to the governed province name
SEED-00988,31499,CLM031499,Region,Inconsistent Region Naming,Medium,KZN,KwaZulu-Natal,Standardized to the governed province name
SEED-00989,1211,CLM001211,Region,Inconsistent Region Naming,Medium,Free state,Free State,Standardized to the governed province name
SEED-00990,22509,CLM022509,Region,Inconsistent Region Naming,Medium,Mpumalanga ,Mpumalanga,Standardized to the governed province name
SEED-00991,71796,CLM071796,Region,Inconsistent Region Naming,Medium,gauteng,Gauteng,Standardized to the governed province name
SEED-00992,32881,CLM032881,Region,Inconsistent Region Naming,Medium,LIMPOPO,Limpopo,Standardized to the governed province name
SEED-00993,2183,CLM002183,Region,Inconsistent Region Naming,Medium,North-West,North West,Standardized to the governed province name
SEED-00994,66404,CLM066404,Region,Inconsistent Region Naming,Medium,Western cape,Western Cape,Standardized to the governed province name
SEED-00995,57181,CLM057181,Region,Inconsistent Region Naming,Medium,gauteng,Gauteng,Standardized to the governed province name
SEED-00996,50487,CLM050487,Region,Inconsistent Region Naming,Medium,gauteng,Gauteng,Standardized to the governed province name
SEED-00997,67907,CLM067907,Region,Inconsistent Region Naming,Medium,Western cape,Western Cape,Standardized to the governed province name
SEED-00998,67636,CLM067636,Region,Inconsistent Region Naming,Medium,Western cape,Western Cape,Standardized to the governed province name
SEED-00999,36930,CLM036930,Region,Inconsistent Region Naming,Medium,KZN,KwaZulu-Natal,Standardized to the governed province name
SEED-01000,1178,CLM001178,Region,Inconsistent Region Naming,Medium,KZN,KwaZulu-Natal,Standardized to the governed province name
SEED-01001,23533,CLM023533,Region,Inconsistent Region Naming,Medium,North-West,North West,Standardized to the governed province name
SEED-01002,17797,CLM017797,Region,Inconsistent Region Naming,Medium,Western cape,Western Cape,Standardized to the governed province name
SEED-01003,13502,CLM013502,Region,Inconsistent Region Naming,Medium,gauteng,Gauteng,Standardized to the governed province name
SEED-01004,10770,CLM010770,Region,Inconsistent Region Naming,Medium,North-West,North West,Standardized to the governed province name
SEED-01005,57648,CLM057648,Region,Inconsistent Region Naming,Medium,gauteng,Gauteng,Standardized to the governed province name
SEED-01006,42448,CLM042448,Region,Inconsistent Region Naming,Medium,gauteng,Gauteng,Standardized to the governed province name
SEED-01007,7159,CLM007159,Region,Inconsistent Region Naming,Medium,KZN,KwaZulu-Natal,Standardized to the governed province name
SEED-01008,46254,CLM046254,Region,Inconsistent Region Naming,Medium,gauteng,Gauteng,Standardized to the governed province name
SEED-01009,62755,CLM062755,Region,Inconsistent Region Naming,Medium,Mpumalanga ,Mpumalanga,Standardized to the governed province name
SEED-01010,35477,CLM035477,Region,Inconsistent Region Naming,Medium,gauteng,Gauteng,Standardized to the governed province name
SEED-01011,25179,CLM025179,Region,Inconsistent Region Naming,Medium,Eastern cape,Eastern Cape,Standardized to the governed province name
SEED-01012,51527,CLM051527,Region,Inconsistent Region Naming,Medium,gauteng,Gauteng,Standardized to the governed province name
SEED-01013,28326,CLM028326,Region,Inconsistent Region Naming,Medium,Western cape,Western Cape,Standardized to the governed province name
SEED-01014,67569,CLM067569,Region,Inconsistent Region Naming,Medium,gauteng,Gauteng,Standardized to the governed province name
SEED-01015,7905,CLM007905,Region,Inconsistent Region Naming,Medium,gauteng,Gauteng,Standardized to the governed province name
SEED-01016,43041,CLM043041,Region,Inconsistent Region Naming,Medium,Eastern cape,Eastern Cape,Standardized to the governed province name
SEED-01017,17348,CLM017348,Region,Inconsistent Region Naming,Medium,gauteng,Gauteng,Standardized to the governed province name
SEED-01018,35761,CLM035761,Region,Inconsistent Region Naming,Medium,gauteng,Gauteng,Standardized to the governed province name
SEED-01019,29516,CLM029516,Region,Inconsistent Region Naming,Medium,KZN,KwaZulu-Natal,Standardized to the governed province name
SEED-01020,44035,CLM044035,Region,Inconsistent Region Naming,Medium,gauteng,Gauteng,Standardized to the governed province name
SEED-01021,33062,CLM033062,Region,Inconsistent Region Naming,Medium,Northern cape,Northern Cape,Standardized to the governed province name
SEED-01022,1868,CLM001868,Region,Inconsistent Region Naming,Medium,gauteng,Gauteng,Standardized to the governed province name
SEED-01023,13931,CLM013931,Region,Inconsistent Region Naming,Medium,KZN,KwaZulu-Natal,Standardized to the governed province name
SEED-01024,62474,CLM062474,Region,Inconsistent Region Naming,Medium,gauteng,Gauteng,Standardized to the governed province name
SEED-01025,17733,CLM017733,Region,Inconsistent Region Naming,Medium,Mpumalanga ,Mpumalanga,Standardized to the governed province name
SEED-01026,56131,CLM056131,Region,Inconsistent Region Naming,Medium,gauteng,Gauteng,Standardized to the governed province name
SEED-01027,56528,CLM056528,Region,Inconsistent Region Naming,Medium,Free state,Free State,Standardized to the governed province name
SEED-01028,49963,CLM049963,Region,Inconsistent Region Naming,Medium,Western cape,Western Cape,Standardized to the governed province name
SEED-01029,46699,CLM046699,Region,Inconsistent Region Naming,Medium,Western cape,Western Cape,Standardized to the governed province name
SEED-01030,25857,CLM025857,Region,Inconsistent Region Naming,Medium,gauteng,Gauteng,Standardized to the governed province name
SEED-01031,14799,CLM014799,Claim_Status,Inconsistent Claim Status,Medium,settled,Settled,Mapped to the controlled status vocabulary
SEED-01032,53986,CLM053986,Claim_Status,Inconsistent Claim Status,Medium,settled,Settled,Mapped to the controlled status vocabulary
SEED-01033,56444,CLM056444,Claim_Status,Inconsistent Claim Status,Medium,Awaiting docs,Awaiting Documents,Mapped to the controlled status vocabulary
SEED-01034,29199,CLM029199,Claim_Status,Inconsistent Claim Status,Medium,closed,Closed,Mapped to the controlled status vocabulary
SEED-01035,11706,CLM011706,Claim_Status,Inconsistent Claim Status,Medium,Awaiting supplier,Awaiting Supplier,Mapped to the controlled status vocabulary
SEED-01036,24092,CLM024092,Claim_Status,Inconsistent Claim Status,Medium,settled,Settled,Mapped to the controlled status vocabulary
SEED-01037,17330,CLM017330,Claim_Status,Inconsistent Claim Status,Medium,settled,Settled,Mapped to the controlled status vocabulary
SEED-01038,63471,CLM063471,Claim_Status,Inconsistent Claim Status,Medium,settled,Settled,Mapped to the controlled status vocabulary
SEED-01039,74828,CLM074828,Claim_Status,Inconsistent Claim Status,Medium,settled,Settled,Mapped to the controlled status vocabulary
SEED-01040,33177,CLM033177,Claim_Status,Inconsistent Claim Status,Medium,settled,Settled,Mapped to the controlled status vocabulary
SEED-01041,52743,CLM052743,Claim_Status,Inconsistent Claim Status,Medium,closed,Closed,Mapped to the controlled status vocabulary
SEED-01042,54001,CLM054001,Claim_Status,Inconsistent Claim Status,Medium,settled,Settled,Mapped to the controlled status vocabulary
SEED-01043,53276,CLM053276,Claim_Status,Inconsistent Claim Status,Medium,settled,Settled,Mapped to the controlled status vocabulary
SEED-01044,11446,CLM011446,Claim_Status,Inconsistent Claim Status,Medium,closed,Closed,Mapped to the controlled status vocabulary
SEED-01045,63535,CLM063535,Claim_Status,Inconsistent Claim Status,Medium,settled,Settled,Mapped to the controlled status vocabulary
SEED-01046,67002,CLM067002,Claim_Status,Inconsistent Claim Status,Medium,Awaiting docs,Awaiting Documents,Mapped to the controlled status vocabulary
SEED-01047,17613,CLM017613,Claim_Status,Inconsistent Claim Status,Medium,settled,Settled,Mapped to the controlled status vocabulary
SEED-01048,74973,CLM074973,Claim_Status,Inconsistent Claim Status,Medium,settled,Settled,Mapped to the controlled status vocabulary
SEED-01049,50078,CLM050078,Claim_Status,Inconsistent Claim Status,Medium,Awaiting docs,Awaiting Documents,Mapped to the controlled status vocabulary
SEED-01050,13685,CLM013685,Claim_Status,Inconsistent Claim Status,Medium,closed,Closed,Mapped to the controlled status vocabulary
SEED-01051,50077,CLM050077,Claim_Status,Inconsistent Claim Status,Medium,settled,Settled,Mapped to the controlled status vocabulary
SEED-01052,5760,CLM005760,Claim_Status,Inconsistent Claim Status,Medium,settled,Settled,Mapped to the controlled status vocabulary
SEED-01053,43747,CLM043747,Claim_Status,Inconsistent Claim Status,Medium,APPROVED,Approved,Mapped to the controlled status vocabulary
SEED-01054,42993,CLM042993,Claim_Status,Inconsistent Claim Status,Medium,APPROVED,Approved,Mapped to the controlled status vocabulary
SEED-01055,50840,CLM050840,Claim_Status,Inconsistent Claim Status,Medium,closed,Closed,Mapped to the controlled status vocabulary
SEED-01056,68947,CLM068947,Claim_Status,Inconsistent Claim Status,Medium,Awaiting supplier,Awaiting Supplier,Mapped to the controlled status vocabulary
SEED-01057,60967,CLM060967,Claim_Status,Inconsistent Claim Status,Medium,assessment,Assessment,Mapped to the controlled status vocabulary
SEED-01058,9234,CLM009234,Claim_Status,Inconsistent Claim Status,Medium,settled,Settled,Mapped to the controlled status vocabulary
SEED-01059,8233,CLM008233,Claim_Status,Inconsistent Claim Status,Medium,settled,Settled,Mapped to the controlled status vocabulary
SEED-01060,15601,CLM015601,Claim_Status,Inconsistent Claim Status,Medium,settled,Settled,Mapped to the controlled status vocabulary
SEED-01061,51071,CLM051071,Claim_Status,Inconsistent Claim Status,Medium,settled,Settled,Mapped to the controlled status vocabulary
SEED-01062,3721,CLM003721,Claim_Status,Inconsistent Claim Status,Medium,under investigation,Under Investigation,Mapped to the controlled status vocabulary
SEED-01063,19219,CLM019219,Claim_Status,Inconsistent Claim Status,Medium,settled,Settled,Mapped to the controlled status vocabulary
SEED-01064,54237,CLM054237,Claim_Status,Inconsistent Claim Status,Medium,closed,Closed,Mapped to the controlled status vocabulary
SEED-01065,68479,CLM068479,Claim_Status,Inconsistent Claim Status,Medium,settled,Settled,Mapped to the controlled status vocabulary
SEED-01066,41926,CLM041926,Claim_Status,Inconsistent Claim Status,Medium,settled,Settled,Mapped to the controlled status vocabulary
SEED-01067,29947,CLM029947,Claim_Status,Inconsistent Claim Status,Medium,closed,Closed,Mapped to the controlled status vocabulary
SEED-01068,59381,CLM059381,Claim_Status,Inconsistent Claim Status,Medium,REJECTED,Rejected,Mapped to the controlled status vocabulary
SEED-01069,60415,CLM060415,Claim_Status,Inconsistent Claim Status,Medium,settled,Settled,Mapped to the controlled status vocabulary
SEED-01070,37497,CLM037497,Claim_Status,Inconsistent Claim Status,Medium,closed,Closed,Mapped to the controlled status vocabulary
SEED-01071,17304,CLM017304,Claim_Status,Inconsistent Claim Status,Medium,closed,Closed,Mapped to the controlled status vocabulary
SEED-01072,51274,CLM051274,Claim_Status,Inconsistent Claim Status,Medium,closed,Closed,Mapped to the controlled status vocabulary
SEED-01073,21896,CLM021896,Claim_Status,Inconsistent Claim Status,Medium,settled,Settled,Mapped to the controlled status vocabulary
SEED-01074,5418,CLM005418,Claim_Status,Inconsistent Claim Status,Medium,REJECTED,Rejected,Mapped to the controlled status vocabulary
SEED-01075,62889,CLM062889,Claim_Status,Inconsistent Claim Status,Medium,settled,Settled,Mapped to the controlled status vocabulary
SEED-01076,47771,CLM047771,Claim_Status,Inconsistent Claim Status,Medium,settled,Settled,Mapped to the controlled status vocabulary
SEED-01077,50726,CLM050726,Claim_Status,Inconsistent Claim Status,Medium,closed,Closed,Mapped to the controlled status vocabulary
SEED-01078,9176,CLM009176,Claim_Status,Inconsistent Claim Status,Medium,Awaiting docs,Awaiting Documents,Mapped to the controlled status vocabulary
SEED-01079,24190,CLM024190,Claim_Status,Inconsistent Claim Status,Medium,closed,Closed,Mapped to the controlled status vocabulary
SEED-01080,10377,CLM010377,Claim_Status,Inconsistent Claim Status,Medium,settled,Settled,Mapped to the controlled status vocabulary
SEED-01081,58792,CLM058792,Claim_Status,Inconsistent Claim Status,Medium,assessment,Assessment,Mapped to the controlled status vocabulary
SEED-01082,12284,CLM012284,Claim_Status,Inconsistent Claim Status,Medium,closed,Closed,Mapped to the controlled status vocabulary
SEED-01083,58332,CLM058332,Claim_Status,Inconsistent Claim Status,Medium,settled,Settled,Mapped to the controlled status vocabulary
SEED-01084,16079,CLM016079,Claim_Status,Inconsistent Claim Status,Medium,settled,Settled,Mapped to the controlled status vocabulary
SEED-01085,3558,CLM003558,Claim_Status,Inconsistent Claim Status,Medium,settled,Settled,Mapped to the controlled status vocabulary
SEED-01086,60473,CLM060473,Claim_Status,Inconsistent Claim Status,Medium,REJECTED,Rejected,Mapped to the controlled status vocabulary
SEED-01087,249,CLM000249,Claim_Status,Inconsistent Claim Status,Medium,settled,Settled,Mapped to the controlled status vocabulary
SEED-01088,6678,CLM006678,Claim_Status,Inconsistent Claim Status,Medium,settled,Settled,Mapped to the controlled status vocabulary
SEED-01089,56989,CLM056989,Claim_Status,Inconsistent Claim Status,Medium,settled,Settled,Mapped to the controlled status vocabulary
SEED-01090,39942,CLM039942,Claim_Status,Inconsistent Claim Status,Medium,closed,Closed,Mapped to the controlled status vocabulary
SEED-01091,40761,CLM040761,Claim_Status,Inconsistent Claim Status,Medium,REJECTED,Rejected,Mapped to the controlled status vocabulary
SEED-01092,24679,CLM024679,Claim_Status,Inconsistent Claim Status,Medium,settled,Settled,Mapped to the controlled status vocabulary
SEED-01093,6945,CLM006945,Claim_Status,Inconsistent Claim Status,Medium,closed,Closed,Mapped to the controlled status vocabulary
SEED-01094,58296,CLM058296,Claim_Status,Inconsistent Claim Status,Medium,REJECTED,Rejected,Mapped to the controlled status vocabulary
SEED-01095,17021,CLM017021,Claim_Status,Inconsistent Claim Status,Medium,closed,Closed,Mapped to the controlled status vocabulary
SEED-01096,69786,CLM069786,Claim_Status,Inconsistent Claim Status,Medium,settled,Settled,Mapped to the controlled status vocabulary
SEED-01097,2324,CLM002324,Claim_Status,Inconsistent Claim Status,Medium,settled,Settled,Mapped to the controlled status vocabulary
SEED-01098,51729,CLM051729,Claim_Status,Inconsistent Claim Status,Medium,settled,Settled,Mapped to the controlled status vocabulary
SEED-01099,42651,CLM042651,Claim_Status,Inconsistent Claim Status,Medium,settled,Settled,Mapped to the controlled status vocabulary
SEED-01100,59174,CLM059174,Claim_Status,Inconsistent Claim Status,Medium,APPROVED,Approved,Mapped to the controlled status vocabulary
SEED-01101,23539,CLM023539,Claim_Status,Inconsistent Claim Status,Medium,settled,Settled,Mapped to the controlled status vocabulary
SEED-01102,74301,CLM074301,Claim_Status,Inconsistent Claim Status,Medium,settled,Settled,Mapped to the controlled status vocabulary
SEED-01103,42550,CLM042550,Claim_Status,Inconsistent Claim Status,Medium,Awaiting docs,Awaiting Documents,Mapped to the controlled status vocabulary
SEED-01104,54850,CLM054850,Claim_Status,Inconsistent Claim Status,Medium,settled,Settled,Mapped to the controlled status vocabulary
SEED-01105,11685,CLM011685,Claim_Status,Inconsistent Claim Status,Medium,settled,Settled,Mapped to the controlled status vocabulary
SEED-01106,60529,CLM060529,Claim_Status,Inconsistent Claim Status,Medium,settled,Settled,Mapped to the controlled status vocabulary
SEED-01107,72071,CLM072071,Claim_Status,Inconsistent Claim Status,Medium,settled,Settled,Mapped to the controlled status vocabulary
SEED-01108,58068,CLM058068,Claim_Status,Inconsistent Claim Status,Medium,settled,Settled,Mapped to the controlled status vocabulary
SEED-01109,72745,CLM072745,Claim_Status,Inconsistent Claim Status,Medium,closed,Closed,Mapped to the controlled status vocabulary
SEED-01110,69163,CLM069163,Claim_Status,Inconsistent Claim Status,Medium,settled,Settled,Mapped to the controlled status vocabulary
SEED-01111,72668,CLM072668,Claim_Status,Inconsistent Claim Status,Medium,Awaiting docs,Awaiting Documents,Mapped to the controlled status vocabulary
SEED-01112,63787,CLM063787,Claim_Status,Inconsistent Claim Status,Medium,closed,Closed,Mapped to the controlled status vocabulary
SEED-01113,73252,CLM073252,Claim_Status,Inconsistent Claim Status,Medium,settled,Settled,Mapped to the controlled status vocabulary
SEED-01114,43133,CLM043133,Claim_Status,Inconsistent Claim Status,Medium,settled,Settled,Mapped to the controlled status vocabulary
SEED-01115,65714,CLM065714,Claim_Status,Inconsistent Claim Status,Medium,settled,Settled,Mapped to the controlled status vocabulary
SEED-01116,64,CLM000064,Claim_Status,Inconsistent Claim Status,Medium,settled,Settled,Mapped to the controlled status vocabulary
SEED-01117,18329,CLM018329,Claim_Status,Inconsistent Claim Status,Medium,settled,Settled,Mapped to the controlled status vocabulary
SEED-01118,74365,CLM074365,Claim_Status,Inconsistent Claim Status,Medium,REJECTED,Rejected,Mapped to the controlled status vocabulary
SEED-01119,61253,CLM061253,Claim_Status,Inconsistent Claim Status,Medium,settled,Settled,Mapped to the controlled status vocabulary
SEED-01120,60044,CLM060044,Claim_Status,Inconsistent Claim Status,Medium,settled,Settled,Mapped to the controlled status vocabulary
SEED-01121,24794,CLM024794,Claim_Status,Inconsistent Claim Status,Medium,settled,Settled,Mapped to the controlled status vocabulary
SEED-01122,44761,CLM044761,Claim_Status,Inconsistent Claim Status,Medium,closed,Closed,Mapped to the controlled status vocabulary
SEED-01123,42385,CLM042385,Claim_Status,Inconsistent Claim Status,Medium,settled,Settled,Mapped to the controlled status vocabulary
SEED-01124,26232,CLM026232,Claim_Status,Inconsistent Claim Status,Medium,settled,Settled,Mapped to the controlled status vocabulary
SEED-01125,16588,CLM016588,Claim_Status,Inconsistent Claim Status,Medium,settled,Settled,Mapped to the controlled status vocabulary
SEED-01126,74071,CLM074071,Claim_Status,Inconsistent Claim Status,Medium,Awaiting docs,Awaiting Documents,Mapped to the controlled status vocabulary
SEED-01127,40660,CLM040660,Claim_Status,Inconsistent Claim Status,Medium,settled,Settled,Mapped to the controlled status vocabulary
SEED-01128,52383,CLM052383,Claim_Status,Inconsistent Claim Status,Medium,OPEN,Open,Mapped to the controlled status vocabulary
SEED-01129,52386,CLM052386,Claim_Status,Inconsistent Claim Status,Medium,settled,Settled,Mapped to the controlled status vocabulary
SEED-01130,55890,CLM055890,Claim_Status,Inconsistent Claim Status,Medium,settled,Settled,Mapped to the controlled status vocabulary
SEED-01131,25286,CLM025286,Claim_Status,Inconsistent Claim Status,Medium,under investigation,Under Investigation,Mapped to the controlled status vocabulary
SEED-01132,28030,CLM028030,Claim_Status,Inconsistent Claim Status,Medium,settled,Settled,Mapped to the controlled status vocabulary
SEED-01133,12443,CLM012443,Claim_Status,Inconsistent Claim Status,Medium,settled,Settled,Mapped to the controlled status vocabulary
SEED-01134,627,CLM000627,Claim_Status,Inconsistent Claim Status,Medium,settled,Settled,Mapped to the controlled status vocabulary
SEED-01135,70433,CLM070433,Claim_Status,Inconsistent Claim Status,Medium,OPEN,Open,Mapped to the controlled status vocabulary
SEED-01136,45451,CLM045451,Claim_Status,Inconsistent Claim Status,Medium,settled,Settled,Mapped to the controlled status vocabulary
SEED-01137,5332,CLM005332,Claim_Status,Inconsistent Claim Status,Medium,under investigation,Under Investigation,Mapped to the controlled status vocabulary
SEED-01138,67043,CLM067043,Claim_Status,Inconsistent Claim Status,Medium,settled,Settled,Mapped to the controlled status vocabulary
SEED-01139,70994,CLM070994,Claim_Status,Inconsistent Claim Status,Medium,settled,Settled,Mapped to the controlled status vocabulary
SEED-01140,67135,CLM067135,Claim_Status,Inconsistent Claim Status,Medium,assessment,Assessment,Mapped to the controlled status vocabulary
SEED-01141,55757,CLM055757,Claim_Status,Inconsistent Claim Status,Medium,settled,Settled,Mapped to the controlled status vocabulary
SEED-01142,29006,CLM029006,Claim_Status,Inconsistent Claim Status,Medium,settled,Settled,Mapped to the controlled status vocabulary
SEED-01143,17255,CLM017255,Claim_Status,Inconsistent Claim Status,Medium,closed,Closed,Mapped to the controlled status vocabulary
SEED-01144,39172,CLM039172,Claim_Status,Inconsistent Claim Status,Medium,settled,Settled,Mapped to the controlled status vocabulary
SEED-01145,47882,CLM047882,Claim_Status,Inconsistent Claim Status,Medium,settled,Settled,Mapped to the controlled status vocabulary
SEED-01146,74441,CLM074441,Claim_Status,Inconsistent Claim Status,Medium,settled,Settled,Mapped to the controlled status vocabulary
SEED-01147,56502,CLM056502,Claim_Status,Inconsistent Claim Status,Medium,settled,Settled,Mapped to the controlled status vocabulary
SEED-01148,46654,CLM046654,Claim_Status,Inconsistent Claim Status,Medium,settled,Settled,Mapped to the controlled status vocabulary
SEED-01149,71430,CLM071430,Claim_Status,Inconsistent Claim Status,Medium,closed,Closed,Mapped to the controlled status vocabulary
SEED-01150,22340,CLM022340,Claim_Status,Inconsistent Claim Status,Medium,under investigation,Under Investigation,Mapped to the controlled status vocabulary
SEED-01151,24482,CLM024482,Claim_Status,Inconsistent Claim Status,Medium,closed,Closed,Mapped to the controlled status vocabulary
SEED-01152,13160,CLM013160,Claim_Status,Inconsistent Claim Status,Medium,settled,Settled,Mapped to the controlled status vocabulary
SEED-01153,29639,CLM029639,Claim_Status,Inconsistent Claim Status,Medium,Awaiting docs,Awaiting Documents,Mapped to the controlled status vocabulary
SEED-01154,71051,CLM071051,Claim_Status,Inconsistent Claim Status,Medium,closed,Closed,Mapped to the controlled status vocabulary
SEED-01155,28450,CLM028450,Claim_Status,Inconsistent Claim Status,Medium,settled,Settled,Mapped to the controlled status vocabulary
SEED-01156,57455,CLM057455,Claim_Status,Inconsistent Claim Status,Medium,REJECTED,Rejected,Mapped to the controlled status vocabulary
SEED-01157,203,CLM000203,Claim_Status,Inconsistent Claim Status,Medium,APPROVED,Approved,Mapped to the controlled status vocabulary
SEED-01158,67315,CLM067315,Claim_Status,Inconsistent Claim Status,Medium,settled,Settled,Mapped to the controlled status vocabulary
SEED-01159,16063,CLM016063,Claim_Status,Inconsistent Claim Status,Medium,closed,Closed,Mapped to the controlled status vocabulary
SEED-01160,30346,CLM030346,Claim_Status,Inconsistent Claim Status,Medium,Awaiting supplier,Awaiting Supplier,Mapped to the controlled status vocabulary
SEED-01161,64408,CLM064408,Claim_Status,Inconsistent Claim Status,Medium,settled,Settled,Mapped to the controlled status vocabulary
SEED-01162,51401,CLM051401,Claim_Status,Inconsistent Claim Status,Medium,settled,Settled,Mapped to the controlled status vocabulary
SEED-01163,14645,CLM014645,Claim_Status,Inconsistent Claim Status,Medium,settled,Settled,Mapped to the controlled status vocabulary
SEED-01164,62937,CLM062937,Claim_Status,Inconsistent Claim Status,Medium,settled,Settled,Mapped to the controlled status vocabulary
SEED-01165,23814,CLM023814,Claim_Status,Inconsistent Claim Status,Medium,REJECTED,Rejected,Mapped to the controlled status vocabulary
SEED-01166,43971,CLM043971,Claim_Status,Inconsistent Claim Status,Medium,closed,Closed,Mapped to the controlled status vocabulary
SEED-01167,37309,CLM037309,Claim_Status,Inconsistent Claim Status,Medium,closed,Closed,Mapped to the controlled status vocabulary
SEED-01168,61608,CLM061608,Claim_Status,Inconsistent Claim Status,Medium,REJECTED,Rejected,Mapped to the controlled status vocabulary
SEED-01169,40614,CLM040614,Claim_Status,Inconsistent Claim Status,Medium,Awaiting supplier,Awaiting Supplier,Mapped to the controlled status vocabulary
SEED-01170,36901,CLM036901,Claim_Status,Inconsistent Claim Status,Medium,settled,Settled,Mapped to the controlled status vocabulary
SEED-01171,63202,CLM063202,Claim_Status,Inconsistent Claim Status,Medium,settled,Settled,Mapped to the controlled status vocabulary
SEED-01172,11754,CLM011754,Claim_Status,Inconsistent Claim Status,Medium,settled,Settled,Mapped to the controlled status vocabulary
SEED-01173,43098,CLM043098,Claim_Status,Inconsistent Claim Status,Medium,Awaiting supplier,Awaiting Supplier,Mapped to the controlled status vocabulary
SEED-01174,64501,CLM064501,Claim_Status,Inconsistent Claim Status,Medium,REJECTED,Rejected,Mapped to the controlled status vocabulary
SEED-01175,41187,CLM041187,Claim_Status,Inconsistent Claim Status,Medium,settled,Settled,Mapped to the controlled status vocabulary
SEED-01176,74628,CLM074628,Claim_Status,Inconsistent Claim Status,Medium,settled,Settled,Mapped to the controlled status vocabulary
SEED-01177,533,CLM000533,Claim_Status,Inconsistent Claim Status,Medium,settled,Settled,Mapped to the controlled status vocabulary
SEED-01178,2069,CLM002069,Claim_Status,Inconsistent Claim Status,Medium,closed,Closed,Mapped to the controlled status vocabulary
SEED-01179,49494,CLM049494,Claim_Status,Inconsistent Claim Status,Medium,settled,Settled,Mapped to the controlled status vocabulary
SEED-01180,27271,CLM027271,Claim_Status,Inconsistent Claim Status,Medium,settled,Settled,Mapped to the controlled status vocabulary
SEED-01181,53894,CLM053894,Claim_Status,Inconsistent Claim Status,Medium,settled,Settled,Mapped to the controlled status vocabulary
SEED-01182,19863,CLM019863,Claim_Status,Inconsistent Claim Status,Medium,closed,Closed,Mapped to the controlled status vocabulary
SEED-01183,65950,CLM065950,Claim_Status,Inconsistent Claim Status,Medium,closed,Closed,Mapped to the controlled status vocabulary
SEED-01184,6994,CLM006994,Claim_Status,Inconsistent Claim Status,Medium,Awaiting supplier,Awaiting Supplier,Mapped to the controlled status vocabulary
SEED-01185,45491,CLM045491,Claim_Status,Inconsistent Claim Status,Medium,closed,Closed,Mapped to the controlled status vocabulary
SEED-01186,46220,CLM046220,Claim_Status,Inconsistent Claim Status,Medium,closed,Closed,Mapped to the controlled status vocabulary
SEED-01187,26833,CLM026833,Claim_Status,Inconsistent Claim Status,Medium,closed,Closed,Mapped to the controlled status vocabulary
SEED-01188,26862,CLM026862,Claim_Status,Inconsistent Claim Status,Medium,settled,Settled,Mapped to the controlled status vocabulary
SEED-01189,15570,CLM015570,Claim_Status,Inconsistent Claim Status,Medium,settled,Settled,Mapped to the controlled status vocabulary
SEED-01190,13260,CLM013260,Claim_Status,Inconsistent Claim Status,Medium,settled,Settled,Mapped to the controlled status vocabulary
SEED-01191,15160,CLM015160,Claim_Status,Inconsistent Claim Status,Medium,REJECTED,Rejected,Mapped to the controlled status vocabulary
SEED-01192,45629,CLM045629,Claim_Status,Inconsistent Claim Status,Medium,settled,Settled,Mapped to the controlled status vocabulary
SEED-01193,31581,CLM031581,Claim_Status,Inconsistent Claim Status,Medium,closed,Closed,Mapped to the controlled status vocabulary
SEED-01194,58194,CLM058194,Claim_Status,Inconsistent Claim Status,Medium,settled,Settled,Mapped to the controlled status vocabulary
SEED-01195,28428,CLM028428,Claim_Status,Inconsistent Claim Status,Medium,REJECTED,Rejected,Mapped to the controlled status vocabulary
SEED-01196,66407,CLM066407,Claim_Status,Inconsistent Claim Status,Medium,settled,Settled,Mapped to the controlled status vocabulary
SEED-01197,61009,CLM061009,Claim_Status,Inconsistent Claim Status,Medium,APPROVED,Approved,Mapped to the controlled status vocabulary
SEED-01198,46143,CLM046143,Claim_Status,Inconsistent Claim Status,Medium,settled,Settled,Mapped to the controlled status vocabulary
SEED-01199,61250,CLM061250,Claim_Status,Inconsistent Claim Status,Medium,OPEN,Open,Mapped to the controlled status vocabulary
SEED-01200,62679,CLM062679,Claim_Status,Inconsistent Claim Status,Medium,closed,Closed,Mapped to the controlled status vocabulary
SEED-01201,9108,CLM009108,Claim_Status,Inconsistent Claim Status,Medium,settled,Settled,Mapped to the controlled status vocabulary
SEED-01202,10421,CLM010421,Claim_Status,Inconsistent Claim Status,Medium,OPEN,Open,Mapped to the controlled status vocabulary
SEED-01203,67813,CLM067813,Claim_Status,Inconsistent Claim Status,Medium,settled,Settled,Mapped to the controlled status vocabulary
SEED-01204,67538,CLM067538,Claim_Status,Inconsistent Claim Status,Medium,REJECTED,Rejected,Mapped to the controlled status vocabulary
SEED-01205,41938,CLM041938,Claim_Status,Inconsistent Claim Status,Medium,settled,Settled,Mapped to the controlled status vocabulary
SEED-01206,39429,CLM039429,Claim_Status,Inconsistent Claim Status,Medium,settled,Settled,Mapped to the controlled status vocabulary
SEED-01207,26957,CLM026957,Claim_Status,Inconsistent Claim Status,Medium,settled,Settled,Mapped to the controlled status vocabulary
SEED-01208,8654,CLM008654,Claim_Status,Inconsistent Claim Status,Medium,APPROVED,Approved,Mapped to the controlled status vocabulary
SEED-01209,14779,CLM014779,Claim_Status,Inconsistent Claim Status,Medium,settled,Settled,Mapped to the controlled status vocabulary
SEED-01210,69707,CLM069707,Claim_Status,Inconsistent Claim Status,Medium,closed,Closed,Mapped to the controlled status vocabulary
SEED-01211,944,CLM000944,Claim_Status,Inconsistent Claim Status,Medium,APPROVED,Approved,Mapped to the controlled status vocabulary
SEED-01212,48016,CLM048016,Claim_Status,Inconsistent Claim Status,Medium,settled,Settled,Mapped to the controlled status vocabulary
SEED-01213,72545,CLM072545,Claim_Status,Inconsistent Claim Status,Medium,settled,Settled,Mapped to the controlled status vocabulary
SEED-01214,55426,CLM055426,Claim_Status,Inconsistent Claim Status,Medium,closed,Closed,Mapped to the controlled status vocabulary
SEED-01215,52830,CLM052830,Claim_Status,Inconsistent Claim Status,Medium,settled,Settled,Mapped to the controlled status vocabulary
SEED-01216,2576,CLM002576,Claim_Status,Inconsistent Claim Status,Medium,settled,Settled,Mapped to the controlled status vocabulary
SEED-01217,47689,CLM047689,Claim_Status,Inconsistent Claim Status,Medium,settled,Settled,Mapped to the controlled status vocabulary
SEED-01218,21578,CLM021578,Claim_Status,Inconsistent Claim Status,Medium,closed,Closed,Mapped to the controlled status vocabulary
SEED-01219,48130,CLM048130,Claim_Status,Inconsistent Claim Status,Medium,settled,Settled,Mapped to the controlled status vocabulary
SEED-01220,60118,CLM060118,Claim_Status,Inconsistent Claim Status,Medium,settled,Settled,Mapped to the controlled status vocabulary
SEED-01221,47794,CLM047794,Claim_Status,Inconsistent Claim Status,Medium,REJECTED,Rejected,Mapped to the controlled status vocabulary
SEED-01222,29746,CLM029746,Claim_Status,Inconsistent Claim Status,Medium,settled,Settled,Mapped to the controlled status vocabulary
SEED-01223,70339,CLM070339,Claim_Status,Inconsistent Claim Status,Medium,settled,Settled,Mapped to the controlled status vocabulary
SEED-01224,13920,CLM013920,Claim_Status,Inconsistent Claim Status,Medium,REJECTED,Rejected,Mapped to the controlled status vocabulary
SEED-01225,7155,CLM007155,Claim_Status,Inconsistent Claim Status,Medium,settled,Settled,Mapped to the controlled status vocabulary
SEED-01226,12342,CLM012342,Claim_Status,Inconsistent Claim Status,Medium,settled,Settled,Mapped to the controlled status vocabulary
SEED-01227,26595,CLM026595,Claim_Status,Inconsistent Claim Status,Medium,settled,Settled,Mapped to the controlled status vocabulary
SEED-01228,67499,CLM067499,Claim_Status,Inconsistent Claim Status,Medium,settled,Settled,Mapped to the controlled status vocabulary
SEED-01229,41555,CLM041555,Claim_Status,Inconsistent Claim Status,Medium,REJECTED,Rejected,Mapped to the controlled status vocabulary
SEED-01230,19220,CLM019220,Claim_Status,Inconsistent Claim Status,Medium,settled,Settled,Mapped to the controlled status vocabulary
SEED-01231,66364,CLM066364,Claim_Status,Inconsistent Claim Status,Medium,settled,Settled,Mapped to the controlled status vocabulary
SEED-01232,41334,CLM041334,Claim_Status,Inconsistent Claim Status,Medium,settled,Settled,Mapped to the controlled status vocabulary
SEED-01233,25913,CLM025913,Claim_Status,Inconsistent Claim Status,Medium,APPROVED,Approved,Mapped to the controlled status vocabulary
SEED-01234,2688,CLM002688,Claim_Status,Inconsistent Claim Status,Medium,Awaiting docs,Awaiting Documents,Mapped to the controlled status vocabulary
SEED-01235,66937,CLM066937,Claim_Status,Inconsistent Claim Status,Medium,settled,Settled,Mapped to the controlled status vocabulary
SEED-01236,72824,CLM072824,Claim_Status,Inconsistent Claim Status,Medium,settled,Settled,Mapped to the controlled status vocabulary
SEED-01237,17762,CLM017762,Claim_Status,Inconsistent Claim Status,Medium,closed,Closed,Mapped to the controlled status vocabulary
SEED-01238,31167,CLM031167,Claim_Status,Inconsistent Claim Status,Medium,settled,Settled,Mapped to the controlled status vocabulary
SEED-01239,19758,CLM019758,Claim_Status,Inconsistent Claim Status,Medium,settled,Settled,Mapped to the controlled status vocabulary
SEED-01240,27657,CLM027657,Claim_Status,Inconsistent Claim Status,Medium,settled,Settled,Mapped to the controlled status vocabulary
SEED-01241,42339,CLM042339,Claim_Status,Inconsistent Claim Status,Medium,settled,Settled,Mapped to the controlled status vocabulary
SEED-01242,37230,CLM037230,Claim_Status,Inconsistent Claim Status,Medium,settled,Settled,Mapped to the controlled status vocabulary
SEED-01243,69909,CLM069909,Claim_Status,Inconsistent Claim Status,Medium,closed,Closed,Mapped to the controlled status vocabulary
SEED-01244,61525,CLM061525,Claim_Status,Inconsistent Claim Status,Medium,settled,Settled,Mapped to the controlled status vocabulary
SEED-01245,48901,CLM048901,Claim_Status,Inconsistent Claim Status,Medium,APPROVED,Approved,Mapped to the controlled status vocabulary
SEED-01246,20916,CLM020916,Claim_Status,Inconsistent Claim Status,Medium,settled,Settled,Mapped to the controlled status vocabulary
SEED-01247,57411,CLM057411,Claim_Status,Inconsistent Claim Status,Medium,settled,Settled,Mapped to the controlled status vocabulary
SEED-01248,16352,CLM016352,Claim_Status,Inconsistent Claim Status,Medium,settled,Settled,Mapped to the controlled status vocabulary
SEED-01249,9905,CLM009905,Claim_Status,Inconsistent Claim Status,Medium,settled,Settled,Mapped to the controlled status vocabulary
SEED-01250,33553,CLM033553,Claim_Status,Inconsistent Claim Status,Medium,settled,Settled,Mapped to the controlled status vocabulary
SEED-01251,1523,CLM001523,Claim_Status,Inconsistent Claim Status,Medium,settled,Settled,Mapped to the controlled status vocabulary
SEED-01252,68823,CLM068823,Claim_Status,Inconsistent Claim Status,Medium,REJECTED,Rejected,Mapped to the controlled status vocabulary
SEED-01253,54637,CLM054637,Claim_Status,Inconsistent Claim Status,Medium,closed,Closed,Mapped to the controlled status vocabulary
SEED-01254,41135,CLM041135,Claim_Status,Inconsistent Claim Status,Medium,settled,Settled,Mapped to the controlled status vocabulary
SEED-01255,5258,CLM005258,Claim_Status,Inconsistent Claim Status,Medium,closed,Closed,Mapped to the controlled status vocabulary
SEED-01256,25788,CLM025788,Claim_Status,Inconsistent Claim Status,Medium,OPEN,Open,Mapped to the controlled status vocabulary
SEED-01257,27749,CLM027749,Claim_Status,Inconsistent Claim Status,Medium,REJECTED,Rejected,Mapped to the controlled status vocabulary
SEED-01258,43196,CLM043196,Claim_Status,Inconsistent Claim Status,Medium,closed,Closed,Mapped to the controlled status vocabulary
SEED-01259,52019,CLM052019,Claim_Status,Inconsistent Claim Status,Medium,REJECTED,Rejected,Mapped to the controlled status vocabulary
SEED-01260,13915,CLM013915,Claim_Status,Inconsistent Claim Status,Medium,REJECTED,Rejected,Mapped to the controlled status vocabulary
SEED-01261,42718,CLM042718,Claim_Status,Inconsistent Claim Status,Medium,closed,Closed,Mapped to the controlled status vocabulary
SEED-01262,31495,CLM031495,Claim_Status,Inconsistent Claim Status,Medium,settled,Settled,Mapped to the controlled status vocabulary
SEED-01263,26174,CLM026174,Claim_Status,Inconsistent Claim Status,Medium,settled,Settled,Mapped to the controlled status vocabulary
SEED-01264,1864,CLM001864,Claim_Status,Inconsistent Claim Status,Medium,closed,Closed,Mapped to the controlled status vocabulary
SEED-01265,61638,CLM061638,Claim_Status,Inconsistent Claim Status,Medium,closed,Closed,Mapped to the controlled status vocabulary
SEED-01266,636,CLM000636,Claim_Status,Inconsistent Claim Status,Medium,REJECTED,Rejected,Mapped to the controlled status vocabulary
SEED-01267,59913,CLM059913,Claim_Status,Inconsistent Claim Status,Medium,settled,Settled,Mapped to the controlled status vocabulary
SEED-01268,20046,CLM020046,Claim_Status,Inconsistent Claim Status,Medium,settled,Settled,Mapped to the controlled status vocabulary
SEED-01269,41265,CLM041265,Claim_Status,Inconsistent Claim Status,Medium,settled,Settled,Mapped to the controlled status vocabulary
SEED-01270,67042,CLM067042,Claim_Status,Inconsistent Claim Status,Medium,settled,Settled,Mapped to the controlled status vocabulary
SEED-01271,27201,CLM027201,Claim_Status,Inconsistent Claim Status,Medium,REJECTED,Rejected,Mapped to the controlled status vocabulary
SEED-01272,72144,CLM072144,Claim_Status,Inconsistent Claim Status,Medium,settled,Settled,Mapped to the controlled status vocabulary
SEED-01273,4995,CLM004995,Claim_Status,Inconsistent Claim Status,Medium,closed,Closed,Mapped to the controlled status vocabulary
SEED-01274,38322,CLM038322,Claim_Status,Inconsistent Claim Status,Medium,settled,Settled,Mapped to the controlled status vocabulary
SEED-01275,69536,CLM069536,Claim_Status,Inconsistent Claim Status,Medium,settled,Settled,Mapped to the controlled status vocabulary
SEED-01276,62832,CLM062832,Claim_Status,Inconsistent Claim Status,Medium,settled,Settled,Mapped to the controlled status vocabulary
SEED-01277,38902,CLM038902,Claim_Status,Inconsistent Claim Status,Medium,settled,Settled,Mapped to the controlled status vocabulary
SEED-01278,53554,CLM053554,Claim_Status,Inconsistent Claim Status,Medium,closed,Closed,Mapped to the controlled status vocabulary
SEED-01279,62720,CLM062720,Claim_Status,Inconsistent Claim Status,Medium,closed,Closed,Mapped to the controlled status vocabulary
SEED-01280,31336,CLM031336,Claim_Status,Inconsistent Claim Status,Medium,settled,Settled,Mapped to the controlled status vocabulary
SEED-01281,41820,CLM041820,Report_Date,Incorrect Date Ordering,Critical,2025-03-30,2025-04-05,Restored the original report date after the loss date
SEED-01282,34595,CLM034595,Report_Date,Incorrect Date Ordering,Critical,2024-07-25,2024-08-01,Restored the original report date after the loss date
SEED-01283,30034,CLM030034,Report_Date,Incorrect Date Ordering,Critical,2024-03-17,2024-03-23,Restored the original report date after the loss date
SEED-01284,39273,CLM039273,Report_Date,Incorrect Date Ordering,Critical,2025-11-10,2025-11-14,Restored the original report date after the loss date
SEED-01285,40885,CLM040885,Report_Date,Incorrect Date Ordering,Critical,2024-05-03,2024-05-05,Restored the original report date after the loss date
SEED-01286,65952,CLM065952,Report_Date,Incorrect Date Ordering,Critical,2023-12-31,2024-01-01,Restored the original report date after the loss date
SEED-01287,45074,CLM045074,Report_Date,Incorrect Date Ordering,Critical,2026-06-27,2026-06-30,Restored the original report date after the loss date
SEED-01288,18425,CLM018425,Report_Date,Incorrect Date Ordering,Critical,2024-09-16,2024-09-21,Restored the original report date after the loss date
SEED-01289,30180,CLM030180,Report_Date,Incorrect Date Ordering,Critical,2025-05-10,2025-05-15,Restored the original report date after the loss date
SEED-01290,39356,CLM039356,Report_Date,Incorrect Date Ordering,Critical,2025-12-01,2025-12-08,Restored the original report date after the loss date
SEED-01291,45949,CLM045949,Report_Date,Incorrect Date Ordering,Critical,2026-06-11,2026-06-18,Restored the original report date after the loss date
SEED-01292,37427,CLM037427,Report_Date,Incorrect Date Ordering,Critical,2026-01-02,2026-01-03,Restored the original report date after the loss date
SEED-01293,55237,CLM055237,Report_Date,Incorrect Date Ordering,Critical,2025-08-04,2025-08-09,Restored the original report date after the loss date
SEED-01294,55938,CLM055938,Report_Date,Incorrect Date Ordering,Critical,2024-09-18,2024-09-23,Restored the original report date after the loss date
SEED-01295,40297,CLM040297,Report_Date,Incorrect Date Ordering,Critical,2024-01-10,2024-01-17,Restored the original report date after the loss date
SEED-01296,50746,CLM050746,Report_Date,Incorrect Date Ordering,Critical,2024-12-12,2024-12-14,Restored the original report date after the loss date
SEED-01297,66970,CLM066970,Report_Date,Incorrect Date Ordering,Critical,2026-01-06,2026-01-12,Restored the original report date after the loss date
SEED-01298,71946,CLM071946,Report_Date,Incorrect Date Ordering,Critical,2025-09-03,2025-09-08,Restored the original report date after the loss date
SEED-01299,14107,CLM014107,Report_Date,Incorrect Date Ordering,Critical,2024-10-23,2024-10-30,Restored the original report date after the loss date
SEED-01300,18942,CLM018942,Report_Date,Incorrect Date Ordering,Critical,2025-10-10,2025-10-15,Restored the original report date after the loss date
SEED-01301,14996,CLM014996,Report_Date,Incorrect Date Ordering,Critical,2024-04-19,2024-04-22,Restored the original report date after the loss date
SEED-01302,18775,CLM018775,Report_Date,Incorrect Date Ordering,Critical,2025-11-30,2025-12-03,Restored the original report date after the loss date
SEED-01303,5115,CLM005115,Report_Date,Incorrect Date Ordering,Critical,2026-07-22,2026-07-26,Restored the original report date after the loss date
SEED-01304,7309,CLM007309,Report_Date,Incorrect Date Ordering,Critical,2025-07-26,2025-07-30,Restored the original report date after the loss date
SEED-01305,35034,CLM035034,Report_Date,Incorrect Date Ordering,Critical,2025-11-09,2025-11-13,Restored the original report date after the loss date
SEED-01306,68162,CLM068162,Report_Date,Incorrect Date Ordering,Critical,2024-06-28,2024-07-03,Restored the original report date after the loss date
SEED-01307,52614,CLM052614,Report_Date,Incorrect Date Ordering,Critical,2025-12-25,2025-12-26,Restored the original report date after the loss date
SEED-01308,44442,CLM044442,Report_Date,Incorrect Date Ordering,Critical,2025-07-07,2025-07-10,Restored the original report date after the loss date
SEED-01309,62981,CLM062981,Report_Date,Incorrect Date Ordering,Critical,2026-01-20,2026-01-24,Restored the original report date after the loss date
SEED-01310,36888,CLM036888,Report_Date,Incorrect Date Ordering,Critical,2026-08-27,2026-08-31,Restored the original report date after the loss date
SEED-01311,36482,CLM036482,Report_Date,Incorrect Date Ordering,Critical,2026-04-29,2026-05-01,Restored the original report date after the loss date
SEED-01312,70735,CLM070735,Report_Date,Incorrect Date Ordering,Critical,2024-01-07,2024-01-10,Restored the original report date after the loss date
SEED-01313,7704,CLM007704,Report_Date,Incorrect Date Ordering,Critical,2025-11-17,2025-11-19,Restored the original report date after the loss date
SEED-01314,64485,CLM064485,Report_Date,Incorrect Date Ordering,Critical,2025-01-16,2025-01-19,Restored the original report date after the loss date
SEED-01315,56276,CLM056276,Report_Date,Incorrect Date Ordering,Critical,2025-09-25,2025-09-29,Restored the original report date after the loss date
SEED-01316,58944,CLM058944,Report_Date,Incorrect Date Ordering,Critical,2024-09-07,2024-09-13,Restored the original report date after the loss date
SEED-01317,64791,CLM064791,Report_Date,Incorrect Date Ordering,Critical,2025-08-04,2025-08-08,Restored the original report date after the loss date
SEED-01318,21359,CLM021359,Report_Date,Incorrect Date Ordering,Critical,2025-06-02,2025-06-07,Restored the original report date after the loss date
SEED-01319,53348,CLM053348,Report_Date,Incorrect Date Ordering,Critical,2026-08-12,2026-08-16,Restored the original report date after the loss date
SEED-01320,4225,CLM004225,Report_Date,Incorrect Date Ordering,Critical,2025-07-15,2025-07-17,Restored the original report date after the loss date
SEED-01321,14014,CLM014014,Report_Date,Incorrect Date Ordering,Critical,2026-03-20,2026-03-28,Restored the original report date after the loss date
SEED-01322,69727,CLM069727,Report_Date,Incorrect Date Ordering,Critical,2025-11-03,2025-11-06,Restored the original report date after the loss date
SEED-01323,63085,CLM063085,Report_Date,Incorrect Date Ordering,Critical,2026-01-31,2026-02-03,Restored the original report date after the loss date
SEED-01324,12069,CLM012069,Report_Date,Incorrect Date Ordering,Critical,2025-01-28,2025-02-06,Restored the original report date after the loss date
SEED-01325,17644,CLM017644,Report_Date,Incorrect Date Ordering,Critical,2026-04-22,2026-04-27,Restored the original report date after the loss date
SEED-01326,47773,CLM047773,Report_Date,Incorrect Date Ordering,Critical,2025-12-04,2025-12-07,Restored the original report date after the loss date
SEED-01327,23264,CLM023264,Report_Date,Incorrect Date Ordering,Critical,2025-06-14,2025-06-22,Restored the original report date after the loss date
SEED-01328,46920,CLM046920,Report_Date,Incorrect Date Ordering,Critical,2026-08-17,2026-08-18,Restored the original report date after the loss date
SEED-01329,9023,CLM009023,Report_Date,Incorrect Date Ordering,Critical,2026-01-13,2026-01-19,Restored the original report date after the loss date
SEED-01330,54156,CLM054156,Report_Date,Incorrect Date Ordering,Critical,2025-10-19,2025-10-22,Restored the original report date after the loss date
SEED-01331,38018,CLM038018,Report_Date,Incorrect Date Ordering,Critical,2026-08-23,2026-08-29,Restored the original report date after the loss date
SEED-01332,64473,CLM064473,Report_Date,Incorrect Date Ordering,Critical,2025-12-31,2026-01-04,Restored the original report date after the loss date
SEED-01333,56156,CLM056156,Report_Date,Incorrect Date Ordering,Critical,2026-06-01,2026-06-08,Restored the original report date after the loss date
SEED-01334,72394,CLM072394,Report_Date,Incorrect Date Ordering,Critical,2024-08-24,2024-08-29,Restored the original report date after the loss date
SEED-01335,22759,CLM022759,Report_Date,Incorrect Date Ordering,Critical,2026-04-23,2026-04-27,Restored the original report date after the loss date
SEED-01336,51579,CLM051579,Report_Date,Incorrect Date Ordering,Critical,2026-04-04,2026-04-09,Restored the original report date after the loss date
SEED-01337,34993,CLM034993,Report_Date,Incorrect Date Ordering,Critical,2024-10-11,2024-10-17,Restored the original report date after the loss date
SEED-01338,49787,CLM049787,Report_Date,Incorrect Date Ordering,Critical,2026-05-08,2026-05-12,Restored the original report date after the loss date
SEED-01339,61467,CLM061467,Report_Date,Incorrect Date Ordering,Critical,2026-05-19,2026-05-21,Restored the original report date after the loss date
SEED-01340,31390,CLM031390,Report_Date,Incorrect Date Ordering,Critical,2026-07-20,2026-07-26,Restored the original report date after the loss date
SEED-01341,63379,CLM063379,Report_Date,Incorrect Date Ordering,Critical,2026-06-03,2026-06-06,Restored the original report date after the loss date
SEED-01342,45950,CLM045950,Report_Date,Incorrect Date Ordering,Critical,2024-11-15,2024-11-20,Restored the original report date after the loss date
SEED-01343,20386,CLM020386,Report_Date,Incorrect Date Ordering,Critical,2024-08-10,2024-08-15,Restored the original report date after the loss date
SEED-01344,10452,CLM010452,Report_Date,Incorrect Date Ordering,Critical,2026-08-06,2026-08-15,Restored the original report date after the loss date
SEED-01345,42410,CLM042410,Report_Date,Incorrect Date Ordering,Critical,2026-05-07,2026-05-12,Restored the original report date after the loss date
SEED-01346,63944,CLM063944,Report_Date,Incorrect Date Ordering,Critical,2025-06-17,2025-06-22,Restored the original report date after the loss date
SEED-01347,47956,CLM047956,Report_Date,Incorrect Date Ordering,Critical,2025-01-07,2025-01-09,Restored the original report date after the loss date
SEED-01348,24710,CLM024710,Report_Date,Incorrect Date Ordering,Critical,2025-11-15,2025-11-21,Restored the original report date after the loss date
SEED-01349,45417,CLM045417,Report_Date,Incorrect Date Ordering,Critical,2026-05-22,2026-05-25,Restored the original report date after the loss date
SEED-01350,25954,CLM025954,Report_Date,Incorrect Date Ordering,Critical,2025-11-05,2025-11-12,Restored the original report date after the loss date
SEED-01351,57133,CLM057133,Report_Date,Incorrect Date Ordering,Critical,2026-08-01,2026-08-04,Restored the original report date after the loss date
SEED-01352,71342,CLM071342,Report_Date,Incorrect Date Ordering,Critical,2026-03-30,2026-04-01,Restored the original report date after the loss date
SEED-01353,50244,CLM050244,Report_Date,Incorrect Date Ordering,Critical,2025-08-02,2025-08-08,Restored the original report date after the loss date
SEED-01354,56595,CLM056595,Report_Date,Incorrect Date Ordering,Critical,2025-09-26,2025-09-29,Restored the original report date after the loss date
SEED-01355,18604,CLM018604,Report_Date,Incorrect Date Ordering,Critical,2026-03-25,2026-03-28,Restored the original report date after the loss date
SEED-01356,31983,CLM031983,Report_Date,Incorrect Date Ordering,Critical,2024-03-18,2024-03-22,Restored the original report date after the loss date
SEED-01357,7517,CLM007517,Report_Date,Incorrect Date Ordering,Critical,2025-06-19,2025-06-23,Restored the original report date after the loss date
SEED-01358,11105,CLM011105,Report_Date,Incorrect Date Ordering,Critical,2026-03-24,2026-03-30,Restored the original report date after the loss date
SEED-01359,39322,CLM039322,Report_Date,Incorrect Date Ordering,Critical,2025-11-05,2025-11-08,Restored the original report date after the loss date
SEED-01360,30478,CLM030478,Report_Date,Incorrect Date Ordering,Critical,2026-01-16,2026-01-22,Restored the original report date after the loss date
SEED-01361,50867,CLM050867,Report_Date,Incorrect Date Ordering,Critical,2025-08-28,2025-09-03,Restored the original report date after the loss date
SEED-01362,27093,CLM027093,Report_Date,Incorrect Date Ordering,Critical,2026-07-09,2026-07-14,Restored the original report date after the loss date
SEED-01363,46075,CLM046075,Report_Date,Incorrect Date Ordering,Critical,2026-04-02,2026-04-06,Restored the original report date after the loss date
SEED-01364,16821,CLM016821,Report_Date,Incorrect Date Ordering,Critical,2024-04-18,2024-04-23,Restored the original report date after the loss date
SEED-01365,3557,CLM003557,Report_Date,Incorrect Date Ordering,Critical,2026-01-11,2026-01-17,Restored the original report date after the loss date
SEED-01366,19943,CLM019943,Report_Date,Incorrect Date Ordering,Critical,2025-06-18,2025-06-21,Restored the original report date after the loss date
SEED-01367,33093,CLM033093,Report_Date,Incorrect Date Ordering,Critical,2024-12-08,2024-12-12,Restored the original report date after the loss date
SEED-01368,68574,CLM068574,Report_Date,Incorrect Date Ordering,Critical,2026-04-08,2026-04-11,Restored the original report date after the loss date
SEED-01369,10249,CLM010249,Report_Date,Incorrect Date Ordering,Critical,2025-11-25,2025-11-29,Restored the original report date after the loss date
SEED-01370,34614,CLM034614,Report_Date,Incorrect Date Ordering,Critical,2024-05-30,2024-06-02,Restored the original report date after the loss date
SEED-01371,12969,CLM012969,Report_Date,Incorrect Date Ordering,Critical,2024-08-10,2024-08-15,Restored the original report date after the loss date
SEED-01372,11556,CLM011556,Report_Date,Incorrect Date Ordering,Critical,2026-06-10,2026-06-12,Restored the original report date after the loss date
SEED-01373,29601,CLM029601,Report_Date,Incorrect Date Ordering,Critical,2025-11-10,2025-11-12,Restored the original report date after the loss date
SEED-01374,74490,CLM074490,Report_Date,Incorrect Date Ordering,Critical,2024-04-26,2024-04-27,Restored the original report date after the loss date
SEED-01375,403,CLM000403,Report_Date,Incorrect Date Ordering,Critical,2025-08-02,2025-08-05,Restored the original report date after the loss date
SEED-01376,40304,CLM040304,Report_Date,Incorrect Date Ordering,Critical,2025-11-04,2025-11-10,Restored the original report date after the loss date
SEED-01377,56012,CLM056012,Report_Date,Incorrect Date Ordering,Critical,2026-03-09,2026-03-16,Restored the original report date after the loss date
SEED-01378,19312,CLM019312,Report_Date,Incorrect Date Ordering,Critical,2025-11-11,2025-11-16,Restored the original report date after the loss date
SEED-01379,13001,CLM013001,Report_Date,Incorrect Date Ordering,Critical,2024-01-07,2024-01-13,Restored the original report date after the loss date
SEED-01380,1775,CLM001775,Report_Date,Incorrect Date Ordering,Critical,2025-07-06,2025-07-09,Restored the original report date after the loss date
SEED-01381,64605,CLM064605,Report_Date,Incorrect Date Ordering,Critical,2025-04-23,2025-04-30,Restored the original report date after the loss date
SEED-01382,49014,CLM049014,Report_Date,Incorrect Date Ordering,Critical,2024-02-29,2024-03-08,Restored the original report date after the loss date
SEED-01383,12564,CLM012564,Report_Date,Incorrect Date Ordering,Critical,2025-08-21,2025-08-27,Restored the original report date after the loss date
SEED-01384,18303,CLM018303,Report_Date,Incorrect Date Ordering,Critical,2026-03-03,2026-03-05,Restored the original report date after the loss date
SEED-01385,73869,CLM073869,Report_Date,Incorrect Date Ordering,Critical,2024-12-13,2024-12-15,Restored the original report date after the loss date
SEED-01386,5337,CLM005337,Report_Date,Incorrect Date Ordering,Critical,2024-12-26,2025-01-01,Restored the original report date after the loss date
SEED-01387,26012,CLM026012,Report_Date,Incorrect Date Ordering,Critical,2024-04-01,2024-04-02,Restored the original report date after the loss date
SEED-01388,15174,CLM015174,Report_Date,Incorrect Date Ordering,Critical,2025-04-03,2025-04-06,Restored the original report date after the loss date
SEED-01389,45013,CLM045013,Report_Date,Incorrect Date Ordering,Critical,2025-05-16,2025-05-19,Restored the original report date after the loss date
SEED-01390,4399,CLM004399,Report_Date,Incorrect Date Ordering,Critical,2025-06-10,2025-06-14,Restored the original report date after the loss date
SEED-01391,46860,CLM046860,Report_Date,Incorrect Date Ordering,Critical,2026-03-15,2026-03-22,Restored the original report date after the loss date
SEED-01392,32086,CLM032086,Report_Date,Incorrect Date Ordering,Critical,2024-09-04,2024-09-10,Restored the original report date after the loss date
SEED-01393,656,CLM000656,Report_Date,Incorrect Date Ordering,Critical,2024-02-08,2024-02-14,Restored the original report date after the loss date
SEED-01394,46436,CLM046436,Report_Date,Incorrect Date Ordering,Critical,2024-04-14,2024-04-23,Restored the original report date after the loss date
SEED-01395,36309,CLM036309,Report_Date,Incorrect Date Ordering,Critical,2026-05-18,2026-05-28,Restored the original report date after the loss date
SEED-01396,47414,CLM047414,Report_Date,Incorrect Date Ordering,Critical,2025-02-07,2025-02-11,Restored the original report date after the loss date
SEED-01397,44892,CLM044892,Report_Date,Incorrect Date Ordering,Critical,2026-02-21,2026-02-24,Restored the original report date after the loss date
SEED-01398,61877,CLM061877,Report_Date,Incorrect Date Ordering,Critical,2026-05-23,2026-05-30,Restored the original report date after the loss date
SEED-01399,57671,CLM057671,Report_Date,Incorrect Date Ordering,Critical,2026-04-25,2026-05-06,Restored the original report date after the loss date
SEED-01400,16220,CLM016220,Report_Date,Incorrect Date Ordering,Critical,2025-11-14,2025-11-15,Restored the original report date after the loss date
SEED-01401,7481,CLM007481,Report_Date,Incorrect Date Ordering,Critical,2024-01-12,2024-01-15,Restored the original report date after the loss date
SEED-01402,29773,CLM029773,Report_Date,Incorrect Date Ordering,Critical,2025-07-31,2025-08-04,Restored the original report date after the loss date
SEED-01403,16244,CLM016244,Report_Date,Incorrect Date Ordering,Critical,2025-11-27,2025-12-03,Restored the original report date after the loss date
SEED-01404,19402,CLM019402,Report_Date,Incorrect Date Ordering,Critical,2024-09-29,2024-10-05,Restored the original report date after the loss date
SEED-01405,35762,CLM035762,Report_Date,Incorrect Date Ordering,Critical,2024-11-06,2024-11-09,Restored the original report date after the loss date
SEED-01406,40493,CLM040493,Report_Date,Incorrect Date Ordering,Critical,2026-06-21,2026-06-26,Restored the original report date after the loss date
SEED-01407,62136,CLM062136,Report_Date,Incorrect Date Ordering,Critical,2024-03-31,2024-04-04,Restored the original report date after the loss date
SEED-01408,63228,CLM063228,Report_Date,Incorrect Date Ordering,Critical,2025-11-26,2025-11-29,Restored the original report date after the loss date
SEED-01409,22273,CLM022273,Report_Date,Incorrect Date Ordering,Critical,2025-01-24,2025-02-01,Restored the original report date after the loss date
SEED-01410,34054,CLM034054,Report_Date,Incorrect Date Ordering,Critical,2026-01-23,2026-01-25,Restored the original report date after the loss date
SEED-01411,29402,CLM029402,Report_Date,Incorrect Date Ordering,Critical,2024-12-25,2024-12-28,Restored the original report date after the loss date
SEED-01412,69116,CLM069116,Report_Date,Incorrect Date Ordering,Critical,2026-02-10,2026-02-15,Restored the original report date after the loss date
SEED-01413,54350,CLM054350,Report_Date,Incorrect Date Ordering,Critical,2024-06-05,2024-06-12,Restored the original report date after the loss date
SEED-01414,50877,CLM050877,Report_Date,Incorrect Date Ordering,Critical,2026-03-30,2026-04-01,Restored the original report date after the loss date
SEED-01415,44602,CLM044602,Report_Date,Incorrect Date Ordering,Critical,2025-09-26,2025-09-30,Restored the original report date after the loss date
SEED-01416,49649,CLM049649,Report_Date,Incorrect Date Ordering,Critical,2026-05-09,2026-05-13,Restored the original report date after the loss date
SEED-01417,9948,CLM009948,Report_Date,Incorrect Date Ordering,Critical,2024-07-01,2024-07-08,Restored the original report date after the loss date
SEED-01418,17235,CLM017235,Report_Date,Incorrect Date Ordering,Critical,2026-02-02,2026-02-04,Restored the original report date after the loss date
SEED-01419,28045,CLM028045,Report_Date,Incorrect Date Ordering,Critical,2025-10-12,2025-10-16,Restored the original report date after the loss date
SEED-01420,2679,CLM002679,Report_Date,Incorrect Date Ordering,Critical,2025-08-31,2025-09-05,Restored the original report date after the loss date
SEED-01421,45393,CLM045393,Report_Date,Incorrect Date Ordering,Critical,2024-09-20,2024-09-25,Restored the original report date after the loss date
SEED-01422,29981,CLM029981,Report_Date,Incorrect Date Ordering,Critical,2025-02-19,2025-02-25,Restored the original report date after the loss date
SEED-01423,53938,CLM053938,Report_Date,Incorrect Date Ordering,Critical,2024-12-04,2024-12-10,Restored the original report date after the loss date
SEED-01424,65043,CLM065043,Report_Date,Incorrect Date Ordering,Critical,2025-02-26,2025-03-05,Restored the original report date after the loss date
SEED-01425,33214,CLM033214,Report_Date,Incorrect Date Ordering,Critical,2026-07-21,2026-07-24,Restored the original report date after the loss date
SEED-01426,68538,CLM068538,Report_Date,Incorrect Date Ordering,Critical,2024-06-26,2024-07-05,Restored the original report date after the loss date
SEED-01427,39480,CLM039480,Report_Date,Incorrect Date Ordering,Critical,2025-11-22,2025-11-27,Restored the original report date after the loss date
SEED-01428,12761,CLM012761,Report_Date,Incorrect Date Ordering,Critical,2024-10-07,2024-10-10,Restored the original report date after the loss date
SEED-01429,40063,CLM040063,Report_Date,Incorrect Date Ordering,Critical,2025-10-15,2025-10-18,Restored the original report date after the loss date
SEED-01430,52826,CLM052826,Report_Date,Incorrect Date Ordering,Critical,2026-05-10,2026-05-17,Restored the original report date after the loss date
SEED-01431,25927,CLM025927,Report_Date,Incorrect Date Ordering,Critical,2024-03-11,2024-03-14,Restored the original report date after the loss date
SEED-01432,74618,CLM074618,Report_Date,Incorrect Date Ordering,Critical,2026-04-26,2026-04-27,Restored the original report date after the loss date
SEED-01433,49425,CLM049425,Report_Date,Incorrect Date Ordering,Critical,2024-04-10,2024-04-15,Restored the original report date after the loss date
SEED-01434,59485,CLM059485,Report_Date,Incorrect Date Ordering,Critical,2026-04-19,2026-04-23,Restored the original report date after the loss date
SEED-01435,10519,CLM010519,Report_Date,Incorrect Date Ordering,Critical,2025-02-17,2025-02-22,Restored the original report date after the loss date
SEED-01436,20926,CLM020926,Report_Date,Incorrect Date Ordering,Critical,2024-06-09,2024-06-13,Restored the original report date after the loss date
SEED-01437,42458,CLM042458,Report_Date,Incorrect Date Ordering,Critical,2025-08-07,2025-08-11,Restored the original report date after the loss date
SEED-01438,33329,CLM033329,Report_Date,Incorrect Date Ordering,Critical,2026-07-06,2026-07-09,Restored the original report date after the loss date
SEED-01439,5985,CLM005985,Report_Date,Incorrect Date Ordering,Critical,2024-04-29,2024-05-02,Restored the original report date after the loss date
SEED-01440,3744,CLM003744,Report_Date,Incorrect Date Ordering,Critical,2026-06-18,2026-06-20,Restored the original report date after the loss date
SEED-01441,66756,CLM066756,Report_Date,Incorrect Date Ordering,Critical,2025-10-26,2025-10-30,Restored the original report date after the loss date
SEED-01442,50773,CLM050773,Report_Date,Incorrect Date Ordering,Critical,2025-10-28,2025-11-04,Restored the original report date after the loss date
SEED-01443,58430,CLM058430,Report_Date,Incorrect Date Ordering,Critical,2025-02-23,2025-03-01,Restored the original report date after the loss date
SEED-01444,50737,CLM050737,Report_Date,Incorrect Date Ordering,Critical,2024-05-26,2024-05-28,Restored the original report date after the loss date
SEED-01445,42461,CLM042461,Report_Date,Incorrect Date Ordering,Critical,2025-05-14,2025-05-18,Restored the original report date after the loss date
SEED-01446,5566,CLM005566,Report_Date,Incorrect Date Ordering,Critical,2026-02-15,2026-02-22,Restored the original report date after the loss date
SEED-01447,4879,CLM004879,Report_Date,Incorrect Date Ordering,Critical,2025-04-26,2025-05-04,Restored the original report date after the loss date
SEED-01448,5765,CLM005765,Report_Date,Incorrect Date Ordering,Critical,2025-12-30,2026-01-02,Restored the original report date after the loss date
SEED-01449,35721,CLM035721,Report_Date,Incorrect Date Ordering,Critical,2025-11-05,2025-11-09,Restored the original report date after the loss date
SEED-01450,52265,CLM052265,Report_Date,Incorrect Date Ordering,Critical,2024-02-20,2024-02-23,Restored the original report date after the loss date
SEED-01451,52652,CLM052652,Report_Date,Incorrect Date Ordering,Critical,2026-01-27,2026-01-29,Restored the original report date after the loss date
SEED-01452,24165,CLM024165,Report_Date,Incorrect Date Ordering,Critical,2024-07-20,2024-07-28,Restored the original report date after the loss date
SEED-01453,18793,CLM018793,Report_Date,Incorrect Date Ordering,Critical,2025-06-14,2025-06-16,Restored the original report date after the loss date
SEED-01454,67065,CLM067065,Report_Date,Incorrect Date Ordering,Critical,2025-01-02,2025-01-06,Restored the original report date after the loss date
SEED-01455,68283,CLM068283,Report_Date,Incorrect Date Ordering,Critical,2026-04-04,2026-04-12,Restored the original report date after the loss date
SEED-01456,5806,CLM005806,Report_Date,Incorrect Date Ordering,Critical,2026-01-25,2026-01-29,Restored the original report date after the loss date
SEED-01457,47051,CLM047051,Report_Date,Incorrect Date Ordering,Critical,2024-12-24,2024-12-27,Restored the original report date after the loss date
SEED-01458,74996,CLM074996,Report_Date,Incorrect Date Ordering,Critical,2024-05-25,2024-05-28,Restored the original report date after the loss date
SEED-01459,3893,CLM003893,Report_Date,Incorrect Date Ordering,Critical,2026-06-07,2026-06-11,Restored the original report date after the loss date
SEED-01460,52981,CLM052981,Report_Date,Incorrect Date Ordering,Critical,2026-07-13,2026-07-18,Restored the original report date after the loss date
SEED-01461,5573,CLM005573,Report_Date,Incorrect Date Ordering,Critical,2025-08-05,2025-08-11,Restored the original report date after the loss date
SEED-01462,26699,CLM026699,Report_Date,Incorrect Date Ordering,Critical,2024-05-31,2024-06-01,Restored the original report date after the loss date
SEED-01463,48841,CLM048841,Report_Date,Incorrect Date Ordering,Critical,2024-06-26,2024-06-30,Restored the original report date after the loss date
SEED-01464,33971,CLM033971,Report_Date,Incorrect Date Ordering,Critical,2025-08-05,2025-08-10,Restored the original report date after the loss date
SEED-01465,24681,CLM024681,Report_Date,Incorrect Date Ordering,Critical,2026-05-03,2026-05-05,Restored the original report date after the loss date
SEED-01466,60071,CLM060071,Report_Date,Incorrect Date Ordering,Critical,2025-07-26,2025-07-30,Restored the original report date after the loss date
SEED-01467,41279,CLM041279,Report_Date,Incorrect Date Ordering,Critical,2024-01-28,2024-02-01,Restored the original report date after the loss date
SEED-01468,6647,CLM006647,Report_Date,Incorrect Date Ordering,Critical,2026-02-10,2026-02-17,Restored the original report date after the loss date
SEED-01469,67360,CLM067360,Report_Date,Incorrect Date Ordering,Critical,2025-03-28,2025-04-01,Restored the original report date after the loss date
SEED-01470,18934,CLM018934,Report_Date,Incorrect Date Ordering,Critical,2024-06-28,2024-07-02,Restored the original report date after the loss date
SEED-01471,37243,CLM037243,Report_Date,Incorrect Date Ordering,Critical,2025-03-03,2025-03-08,Restored the original report date after the loss date
SEED-01472,1702,CLM001702,Report_Date,Incorrect Date Ordering,Critical,2025-10-01,2025-10-06,Restored the original report date after the loss date
SEED-01473,68592,CLM068592,Report_Date,Incorrect Date Ordering,Critical,2024-09-17,2024-09-22,Restored the original report date after the loss date
SEED-01474,37760,CLM037760,Report_Date,Incorrect Date Ordering,Critical,2026-06-17,2026-06-21,Restored the original report date after the loss date
SEED-01475,21587,CLM021587,Report_Date,Incorrect Date Ordering,Critical,2026-02-20,2026-02-28,Restored the original report date after the loss date
SEED-01476,64519,CLM064519,Report_Date,Incorrect Date Ordering,Critical,2024-07-19,2024-07-23,Restored the original report date after the loss date
SEED-01477,39655,CLM039655,Report_Date,Incorrect Date Ordering,Critical,2024-08-07,2024-08-11,Restored the original report date after the loss date
SEED-01478,71290,CLM071290,Report_Date,Incorrect Date Ordering,Critical,2026-05-21,2026-05-26,Restored the original report date after the loss date
SEED-01479,56010,CLM056010,Report_Date,Incorrect Date Ordering,Critical,2024-08-29,2024-09-04,Restored the original report date after the loss date
SEED-01480,14277,CLM014277,Report_Date,Incorrect Date Ordering,Critical,2025-02-23,2025-03-02,Restored the original report date after the loss date
SEED-01481,28837,CLM028837,Settlement_Date,Future Settlement Date,Critical,2026-11-04,2025-09-22,Restored the valid settlement date or blank open-claim state
SEED-01482,38872,CLM038872,Settlement_Date,Future Settlement Date,Critical,2026-10-21,2024-03-01,Restored the valid settlement date or blank open-claim state
SEED-01483,40617,CLM040617,Settlement_Date,Future Settlement Date,Critical,2026-11-16,2025-06-22,Restored the valid settlement date or blank open-claim state
SEED-01484,41043,CLM041043,Settlement_Date,Future Settlement Date,Critical,2026-09-28,2024-05-06,Restored the valid settlement date or blank open-claim state
SEED-01485,72585,CLM072585,Settlement_Date,Future Settlement Date,Critical,2026-11-29,2026-04-20,Restored the valid settlement date or blank open-claim state
SEED-01486,52196,CLM052196,Settlement_Date,Future Settlement Date,Critical,2026-10-17,2025-05-23,Restored the valid settlement date or blank open-claim state
SEED-01487,43503,CLM043503,Settlement_Date,Future Settlement Date,Critical,2026-11-22,2026-02-07,Restored the valid settlement date or blank open-claim state
SEED-01488,10430,CLM010430,Settlement_Date,Future Settlement Date,Critical,2026-09-20,<blank>,Restored the valid settlement date or blank open-claim state
SEED-01489,52871,CLM052871,Settlement_Date,Future Settlement Date,Critical,2026-09-29,2025-06-10,Restored the valid settlement date or blank open-claim state
SEED-01490,59525,CLM059525,Settlement_Date,Future Settlement Date,Critical,2026-10-17,2025-05-07,Restored the valid settlement date or blank open-claim state
SEED-01491,35324,CLM035324,Settlement_Date,Future Settlement Date,Critical,2026-11-10,2025-05-24,Restored the valid settlement date or blank open-claim state
SEED-01492,15644,CLM015644,Settlement_Date,Future Settlement Date,Critical,2026-09-02,2025-07-22,Restored the valid settlement date or blank open-claim state
SEED-01493,16177,CLM016177,Settlement_Date,Future Settlement Date,Critical,2026-10-05,2024-04-13,Restored the valid settlement date or blank open-claim state
SEED-01494,60743,CLM060743,Settlement_Date,Future Settlement Date,Critical,2026-10-08,<blank>,Restored the valid settlement date or blank open-claim state
SEED-01495,23452,CLM023452,Settlement_Date,Future Settlement Date,Critical,2026-09-02,2025-07-14,Restored the valid settlement date or blank open-claim state
SEED-01496,20764,CLM020764,Settlement_Date,Future Settlement Date,Critical,2026-11-13,2024-09-23,Restored the valid settlement date or blank open-claim state
SEED-01497,53422,CLM053422,Settlement_Date,Future Settlement Date,Critical,2026-09-15,2026-04-07,Restored the valid settlement date or blank open-claim state
SEED-01498,33674,CLM033674,Settlement_Date,Future Settlement Date,Critical,2026-10-11,2025-08-24,Restored the valid settlement date or blank open-claim state
SEED-01499,23873,CLM023873,Settlement_Date,Future Settlement Date,Critical,2026-11-25,2025-02-23,Restored the valid settlement date or blank open-claim state
SEED-01500,56493,CLM056493,Settlement_Date,Future Settlement Date,Critical,2026-10-08,2024-05-15,Restored the valid settlement date or blank open-claim state
SEED-01501,68406,CLM068406,Settlement_Date,Future Settlement Date,Critical,2026-09-05,2025-04-30,Restored the valid settlement date or blank open-claim state
SEED-01502,43346,CLM043346,Settlement_Date,Future Settlement Date,Critical,2026-11-12,2025-11-15,Restored the valid settlement date or blank open-claim state
SEED-01503,50159,CLM050159,Settlement_Date,Future Settlement Date,Critical,2026-10-27,2025-07-15,Restored the valid settlement date or blank open-claim state
SEED-01504,31875,CLM031875,Settlement_Date,Future Settlement Date,Critical,2026-11-13,<blank>,Restored the valid settlement date or blank open-claim state
SEED-01505,24184,CLM024184,Settlement_Date,Future Settlement Date,Critical,2026-10-26,2024-05-07,Restored the valid settlement date or blank open-claim state
SEED-01506,21740,CLM021740,Settlement_Date,Future Settlement Date,Critical,2026-11-12,<blank>,Restored the valid settlement date or blank open-claim state
SEED-01507,20513,CLM020513,Settlement_Date,Future Settlement Date,Critical,2026-11-12,2026-07-21,Restored the valid settlement date or blank open-claim state
SEED-01508,31507,CLM031507,Settlement_Date,Future Settlement Date,Critical,2026-10-24,<blank>,Restored the valid settlement date or blank open-claim state
SEED-01509,8051,CLM008051,Settlement_Date,Future Settlement Date,Critical,2026-11-05,2025-08-03,Restored the valid settlement date or blank open-claim state
SEED-01510,35688,CLM035688,Settlement_Date,Future Settlement Date,Critical,2026-10-31,2025-12-25,Restored the valid settlement date or blank open-claim state
SEED-01511,51165,CLM051165,Settlement_Date,Future Settlement Date,Critical,2026-10-27,2024-10-09,Restored the valid settlement date or blank open-claim state
SEED-01512,24073,CLM024073,Settlement_Date,Future Settlement Date,Critical,2026-10-18,2025-10-20,Restored the valid settlement date or blank open-claim state
SEED-01513,60297,CLM060297,Settlement_Date,Future Settlement Date,Critical,2026-11-26,<blank>,Restored the valid settlement date or blank open-claim state
SEED-01514,34782,CLM034782,Settlement_Date,Future Settlement Date,Critical,2026-10-04,2025-12-24,Restored the valid settlement date or blank open-claim state
SEED-01515,3679,CLM003679,Settlement_Date,Future Settlement Date,Critical,2026-10-13,<blank>,Restored the valid settlement date or blank open-claim state
SEED-01516,66513,CLM066513,Settlement_Date,Future Settlement Date,Critical,2026-09-01,<blank>,Restored the valid settlement date or blank open-claim state
SEED-01517,71135,CLM071135,Settlement_Date,Future Settlement Date,Critical,2026-09-07,2026-03-31,Restored the valid settlement date or blank open-claim state
SEED-01518,71542,CLM071542,Settlement_Date,Future Settlement Date,Critical,2026-11-25,2025-02-21,Restored the valid settlement date or blank open-claim state
SEED-01519,47059,CLM047059,Settlement_Date,Future Settlement Date,Critical,2026-09-02,2026-05-27,Restored the valid settlement date or blank open-claim state
SEED-01520,51521,CLM051521,Settlement_Date,Future Settlement Date,Critical,2026-09-26,2024-08-14,Restored the valid settlement date or blank open-claim state
SEED-01521,17364,CLM017364,Settlement_Date,Future Settlement Date,Critical,2026-11-18,2025-09-23,Restored the valid settlement date or blank open-claim state
SEED-01522,49462,CLM049462,Settlement_Date,Future Settlement Date,Critical,2026-11-24,2024-09-19,Restored the valid settlement date or blank open-claim state
SEED-01523,38755,CLM038755,Settlement_Date,Future Settlement Date,Critical,2026-10-19,2026-05-21,Restored the valid settlement date or blank open-claim state
SEED-01524,43478,CLM043478,Settlement_Date,Future Settlement Date,Critical,2026-11-23,2026-08-28,Restored the valid settlement date or blank open-claim state
SEED-01525,2691,CLM002691,Settlement_Date,Future Settlement Date,Critical,2026-11-12,2026-05-12,Restored the valid settlement date or blank open-claim state
SEED-01526,50473,CLM050473,Settlement_Date,Future Settlement Date,Critical,2026-09-04,2025-09-28,Restored the valid settlement date or blank open-claim state
SEED-01527,31680,CLM031680,Settlement_Date,Future Settlement Date,Critical,2026-11-29,<blank>,Restored the valid settlement date or blank open-claim state
SEED-01528,57778,CLM057778,Settlement_Date,Future Settlement Date,Critical,2026-09-05,2024-07-18,Restored the valid settlement date or blank open-claim state
SEED-01529,73993,CLM073993,Settlement_Date,Future Settlement Date,Critical,2026-10-24,<blank>,Restored the valid settlement date or blank open-claim state
SEED-01530,15953,CLM015953,Settlement_Date,Future Settlement Date,Critical,2026-09-10,<blank>,Restored the valid settlement date or blank open-claim state
SEED-01531,40559,CLM040559,Settlement_Date,Future Settlement Date,Critical,2026-10-26,2024-05-21,Restored the valid settlement date or blank open-claim state
SEED-01532,70737,CLM070737,Settlement_Date,Future Settlement Date,Critical,2026-11-19,2024-05-10,Restored the valid settlement date or blank open-claim state
SEED-01533,72352,CLM072352,Settlement_Date,Future Settlement Date,Critical,2026-09-22,2024-12-19,Restored the valid settlement date or blank open-claim state
SEED-01534,43060,CLM043060,Settlement_Date,Future Settlement Date,Critical,2026-09-01,<blank>,Restored the valid settlement date or blank open-claim state
SEED-01535,34413,CLM034413,Settlement_Date,Future Settlement Date,Critical,2026-11-25,2025-08-22,Restored the valid settlement date or blank open-claim state
SEED-01536,40116,CLM040116,Settlement_Date,Future Settlement Date,Critical,2026-09-13,2024-03-09,Restored the valid settlement date or blank open-claim state
SEED-01537,25849,CLM025849,Settlement_Date,Future Settlement Date,Critical,2026-10-01,2025-08-11,Restored the valid settlement date or blank open-claim state
SEED-01538,38726,CLM038726,Settlement_Date,Future Settlement Date,Critical,2026-09-03,<blank>,Restored the valid settlement date or blank open-claim state
SEED-01539,34110,CLM034110,Settlement_Date,Future Settlement Date,Critical,2026-09-24,2026-06-20,Restored the valid settlement date or blank open-claim state
SEED-01540,71785,CLM071785,Settlement_Date,Future Settlement Date,Critical,2026-10-19,<blank>,Restored the valid settlement date or blank open-claim state
SEED-01541,51939,CLM051939,Settlement_Date,Future Settlement Date,Critical,2026-10-19,2026-08-08,Restored the valid settlement date or blank open-claim state
SEED-01542,6007,CLM006007,Settlement_Date,Future Settlement Date,Critical,2026-09-22,2024-03-16,Restored the valid settlement date or blank open-claim state
SEED-01543,37920,CLM037920,Settlement_Date,Future Settlement Date,Critical,2026-09-15,2025-09-08,Restored the valid settlement date or blank open-claim state
SEED-01544,35431,CLM035431,Settlement_Date,Future Settlement Date,Critical,2026-11-01,2025-10-12,Restored the valid settlement date or blank open-claim state
SEED-01545,35819,CLM035819,Settlement_Date,Future Settlement Date,Critical,2026-11-21,2025-03-20,Restored the valid settlement date or blank open-claim state
SEED-01546,1637,CLM001637,Settlement_Date,Future Settlement Date,Critical,2026-11-15,<blank>,Restored the valid settlement date or blank open-claim state
SEED-01547,19485,CLM019485,Settlement_Date,Future Settlement Date,Critical,2026-11-06,<blank>,Restored the valid settlement date or blank open-claim state
SEED-01548,46869,CLM046869,Settlement_Date,Future Settlement Date,Critical,2026-10-22,<blank>,Restored the valid settlement date or blank open-claim state
SEED-01549,43624,CLM043624,Settlement_Date,Future Settlement Date,Critical,2026-10-08,2025-10-26,Restored the valid settlement date or blank open-claim state
SEED-01550,10590,CLM010590,Settlement_Date,Future Settlement Date,Critical,2026-11-07,2024-12-17,Restored the valid settlement date or blank open-claim state
SEED-01551,1210,CLM001210,Settlement_Date,Future Settlement Date,Critical,2026-10-20,2024-07-06,Restored the valid settlement date or blank open-claim state
SEED-01552,7132,CLM007132,Settlement_Date,Future Settlement Date,Critical,2026-09-22,2025-12-06,Restored the valid settlement date or blank open-claim state
SEED-01553,71711,CLM071711,Settlement_Date,Future Settlement Date,Critical,2026-10-23,2024-02-17,Restored the valid settlement date or blank open-claim state
SEED-01554,48419,CLM048419,Settlement_Date,Future Settlement Date,Critical,2026-11-07,2026-07-21,Restored the valid settlement date or blank open-claim state
SEED-01555,63162,CLM063162,Settlement_Date,Future Settlement Date,Critical,2026-09-27,2024-05-19,Restored the valid settlement date or blank open-claim state
SEED-01556,16445,CLM016445,Settlement_Date,Future Settlement Date,Critical,2026-11-26,2025-06-24,Restored the valid settlement date or blank open-claim state
SEED-01557,60029,CLM060029,Settlement_Date,Future Settlement Date,Critical,2026-11-10,2024-09-23,Restored the valid settlement date or blank open-claim state
SEED-01558,65033,CLM065033,Settlement_Date,Future Settlement Date,Critical,2026-09-24,2024-11-25,Restored the valid settlement date or blank open-claim state
SEED-01559,44695,CLM044695,Settlement_Date,Future Settlement Date,Critical,2026-09-24,2025-11-07,Restored the valid settlement date or blank open-claim state
SEED-01560,20265,CLM020265,Settlement_Date,Future Settlement Date,Critical,2026-11-28,2025-12-12,Restored the valid settlement date or blank open-claim state
SEED-01561,45014,CLM045014,Settlement_Date,Future Settlement Date,Critical,2026-10-04,2024-07-27,Restored the valid settlement date or blank open-claim state
SEED-01562,55427,CLM055427,Settlement_Date,Future Settlement Date,Critical,2026-09-04,2024-08-10,Restored the valid settlement date or blank open-claim state
SEED-01563,63601,CLM063601,Settlement_Date,Future Settlement Date,Critical,2026-09-18,2024-12-29,Restored the valid settlement date or blank open-claim state
SEED-01564,59434,CLM059434,Settlement_Date,Future Settlement Date,Critical,2026-11-17,2024-08-26,Restored the valid settlement date or blank open-claim state
SEED-01565,68306,CLM068306,Settlement_Date,Future Settlement Date,Critical,2026-11-18,2025-03-07,Restored the valid settlement date or blank open-claim state
SEED-01566,30644,CLM030644,Settlement_Date,Future Settlement Date,Critical,2026-11-09,2024-12-18,Restored the valid settlement date or blank open-claim state
SEED-01567,61713,CLM061713,Settlement_Date,Future Settlement Date,Critical,2026-11-17,<blank>,Restored the valid settlement date or blank open-claim state
SEED-01568,17923,CLM017923,Settlement_Date,Future Settlement Date,Critical,2026-10-26,2025-04-04,Restored the valid settlement date or blank open-claim state
SEED-01569,51251,CLM051251,Settlement_Date,Future Settlement Date,Critical,2026-10-28,2024-02-13,Restored the valid settlement date or blank open-claim state
SEED-01570,43508,CLM043508,Settlement_Date,Future Settlement Date,Critical,2026-10-12,2024-11-21,Restored the valid settlement date or blank open-claim state
SEED-01571,32582,CLM032582,Settlement_Date,Future Settlement Date,Critical,2026-09-07,2024-06-07,Restored the valid settlement date or blank open-claim state
SEED-01572,42736,CLM042736,Settlement_Date,Future Settlement Date,Critical,2026-09-27,2025-10-17,Restored the valid settlement date or blank open-claim state
SEED-01573,52054,CLM052054,Settlement_Date,Future Settlement Date,Critical,2026-11-23,2024-09-10,Restored the valid settlement date or blank open-claim state
SEED-01574,13050,CLM013050,Settlement_Date,Future Settlement Date,Critical,2026-11-05,2024-02-22,Restored the valid settlement date or blank open-claim state
SEED-01575,34787,CLM034787,Settlement_Date,Future Settlement Date,Critical,2026-11-14,2025-05-10,Restored the valid settlement date or blank open-claim state
SEED-01576,61101,CLM061101,Settlement_Date,Future Settlement Date,Critical,2026-10-02,2026-05-08,Restored the valid settlement date or blank open-claim state
SEED-01577,4342,CLM004342,Settlement_Date,Future Settlement Date,Critical,2026-09-18,2024-03-22,Restored the valid settlement date or blank open-claim state
SEED-01578,41944,CLM041944,Settlement_Date,Future Settlement Date,Critical,2026-09-22,<blank>,Restored the valid settlement date or blank open-claim state
SEED-01579,3816,CLM003816,Settlement_Date,Future Settlement Date,Critical,2026-11-22,2025-09-08,Restored the valid settlement date or blank open-claim state
SEED-01580,49652,CLM049652,Settlement_Date,Future Settlement Date,Critical,2026-11-26,<blank>,Restored the valid settlement date or blank open-claim state
SEED-01581,41932,CLM041932,Settlement_Date,Future Settlement Date,Critical,2026-10-03,2024-08-08,Restored the valid settlement date or blank open-claim state
SEED-01582,3301,CLM003301,Settlement_Date,Future Settlement Date,Critical,2026-09-15,2025-12-09,Restored the valid settlement date or blank open-claim state
SEED-01583,64016,CLM064016,Settlement_Date,Future Settlement Date,Critical,2026-11-23,2026-05-13,Restored the valid settlement date or blank open-claim state
SEED-01584,42120,CLM042120,Settlement_Date,Future Settlement Date,Critical,2026-10-11,<blank>,Restored the valid settlement date or blank open-claim state
SEED-01585,24279,CLM024279,Settlement_Date,Future Settlement Date,Critical,2026-09-17,2025-02-04,Restored the valid settlement date or blank open-claim state
SEED-01586,621,CLM000621,Settlement_Date,Future Settlement Date,Critical,2026-09-30,2024-09-26,Restored the valid settlement date or blank open-claim state
SEED-01587,36900,CLM036900,Settlement_Date,Future Settlement Date,Critical,2026-10-04,2024-09-19,Restored the valid settlement date or blank open-claim state
SEED-01588,33672,CLM033672,Settlement_Date,Future Settlement Date,Critical,2026-10-02,2026-08-19,Restored the valid settlement date or blank open-claim state
SEED-01589,65225,CLM065225,Settlement_Date,Future Settlement Date,Critical,2026-09-04,2026-04-02,Restored the valid settlement date or blank open-claim state
SEED-01590,21231,CLM021231,Settlement_Date,Future Settlement Date,Critical,2026-10-23,<blank>,Restored the valid settlement date or blank open-claim state
SEED-01591,30407,CLM030407,Settlement_Date,Future Settlement Date,Critical,2026-10-15,2025-03-17,Restored the valid settlement date or blank open-claim state
SEED-01592,5693,CLM005693,Settlement_Date,Future Settlement Date,Critical,2026-11-10,2025-05-15,Restored the valid settlement date or blank open-claim state
SEED-01593,33861,CLM033861,Settlement_Date,Future Settlement Date,Critical,2026-10-21,2026-08-14,Restored the valid settlement date or blank open-claim state
SEED-01594,53135,CLM053135,Settlement_Date,Future Settlement Date,Critical,2026-10-11,<blank>,Restored the valid settlement date or blank open-claim state
SEED-01595,57135,CLM057135,Settlement_Date,Future Settlement Date,Critical,2026-11-26,2025-06-12,Restored the valid settlement date or blank open-claim state
SEED-01596,56696,CLM056696,Settlement_Date,Future Settlement Date,Critical,2026-09-01,2024-11-02,Restored the valid settlement date or blank open-claim state
SEED-01597,39863,CLM039863,Settlement_Date,Future Settlement Date,Critical,2026-10-30,2025-03-21,Restored the valid settlement date or blank open-claim state
SEED-01598,422,CLM000422,Settlement_Date,Future Settlement Date,Critical,2026-09-28,2025-08-08,Restored the valid settlement date or blank open-claim state
SEED-01599,11790,CLM011790,Settlement_Date,Future Settlement Date,Critical,2026-09-01,2024-08-05,Restored the valid settlement date or blank open-claim state
SEED-01600,3193,CLM003193,Settlement_Date,Future Settlement Date,Critical,2026-11-05,2024-11-21,Restored the valid settlement date or blank open-claim state
SEED-01601,27349,CLM027349,Settlement_Date,Future Settlement Date,Critical,2026-11-03,<blank>,Restored the valid settlement date or blank open-claim state
SEED-01602,15913,CLM015913,Settlement_Date,Future Settlement Date,Critical,2026-09-12,2024-11-24,Restored the valid settlement date or blank open-claim state
SEED-01603,46484,CLM046484,Settlement_Date,Future Settlement Date,Critical,2026-11-14,2024-03-30,Restored the valid settlement date or blank open-claim state
SEED-01604,41054,CLM041054,Settlement_Date,Future Settlement Date,Critical,2026-11-12,<blank>,Restored the valid settlement date or blank open-claim state
SEED-01605,36419,CLM036419,Settlement_Date,Future Settlement Date,Critical,2026-10-03,2026-08-07,Restored the valid settlement date or blank open-claim state
SEED-01606,74021,CLM074021,Settlement_Date,Future Settlement Date,Critical,2026-09-22,2024-06-23,Restored the valid settlement date or blank open-claim state
SEED-01607,71171,CLM071171,Settlement_Date,Future Settlement Date,Critical,2026-10-25,<blank>,Restored the valid settlement date or blank open-claim state
SEED-01608,39452,CLM039452,Settlement_Date,Future Settlement Date,Critical,2026-11-11,2024-10-14,Restored the valid settlement date or blank open-claim state
SEED-01609,13548,CLM013548,Settlement_Date,Future Settlement Date,Critical,2026-09-19,2026-01-10,Restored the valid settlement date or blank open-claim state
SEED-01610,44828,CLM044828,Settlement_Date,Future Settlement Date,Critical,2026-10-11,2024-06-23,Restored the valid settlement date or blank open-claim state
SEED-01611,74539,CLM074539,Settlement_Date,Future Settlement Date,Critical,2026-11-04,2026-08-09,Restored the valid settlement date or blank open-claim state
SEED-01612,7788,CLM007788,Settlement_Date,Future Settlement Date,Critical,2026-09-29,2025-05-15,Restored the valid settlement date or blank open-claim state
SEED-01613,34015,CLM034015,Settlement_Date,Future Settlement Date,Critical,2026-10-24,2024-06-19,Restored the valid settlement date or blank open-claim state
SEED-01614,14138,CLM014138,Settlement_Date,Future Settlement Date,Critical,2026-11-18,2026-01-28,Restored the valid settlement date or blank open-claim state
SEED-01615,49451,CLM049451,Settlement_Date,Future Settlement Date,Critical,2026-11-14,2024-10-22,Restored the valid settlement date or blank open-claim state
SEED-01616,32801,CLM032801,Settlement_Date,Future Settlement Date,Critical,2026-10-13,2024-11-03,Restored the valid settlement date or blank open-claim state
SEED-01617,49381,CLM049381,Settlement_Date,Future Settlement Date,Critical,2026-09-07,2026-01-29,Restored the valid settlement date or blank open-claim state
SEED-01618,7689,CLM007689,Settlement_Date,Future Settlement Date,Critical,2026-10-24,2024-10-15,Restored the valid settlement date or blank open-claim state
SEED-01619,55457,CLM055457,Settlement_Date,Future Settlement Date,Critical,2026-09-04,2025-12-28,Restored the valid settlement date or blank open-claim state
SEED-01620,35481,CLM035481,Settlement_Date,Future Settlement Date,Critical,2026-09-23,<blank>,Restored the valid settlement date or blank open-claim state
SEED-01621,29937,CLM029937,Settlement_Date,Future Settlement Date,Critical,2026-09-23,2026-05-27,Restored the valid settlement date or blank open-claim state
SEED-01622,70875,CLM070875,Settlement_Date,Future Settlement Date,Critical,2026-09-16,2025-12-13,Restored the valid settlement date or blank open-claim state
SEED-01623,30434,CLM030434,Settlement_Date,Future Settlement Date,Critical,2026-10-19,2025-12-07,Restored the valid settlement date or blank open-claim state
SEED-01624,56935,CLM056935,Settlement_Date,Future Settlement Date,Critical,2026-09-03,2024-08-24,Restored the valid settlement date or blank open-claim state
SEED-01625,31747,CLM031747,Settlement_Date,Future Settlement Date,Critical,2026-10-23,<blank>,Restored the valid settlement date or blank open-claim state
SEED-01626,23353,CLM023353,Settlement_Date,Future Settlement Date,Critical,2026-11-13,2024-08-20,Restored the valid settlement date or blank open-claim state
SEED-01627,29897,CLM029897,Settlement_Date,Future Settlement Date,Critical,2026-11-20,2025-12-02,Restored the valid settlement date or blank open-claim state
SEED-01628,71288,CLM071288,Settlement_Date,Future Settlement Date,Critical,2026-11-06,2025-10-28,Restored the valid settlement date or blank open-claim state
SEED-01629,31737,CLM031737,Settlement_Date,Future Settlement Date,Critical,2026-11-12,<blank>,Restored the valid settlement date or blank open-claim state
SEED-01630,21215,CLM021215,Settlement_Date,Future Settlement Date,Critical,2026-11-14,2024-09-26,Restored the valid settlement date or blank open-claim state
SEED-01631,68844,CLM068844,Channel,Whitespace,Low,  Direct ,Direct,Trimmed leading and trailing whitespace
SEED-01632,31201,CLM031201,Channel,Whitespace,Low,  Broker ,Broker,Trimmed leading and trailing whitespace
SEED-01633,14234,CLM014234,Channel,Whitespace,Low,  Digital ,Digital,Trimmed leading and trailing whitespace
SEED-01634,61302,CLM061302,Channel,Whitespace,Low,  Broker ,Broker,Trimmed leading and trailing whitespace
SEED-01635,60469,CLM060469,Channel,Whitespace,Low,  Direct ,Direct,Trimmed leading and trailing whitespace
SEED-01636,67438,CLM067438,Channel,Whitespace,Low,  Broker ,Broker,Trimmed leading and trailing whitespace
SEED-01637,14461,CLM014461,Channel,Whitespace,Low,  Direct ,Direct,Trimmed leading and trailing whitespace
SEED-01638,64611,CLM064611,Channel,Whitespace,Low,  Digital ,Digital,Trimmed leading and trailing whitespace
SEED-01639,5159,CLM005159,Channel,Whitespace,Low,  Digital ,Digital,Trimmed leading and trailing whitespace
SEED-01640,5142,CLM005142,Channel,Whitespace,Low,  Digital ,Digital,Trimmed leading and trailing whitespace
SEED-01641,13711,CLM013711,Channel,Whitespace,Low,  Call Centre ,Call Centre,Trimmed leading and trailing whitespace
SEED-01642,42887,CLM042887,Channel,Whitespace,Low,  Digital ,Digital,Trimmed leading and trailing whitespace
SEED-01643,25327,CLM025327,Channel,Whitespace,Low,  Direct ,Direct,Trimmed leading and trailing whitespace
SEED-01644,38908,CLM038908,Channel,Whitespace,Low,  Direct ,Direct,Trimmed leading and trailing whitespace
SEED-01645,61043,CLM061043,Channel,Whitespace,Low,  Broker ,Broker,Trimmed leading and trailing whitespace
SEED-01646,46244,CLM046244,Channel,Whitespace,Low,  Direct ,Direct,Trimmed leading and trailing whitespace
SEED-01647,38059,CLM038059,Channel,Whitespace,Low,  Direct ,Direct,Trimmed leading and trailing whitespace
SEED-01648,70684,CLM070684,Channel,Whitespace,Low,  Direct ,Direct,Trimmed leading and trailing whitespace
SEED-01649,55555,CLM055555,Channel,Whitespace,Low,  Direct ,Direct,Trimmed leading and trailing whitespace
SEED-01650,38745,CLM038745,Channel,Whitespace,Low,  Digital ,Digital,Trimmed leading and trailing whitespace
SEED-01651,28168,CLM028168,Channel,Whitespace,Low,  Digital ,Digital,Trimmed leading and trailing whitespace
SEED-01652,66911,CLM066911,Channel,Whitespace,Low,  Broker ,Broker,Trimmed leading and trailing whitespace
SEED-01653,3391,CLM003391,Channel,Whitespace,Low,  Broker ,Broker,Trimmed leading and trailing whitespace
SEED-01654,6307,CLM006307,Channel,Whitespace,Low,  Broker ,Broker,Trimmed leading and trailing whitespace
SEED-01655,64491,CLM064491,Channel,Whitespace,Low,  Call Centre ,Call Centre,Trimmed leading and trailing whitespace
SEED-01656,3545,CLM003545,Channel,Whitespace,Low,  Direct ,Direct,Trimmed leading and trailing whitespace
SEED-01657,74606,CLM074606,Channel,Whitespace,Low,  Direct ,Direct,Trimmed leading and trailing whitespace
SEED-01658,24323,CLM024323,Channel,Whitespace,Low,  Broker ,Broker,Trimmed leading and trailing whitespace
SEED-01659,50111,CLM050111,Channel,Whitespace,Low,  Digital ,Digital,Trimmed leading and trailing whitespace
SEED-01660,38712,CLM038712,Channel,Whitespace,Low,  Call Centre ,Call Centre,Trimmed leading and trailing whitespace
SEED-01661,69210,CLM069210,Channel,Whitespace,Low,  Broker ,Broker,Trimmed leading and trailing whitespace
SEED-01662,51968,CLM051968,Channel,Whitespace,Low,  Direct ,Direct,Trimmed leading and trailing whitespace
SEED-01663,10523,CLM010523,Channel,Whitespace,Low,  Broker ,Broker,Trimmed leading and trailing whitespace
SEED-01664,37878,CLM037878,Channel,Whitespace,Low,  Broker ,Broker,Trimmed leading and trailing whitespace
SEED-01665,30717,CLM030717,Channel,Whitespace,Low,  Direct ,Direct,Trimmed leading and trailing whitespace
SEED-01666,64244,CLM064244,Channel,Whitespace,Low,  Direct ,Direct,Trimmed leading and trailing whitespace
SEED-01667,55486,CLM055486,Channel,Whitespace,Low,  Digital ,Digital,Trimmed leading and trailing whitespace
SEED-01668,62951,CLM062951,Channel,Whitespace,Low,  Direct ,Direct,Trimmed leading and trailing whitespace
SEED-01669,52495,CLM052495,Channel,Whitespace,Low,  Broker ,Broker,Trimmed leading and trailing whitespace
SEED-01670,1339,CLM001339,Channel,Whitespace,Low,  Broker ,Broker,Trimmed leading and trailing whitespace
SEED-01671,50992,CLM050992,Channel,Whitespace,Low,  Direct ,Direct,Trimmed leading and trailing whitespace
SEED-01672,70319,CLM070319,Channel,Whitespace,Low,  Broker ,Broker,Trimmed leading and trailing whitespace
SEED-01673,1346,CLM001346,Channel,Whitespace,Low,  Broker ,Broker,Trimmed leading and trailing whitespace
SEED-01674,7191,CLM007191,Channel,Whitespace,Low,  Direct ,Direct,Trimmed leading and trailing whitespace
SEED-01675,22719,CLM022719,Channel,Whitespace,Low,  Direct ,Direct,Trimmed leading and trailing whitespace
SEED-01676,11146,CLM011146,Channel,Whitespace,Low,  Broker ,Broker,Trimmed leading and trailing whitespace
SEED-01677,18735,CLM018735,Channel,Whitespace,Low,  Digital ,Digital,Trimmed leading and trailing whitespace
SEED-01678,60715,CLM060715,Channel,Whitespace,Low,  Broker ,Broker,Trimmed leading and trailing whitespace
SEED-01679,45568,CLM045568,Channel,Whitespace,Low,  Broker ,Broker,Trimmed leading and trailing whitespace
SEED-01680,66127,CLM066127,Channel,Whitespace,Low,  Call Centre ,Call Centre,Trimmed leading and trailing whitespace
SEED-01681,31692,CLM031692,Channel,Whitespace,Low,  Call Centre ,Call Centre,Trimmed leading and trailing whitespace
SEED-01682,40792,CLM040792,Channel,Whitespace,Low,  Broker ,Broker,Trimmed leading and trailing whitespace
SEED-01683,35206,CLM035206,Channel,Whitespace,Low,  Broker ,Broker,Trimmed leading and trailing whitespace
SEED-01684,62159,CLM062159,Channel,Whitespace,Low,  Call Centre ,Call Centre,Trimmed leading and trailing whitespace
SEED-01685,14964,CLM014964,Channel,Whitespace,Low,  Broker ,Broker,Trimmed leading and trailing whitespace
SEED-01686,74788,CLM074788,Channel,Whitespace,Low,  Call Centre ,Call Centre,Trimmed leading and trailing whitespace
SEED-01687,23486,CLM023486,Channel,Whitespace,Low,  Broker ,Broker,Trimmed leading and trailing whitespace
SEED-01688,40896,CLM040896,Channel,Whitespace,Low,  Digital ,Digital,Trimmed leading and trailing whitespace
SEED-01689,66555,CLM066555,Channel,Whitespace,Low,  Digital ,Digital,Trimmed leading and trailing whitespace
SEED-01690,30198,CLM030198,Channel,Whitespace,Low,  Digital ,Digital,Trimmed leading and trailing whitespace
SEED-01691,45153,CLM045153,Channel,Whitespace,Low,  Direct ,Direct,Trimmed leading and trailing whitespace
SEED-01692,54199,CLM054199,Channel,Whitespace,Low,  Digital ,Digital,Trimmed leading and trailing whitespace
SEED-01693,18401,CLM018401,Channel,Whitespace,Low,  Direct ,Direct,Trimmed leading and trailing whitespace
SEED-01694,28802,CLM028802,Channel,Whitespace,Low,  Direct ,Direct,Trimmed leading and trailing whitespace
SEED-01695,22834,CLM022834,Channel,Whitespace,Low,  Call Centre ,Call Centre,Trimmed leading and trailing whitespace
SEED-01696,7622,CLM007622,Channel,Whitespace,Low,  Broker ,Broker,Trimmed leading and trailing whitespace
SEED-01697,70909,CLM070909,Channel,Whitespace,Low,  Broker ,Broker,Trimmed leading and trailing whitespace
SEED-01698,40375,CLM040375,Channel,Whitespace,Low,  Broker ,Broker,Trimmed leading and trailing whitespace
SEED-01699,71930,CLM071930,Channel,Whitespace,Low,  Digital ,Digital,Trimmed leading and trailing whitespace
SEED-01700,23451,CLM023451,Channel,Whitespace,Low,  Call Centre ,Call Centre,Trimmed leading and trailing whitespace
SEED-01701,24725,CLM024725,Channel,Whitespace,Low,  Direct ,Direct,Trimmed leading and trailing whitespace
SEED-01702,70090,CLM070090,Channel,Whitespace,Low,  Broker ,Broker,Trimmed leading and trailing whitespace
SEED-01703,39683,CLM039683,Channel,Whitespace,Low,  Broker ,Broker,Trimmed leading and trailing whitespace
SEED-01704,40262,CLM040262,Channel,Whitespace,Low,  Direct ,Direct,Trimmed leading and trailing whitespace
SEED-01705,50451,CLM050451,Channel,Whitespace,Low,  Broker ,Broker,Trimmed leading and trailing whitespace
SEED-01706,64801,CLM064801,Channel,Whitespace,Low,  Digital ,Digital,Trimmed leading and trailing whitespace
SEED-01707,44629,CLM044629,Channel,Whitespace,Low,  Digital ,Digital,Trimmed leading and trailing whitespace
SEED-01708,41098,CLM041098,Channel,Whitespace,Low,  Digital ,Digital,Trimmed leading and trailing whitespace
SEED-01709,69519,CLM069519,Channel,Whitespace,Low,  Direct ,Direct,Trimmed leading and trailing whitespace
SEED-01710,50133,CLM050133,Channel,Whitespace,Low,  Digital ,Digital,Trimmed leading and trailing whitespace
SEED-01711,3627,CLM003627,Channel,Whitespace,Low,  Direct ,Direct,Trimmed leading and trailing whitespace
SEED-01712,5832,CLM005832,Channel,Whitespace,Low,  Broker ,Broker,Trimmed leading and trailing whitespace
SEED-01713,65489,CLM065489,Channel,Whitespace,Low,  Digital ,Digital,Trimmed leading and trailing whitespace
SEED-01714,30903,CLM030903,Channel,Whitespace,Low,  Digital ,Digital,Trimmed leading and trailing whitespace
SEED-01715,54518,CLM054518,Channel,Whitespace,Low,  Call Centre ,Call Centre,Trimmed leading and trailing whitespace
SEED-01716,62997,CLM062997,Channel,Whitespace,Low,  Call Centre ,Call Centre,Trimmed leading and trailing whitespace
SEED-01717,15524,CLM015524,Channel,Whitespace,Low,  Broker ,Broker,Trimmed leading and trailing whitespace
SEED-01718,29275,CLM029275,Channel,Whitespace,Low,  Direct ,Direct,Trimmed leading and trailing whitespace
SEED-01719,11363,CLM011363,Channel,Whitespace,Low,  Broker ,Broker,Trimmed leading and trailing whitespace
SEED-01720,45032,CLM045032,Channel,Whitespace,Low,  Call Centre ,Call Centre,Trimmed leading and trailing whitespace
SEED-01721,42256,CLM042256,Channel,Whitespace,Low,  Direct ,Direct,Trimmed leading and trailing whitespace
SEED-01722,27573,CLM027573,Channel,Whitespace,Low,  Call Centre ,Call Centre,Trimmed leading and trailing whitespace
SEED-01723,18339,CLM018339,Channel,Whitespace,Low,  Direct ,Direct,Trimmed leading and trailing whitespace
SEED-01724,68944,CLM068944,Channel,Whitespace,Low,  Broker ,Broker,Trimmed leading and trailing whitespace
SEED-01725,19091,CLM019091,Channel,Whitespace,Low,  Broker ,Broker,Trimmed leading and trailing whitespace
SEED-01726,5898,CLM005898,Channel,Whitespace,Low,  Call Centre ,Call Centre,Trimmed leading and trailing whitespace
SEED-01727,22229,CLM022229,Channel,Whitespace,Low,  Broker ,Broker,Trimmed leading and trailing whitespace
SEED-01728,69094,CLM069094,Channel,Whitespace,Low,  Direct ,Direct,Trimmed leading and trailing whitespace
SEED-01729,31377,CLM031377,Channel,Whitespace,Low,  Broker ,Broker,Trimmed leading and trailing whitespace
SEED-01730,58888,CLM058888,Channel,Whitespace,Low,  Broker ,Broker,Trimmed leading and trailing whitespace
SEED-01731,6060,CLM006060,Channel,Whitespace,Low,  Broker ,Broker,Trimmed leading and trailing whitespace
SEED-01732,47545,CLM047545,Channel,Whitespace,Low,  Digital ,Digital,Trimmed leading and trailing whitespace
SEED-01733,2353,CLM002353,Channel,Whitespace,Low,  Call Centre ,Call Centre,Trimmed leading and trailing whitespace
SEED-01734,9857,CLM009857,Channel,Whitespace,Low,  Direct ,Direct,Trimmed leading and trailing whitespace
SEED-01735,72614,CLM072614,Channel,Whitespace,Low,  Broker ,Broker,Trimmed leading and trailing whitespace
SEED-01736,61501,CLM061501,Channel,Whitespace,Low,  Broker ,Broker,Trimmed leading and trailing whitespace
SEED-01737,74165,CLM074165,Channel,Whitespace,Low,  Direct ,Direct,Trimmed leading and trailing whitespace
SEED-01738,23093,CLM023093,Channel,Whitespace,Low,  Call Centre ,Call Centre,Trimmed leading and trailing whitespace
SEED-01739,62606,CLM062606,Channel,Whitespace,Low,  Digital ,Digital,Trimmed leading and trailing whitespace
SEED-01740,37203,CLM037203,Channel,Whitespace,Low,  Broker ,Broker,Trimmed leading and trailing whitespace
SEED-01741,17120,CLM017120,Channel,Whitespace,Low,  Broker ,Broker,Trimmed leading and trailing whitespace
SEED-01742,21905,CLM021905,Channel,Whitespace,Low,  Direct ,Direct,Trimmed leading and trailing whitespace
SEED-01743,55813,CLM055813,Channel,Whitespace,Low,  Direct ,Direct,Trimmed leading and trailing whitespace
SEED-01744,32554,CLM032554,Channel,Whitespace,Low,  Direct ,Direct,Trimmed leading and trailing whitespace
SEED-01745,37792,CLM037792,Channel,Whitespace,Low,  Call Centre ,Call Centre,Trimmed leading and trailing whitespace
SEED-01746,48406,CLM048406,Channel,Whitespace,Low,  Broker ,Broker,Trimmed leading and trailing whitespace
SEED-01747,47315,CLM047315,Channel,Whitespace,Low,  Broker ,Broker,Trimmed leading and trailing whitespace
SEED-01748,47978,CLM047978,Channel,Whitespace,Low,  Broker ,Broker,Trimmed leading and trailing whitespace
SEED-01749,36200,CLM036200,Channel,Whitespace,Low,  Direct ,Direct,Trimmed leading and trailing whitespace
SEED-01750,44991,CLM044991,Channel,Whitespace,Low,  Call Centre ,Call Centre,Trimmed leading and trailing whitespace
SEED-01751,17660,CLM017660,Channel,Whitespace,Low,  Call Centre ,Call Centre,Trimmed leading and trailing whitespace
SEED-01752,50536,CLM050536,Channel,Whitespace,Low,  Digital ,Digital,Trimmed leading and trailing whitespace
SEED-01753,1063,CLM001063,Channel,Whitespace,Low,  Direct ,Direct,Trimmed leading and trailing whitespace
SEED-01754,3006,CLM003006,Channel,Whitespace,Low,  Direct ,Direct,Trimmed leading and trailing whitespace
SEED-01755,6561,CLM006561,Channel,Whitespace,Low,  Call Centre ,Call Centre,Trimmed leading and trailing whitespace
SEED-01756,66409,CLM066409,Channel,Whitespace,Low,  Digital ,Digital,Trimmed leading and trailing whitespace
SEED-01757,58362,CLM058362,Channel,Whitespace,Low,  Broker ,Broker,Trimmed leading and trailing whitespace
SEED-01758,43976,CLM043976,Channel,Whitespace,Low,  Call Centre ,Call Centre,Trimmed leading and trailing whitespace
SEED-01759,12949,CLM012949,Channel,Whitespace,Low,  Direct ,Direct,Trimmed leading and trailing whitespace
SEED-01760,73265,CLM073265,Channel,Whitespace,Low,  Digital ,Digital,Trimmed leading and trailing whitespace
SEED-01761,22746,CLM022746,Channel,Whitespace,Low,  Call Centre ,Call Centre,Trimmed leading and trailing whitespace
SEED-01762,74309,CLM074309,Channel,Whitespace,Low,  Broker ,Broker,Trimmed leading and trailing whitespace
SEED-01763,24398,CLM024398,Channel,Whitespace,Low,  Call Centre ,Call Centre,Trimmed leading and trailing whitespace
SEED-01764,17908,CLM017908,Channel,Whitespace,Low,  Digital ,Digital,Trimmed leading and trailing whitespace
SEED-01765,31123,CLM031123,Channel,Whitespace,Low,  Call Centre ,Call Centre,Trimmed leading and trailing whitespace
SEED-01766,4688,CLM004688,Channel,Whitespace,Low,  Digital ,Digital,Trimmed leading and trailing whitespace
SEED-01767,13048,CLM013048,Channel,Whitespace,Low,  Broker ,Broker,Trimmed leading and trailing whitespace
SEED-01768,50267,CLM050267,Channel,Whitespace,Low,  Broker ,Broker,Trimmed leading and trailing whitespace
SEED-01769,48116,CLM048116,Channel,Whitespace,Low,  Call Centre ,Call Centre,Trimmed leading and trailing whitespace
SEED-01770,1888,CLM001888,Channel,Whitespace,Low,  Call Centre ,Call Centre,Trimmed leading and trailing whitespace
SEED-01771,60051,CLM060051,Channel,Whitespace,Low,  Digital ,Digital,Trimmed leading and trailing whitespace
SEED-01772,47064,CLM047064,Channel,Whitespace,Low,  Digital ,Digital,Trimmed leading and trailing whitespace
SEED-01773,21219,CLM021219,Channel,Whitespace,Low,  Digital ,Digital,Trimmed leading and trailing whitespace
SEED-01774,3275,CLM003275,Channel,Whitespace,Low,  Direct ,Direct,Trimmed leading and trailing whitespace
SEED-01775,45267,CLM045267,Channel,Whitespace,Low,  Broker ,Broker,Trimmed leading and trailing whitespace
SEED-01776,43288,CLM043288,Channel,Whitespace,Low,  Broker ,Broker,Trimmed leading and trailing whitespace
SEED-01777,4230,CLM004230,Channel,Whitespace,Low,  Digital ,Digital,Trimmed leading and trailing whitespace
SEED-01778,13837,CLM013837,Channel,Whitespace,Low,  Digital ,Digital,Trimmed leading and trailing whitespace
SEED-01779,16543,CLM016543,Channel,Whitespace,Low,  Direct ,Direct,Trimmed leading and trailing whitespace
SEED-01780,21070,CLM021070,Channel,Whitespace,Low,  Digital ,Digital,Trimmed leading and trailing whitespace
SEED-01781,34567,CLM034567,Claim_Type,Mixed Capitalization,Low,fire,Fire,Standardized capitalization
SEED-01782,68923,CLM068923,Claim_Type,Mixed Capitalization,Low,hail,Hail,Standardized capitalization
SEED-01783,30592,CLM030592,Claim_Type,Mixed Capitalization,Low,theft,Theft,Standardized capitalization
SEED-01784,24550,CLM024550,Claim_Type,Mixed Capitalization,Low,hail,Hail,Standardized capitalization
SEED-01785,56058,CLM056058,Claim_Type,Mixed Capitalization,Low,liability,Liability,Standardized capitalization
SEED-01786,2154,CLM002154,Claim_Type,Mixed Capitalization,Low,weather,Weather,Standardized capitalization
SEED-01787,6812,CLM006812,Claim_Type,Mixed Capitalization,Low,collision,Collision,Standardized capitalization
SEED-01788,41099,CLM041099,Claim_Type,Mixed Capitalization,Low,collision,Collision,Standardized capitalization
SEED-01789,9311,CLM009311,Claim_Type,Mixed Capitalization,Low,liability,Liability,Standardized capitalization
SEED-01790,60382,CLM060382,Claim_Type,Mixed Capitalization,Low,hail,Hail,Standardized capitalization
SEED-01791,41738,CLM041738,Claim_Type,Mixed Capitalization,Low,collision,Collision,Standardized capitalization
SEED-01792,43673,CLM043673,Claim_Type,Mixed Capitalization,Low,accidental damage,Accidental Damage,Standardized capitalization
SEED-01793,32780,CLM032780,Claim_Type,Mixed Capitalization,Low,liability,Liability,Standardized capitalization
SEED-01794,35471,CLM035471,Claim_Type,Mixed Capitalization,Low,liability,Liability,Standardized capitalization
SEED-01795,36130,CLM036130,Claim_Type,Mixed Capitalization,Low,hail,Hail,Standardized capitalization
SEED-01796,7960,CLM007960,Claim_Type,Mixed Capitalization,Low,hail,Hail,Standardized capitalization
SEED-01797,74961,CLM074961,Claim_Type,Mixed Capitalization,Low,glass,Glass,Standardized capitalization
SEED-01798,346,CLM000346,Claim_Type,Mixed Capitalization,Low,theft,Theft,Standardized capitalization
SEED-01799,33304,CLM033304,Claim_Type,Mixed Capitalization,Low,glass,Glass,Standardized capitalization
SEED-01800,63507,CLM063507,Claim_Type,Mixed Capitalization,Low,collision,Collision,Standardized capitalization
SEED-01801,74835,CLM074835,Claim_Type,Mixed Capitalization,Low,collision,Collision,Standardized capitalization
SEED-01802,17400,CLM017400,Claim_Type,Mixed Capitalization,Low,collision,Collision,Standardized capitalization
SEED-01803,73959,CLM073959,Claim_Type,Mixed Capitalization,Low,flood,Flood,Standardized capitalization
SEED-01804,64843,CLM064843,Claim_Type,Mixed Capitalization,Low,fire,Fire,Standardized capitalization
SEED-01805,10995,CLM010995,Claim_Type,Mixed Capitalization,Low,fire,Fire,Standardized capitalization
SEED-01806,20342,CLM020342,Claim_Type,Mixed Capitalization,Low,glass,Glass,Standardized capitalization
SEED-01807,27329,CLM027329,Claim_Type,Mixed Capitalization,Low,glass,Glass,Standardized capitalization
SEED-01808,27581,CLM027581,Claim_Type,Mixed Capitalization,Low,liability,Liability,Standardized capitalization
SEED-01809,36248,CLM036248,Claim_Type,Mixed Capitalization,Low,fire,Fire,Standardized capitalization
SEED-01810,30306,CLM030306,Claim_Type,Mixed Capitalization,Low,theft,Theft,Standardized capitalization
SEED-01811,37914,CLM037914,Claim_Type,Mixed Capitalization,Low,collision,Collision,Standardized capitalization
SEED-01812,32054,CLM032054,Claim_Type,Mixed Capitalization,Low,collision,Collision,Standardized capitalization
SEED-01813,6974,CLM006974,Claim_Type,Mixed Capitalization,Low,collision,Collision,Standardized capitalization
SEED-01814,6223,CLM006223,Claim_Type,Mixed Capitalization,Low,liability,Liability,Standardized capitalization
SEED-01815,23805,CLM023805,Claim_Type,Mixed Capitalization,Low,hail,Hail,Standardized capitalization
SEED-01816,57735,CLM057735,Claim_Type,Mixed Capitalization,Low,flood,Flood,Standardized capitalization
SEED-01817,19536,CLM019536,Claim_Type,Mixed Capitalization,Low,flood,Flood,Standardized capitalization
SEED-01818,45877,CLM045877,Claim_Type,Mixed Capitalization,Low,collision,Collision,Standardized capitalization
SEED-01819,13134,CLM013134,Claim_Type,Mixed Capitalization,Low,weather,Weather,Standardized capitalization
SEED-01820,43450,CLM043450,Claim_Type,Mixed Capitalization,Low,collision,Collision,Standardized capitalization
SEED-01821,42508,CLM042508,Claim_Type,Mixed Capitalization,Low,theft,Theft,Standardized capitalization
SEED-01822,73620,CLM073620,Claim_Type,Mixed Capitalization,Low,theft,Theft,Standardized capitalization
SEED-01823,22550,CLM022550,Claim_Type,Mixed Capitalization,Low,fire,Fire,Standardized capitalization
SEED-01824,34778,CLM034778,Claim_Type,Mixed Capitalization,Low,collision,Collision,Standardized capitalization
SEED-01825,26783,CLM026783,Claim_Type,Mixed Capitalization,Low,collision,Collision,Standardized capitalization
SEED-01826,33663,CLM033663,Claim_Type,Mixed Capitalization,Low,glass,Glass,Standardized capitalization
SEED-01827,18752,CLM018752,Claim_Type,Mixed Capitalization,Low,liability,Liability,Standardized capitalization
SEED-01828,22345,CLM022345,Claim_Type,Mixed Capitalization,Low,fire,Fire,Standardized capitalization
SEED-01829,20192,CLM020192,Claim_Type,Mixed Capitalization,Low,glass,Glass,Standardized capitalization
SEED-01830,73172,CLM073172,Claim_Type,Mixed Capitalization,Low,hail,Hail,Standardized capitalization
SEED-01831,42412,CLM042412,Claim_Type,Mixed Capitalization,Low,flood,Flood,Standardized capitalization
SEED-01832,44556,CLM044556,Claim_Type,Mixed Capitalization,Low,theft,Theft,Standardized capitalization
SEED-01833,73177,CLM073177,Claim_Type,Mixed Capitalization,Low,collision,Collision,Standardized capitalization
SEED-01834,51902,CLM051902,Claim_Type,Mixed Capitalization,Low,flood,Flood,Standardized capitalization
SEED-01835,23582,CLM023582,Claim_Type,Mixed Capitalization,Low,theft,Theft,Standardized capitalization
SEED-01836,4388,CLM004388,Claim_Type,Mixed Capitalization,Low,fire,Fire,Standardized capitalization
SEED-01837,65198,CLM065198,Claim_Type,Mixed Capitalization,Low,weather,Weather,Standardized capitalization
SEED-01838,42855,CLM042855,Claim_Type,Mixed Capitalization,Low,hail,Hail,Standardized capitalization
SEED-01839,74161,CLM074161,Claim_Type,Mixed Capitalization,Low,collision,Collision,Standardized capitalization
SEED-01840,57684,CLM057684,Claim_Type,Mixed Capitalization,Low,hail,Hail,Standardized capitalization
SEED-01841,43026,CLM043026,Claim_Type,Mixed Capitalization,Low,collision,Collision,Standardized capitalization
SEED-01842,48336,CLM048336,Claim_Type,Mixed Capitalization,Low,fire,Fire,Standardized capitalization
SEED-01843,35030,CLM035030,Claim_Type,Mixed Capitalization,Low,flood,Flood,Standardized capitalization
SEED-01844,10771,CLM010771,Claim_Type,Mixed Capitalization,Low,fire,Fire,Standardized capitalization
SEED-01845,58807,CLM058807,Claim_Type,Mixed Capitalization,Low,hail,Hail,Standardized capitalization
SEED-01846,33649,CLM033649,Claim_Type,Mixed Capitalization,Low,weather,Weather,Standardized capitalization
SEED-01847,55996,CLM055996,Claim_Type,Mixed Capitalization,Low,theft,Theft,Standardized capitalization
SEED-01848,72593,CLM072593,Claim_Type,Mixed Capitalization,Low,hail,Hail,Standardized capitalization
SEED-01849,60753,CLM060753,Claim_Type,Mixed Capitalization,Low,theft,Theft,Standardized capitalization
SEED-01850,34752,CLM034752,Claim_Type,Mixed Capitalization,Low,collision,Collision,Standardized capitalization
SEED-01851,52437,CLM052437,Claim_Type,Mixed Capitalization,Low,collision,Collision,Standardized capitalization
SEED-01852,17628,CLM017628,Claim_Type,Mixed Capitalization,Low,collision,Collision,Standardized capitalization
SEED-01853,32267,CLM032267,Claim_Type,Mixed Capitalization,Low,hail,Hail,Standardized capitalization
SEED-01854,11245,CLM011245,Claim_Type,Mixed Capitalization,Low,theft,Theft,Standardized capitalization
SEED-01855,4778,CLM004778,Claim_Type,Mixed Capitalization,Low,fire,Fire,Standardized capitalization
SEED-01856,58759,CLM058759,Claim_Type,Mixed Capitalization,Low,theft,Theft,Standardized capitalization
SEED-01857,65814,CLM065814,Claim_Type,Mixed Capitalization,Low,accidental damage,Accidental Damage,Standardized capitalization
SEED-01858,48483,CLM048483,Claim_Type,Mixed Capitalization,Low,theft,Theft,Standardized capitalization
SEED-01859,68081,CLM068081,Claim_Type,Mixed Capitalization,Low,flood,Flood,Standardized capitalization
SEED-01860,5308,CLM005308,Claim_Type,Mixed Capitalization,Low,weather,Weather,Standardized capitalization
SEED-01861,57719,CLM057719,Claim_Type,Mixed Capitalization,Low,collision,Collision,Standardized capitalization
SEED-01862,27523,CLM027523,Claim_Type,Mixed Capitalization,Low,theft,Theft,Standardized capitalization
SEED-01863,3574,CLM003574,Claim_Type,Mixed Capitalization,Low,flood,Flood,Standardized capitalization
SEED-01864,15440,CLM015440,Claim_Type,Mixed Capitalization,Low,hail,Hail,Standardized capitalization
SEED-01865,9175,CLM009175,Claim_Type,Mixed Capitalization,Low,weather,Weather,Standardized capitalization
SEED-01866,50952,CLM050952,Claim_Type,Mixed Capitalization,Low,collision,Collision,Standardized capitalization
SEED-01867,60847,CLM060847,Claim_Type,Mixed Capitalization,Low,collision,Collision,Standardized capitalization
SEED-01868,66289,CLM066289,Claim_Type,Mixed Capitalization,Low,accidental damage,Accidental Damage,Standardized capitalization
SEED-01869,33070,CLM033070,Claim_Type,Mixed Capitalization,Low,flood,Flood,Standardized capitalization
SEED-01870,48332,CLM048332,Claim_Type,Mixed Capitalization,Low,liability,Liability,Standardized capitalization
SEED-01871,66479,CLM066479,Claim_Type,Mixed Capitalization,Low,hail,Hail,Standardized capitalization
SEED-01872,42046,CLM042046,Claim_Type,Mixed Capitalization,Low,collision,Collision,Standardized capitalization
SEED-01873,61560,CLM061560,Claim_Type,Mixed Capitalization,Low,glass,Glass,Standardized capitalization
SEED-01874,14391,CLM014391,Claim_Type,Mixed Capitalization,Low,theft,Theft,Standardized capitalization
SEED-01875,57245,CLM057245,Claim_Type,Mixed Capitalization,Low,collision,Collision,Standardized capitalization
SEED-01876,18430,CLM018430,Claim_Type,Mixed Capitalization,Low,collision,Collision,Standardized capitalization
SEED-01877,70321,CLM070321,Claim_Type,Mixed Capitalization,Low,theft,Theft,Standardized capitalization
SEED-01878,53488,CLM053488,Claim_Type,Mixed Capitalization,Low,collision,Collision,Standardized capitalization
SEED-01879,58054,CLM058054,Claim_Type,Mixed Capitalization,Low,glass,Glass,Standardized capitalization
SEED-01880,11342,CLM011342,Claim_Type,Mixed Capitalization,Low,flood,Flood,Standardized capitalization
SEED-01881,20236,CLM020236,Claim_Type,Mixed Capitalization,Low,flood,Flood,Standardized capitalization
SEED-01882,30024,CLM030024,Claim_Type,Mixed Capitalization,Low,weather,Weather,Standardized capitalization
SEED-01883,17245,CLM017245,Claim_Type,Mixed Capitalization,Low,collision,Collision,Standardized capitalization
SEED-01884,27569,CLM027569,Claim_Type,Mixed Capitalization,Low,hail,Hail,Standardized capitalization
SEED-01885,49562,CLM049562,Claim_Type,Mixed Capitalization,Low,collision,Collision,Standardized capitalization
SEED-01886,59255,CLM059255,Claim_Type,Mixed Capitalization,Low,flood,Flood,Standardized capitalization
SEED-01887,8643,CLM008643,Claim_Type,Mixed Capitalization,Low,fire,Fire,Standardized capitalization
SEED-01888,18556,CLM018556,Claim_Type,Mixed Capitalization,Low,collision,Collision,Standardized capitalization
SEED-01889,53528,CLM053528,Claim_Type,Mixed Capitalization,Low,weather,Weather,Standardized capitalization
SEED-01890,62702,CLM062702,Claim_Type,Mixed Capitalization,Low,flood,Flood,Standardized capitalization
SEED-01891,47792,CLM047792,Claim_Type,Mixed Capitalization,Low,hail,Hail,Standardized capitalization
SEED-01892,58278,CLM058278,Claim_Type,Mixed Capitalization,Low,theft,Theft,Standardized capitalization
SEED-01893,7410,CLM007410,Claim_Type,Mixed Capitalization,Low,glass,Glass,Standardized capitalization
SEED-01894,9506,CLM009506,Claim_Type,Mixed Capitalization,Low,theft,Theft,Standardized capitalization
SEED-01895,40257,CLM040257,Claim_Type,Mixed Capitalization,Low,weather,Weather,Standardized capitalization
SEED-01896,17517,CLM017517,Claim_Type,Mixed Capitalization,Low,collision,Collision,Standardized capitalization
SEED-01897,60520,CLM060520,Claim_Type,Mixed Capitalization,Low,glass,Glass,Standardized capitalization
SEED-01898,23472,CLM023472,Claim_Type,Mixed Capitalization,Low,collision,Collision,Standardized capitalization
SEED-01899,42110,CLM042110,Claim_Type,Mixed Capitalization,Low,hail,Hail,Standardized capitalization
SEED-01900,8261,CLM008261,Claim_Type,Mixed Capitalization,Low,theft,Theft,Standardized capitalization
SEED-01901,14503,CLM014503,Claim_Type,Invalid Claim Type,High,Impact Event,Liability,Restored from the valid Claim_Type_Key mapping
SEED-01902,23487,CLM023487,Claim_Type,Invalid Claim Type,High,Impact Event,Glass,Restored from the valid Claim_Type_Key mapping
SEED-01903,10772,CLM010772,Claim_Type,Invalid Claim Type,High,Impact Event,Theft,Restored from the valid Claim_Type_Key mapping
SEED-01904,46135,CLM046135,Claim_Type,Invalid Claim Type,High,Impact Event,Collision,Restored from the valid Claim_Type_Key mapping
SEED-01905,51813,CLM051813,Claim_Type,Invalid Claim Type,High,Impact Event,Accidental Damage,Restored from the valid Claim_Type_Key mapping
SEED-01906,73804,CLM073804,Claim_Type,Invalid Claim Type,High,Impact Event,Collision,Restored from the valid Claim_Type_Key mapping
SEED-01907,50521,CLM050521,Claim_Type,Invalid Claim Type,High,Impact Event,Collision,Restored from the valid Claim_Type_Key mapping
SEED-01908,62592,CLM062592,Claim_Type,Invalid Claim Type,High,Impact Event,Theft,Restored from the valid Claim_Type_Key mapping
SEED-01909,2013,CLM002013,Claim_Type,Invalid Claim Type,High,Impact Event,Theft,Restored from the valid Claim_Type_Key mapping
SEED-01910,22487,CLM022487,Claim_Type,Invalid Claim Type,High,Impact Event,Flood,Restored from the valid Claim_Type_Key mapping
SEED-01911,19626,CLM019626,Claim_Type,Invalid Claim Type,High,Impact Event,Hail,Restored from the valid Claim_Type_Key mapping
SEED-01912,1521,CLM001521,Claim_Type,Invalid Claim Type,High,Impact Event,Glass,Restored from the valid Claim_Type_Key mapping
SEED-01913,71849,CLM071849,Claim_Type,Invalid Claim Type,High,Impact Event,Hail,Restored from the valid Claim_Type_Key mapping
SEED-01914,18608,CLM018608,Claim_Type,Invalid Claim Type,High,Impact Event,Collision,Restored from the valid Claim_Type_Key mapping
SEED-01915,58900,CLM058900,Claim_Type,Invalid Claim Type,High,Impact Event,Theft,Restored from the valid Claim_Type_Key mapping
SEED-01916,30205,CLM030205,Claim_Type,Invalid Claim Type,High,Impact Event,Collision,Restored from the valid Claim_Type_Key mapping
SEED-01917,40916,CLM040916,Claim_Type,Invalid Claim Type,High,Impact Event,Flood,Restored from the valid Claim_Type_Key mapping
SEED-01918,46082,CLM046082,Claim_Type,Invalid Claim Type,High,Impact Event,Theft,Restored from the valid Claim_Type_Key mapping
SEED-01919,62104,CLM062104,Claim_Type,Invalid Claim Type,High,Impact Event,Glass,Restored from the valid Claim_Type_Key mapping
SEED-01920,31579,CLM031579,Claim_Type,Invalid Claim Type,High,Impact Event,Theft,Restored from the valid Claim_Type_Key mapping
SEED-01921,9814,CLM009814,Claim_Type,Invalid Claim Type,High,Impact Event,Collision,Restored from the valid Claim_Type_Key mapping
SEED-01922,54106,CLM054106,Claim_Type,Invalid Claim Type,High,Impact Event,Liability,Restored from the valid Claim_Type_Key mapping
SEED-01923,57388,CLM057388,Claim_Type,Invalid Claim Type,High,Impact Event,Fire,Restored from the valid Claim_Type_Key mapping
SEED-01924,41172,CLM041172,Claim_Type,Invalid Claim Type,High,Impact Event,Hail,Restored from the valid Claim_Type_Key mapping
SEED-01925,74103,CLM074103,Claim_Type,Invalid Claim Type,High,Impact Event,Flood,Restored from the valid Claim_Type_Key mapping
SEED-01926,25763,CLM025763,Claim_Type,Invalid Claim Type,High,Impact Event,Collision,Restored from the valid Claim_Type_Key mapping
SEED-01927,4234,CLM004234,Claim_Type,Invalid Claim Type,High,Impact Event,Collision,Restored from the valid Claim_Type_Key mapping
SEED-01928,42974,CLM042974,Claim_Type,Invalid Claim Type,High,Impact Event,Weather,Restored from the valid Claim_Type_Key mapping
SEED-01929,6364,CLM006364,Claim_Type,Invalid Claim Type,High,Impact Event,Theft,Restored from the valid Claim_Type_Key mapping
SEED-01930,60778,CLM060778,Claim_Type,Invalid Claim Type,High,Impact Event,Weather,Restored from the valid Claim_Type_Key mapping
SEED-01931,4527,CLM004527,Claim_Type,Invalid Claim Type,High,Impact Event,Liability,Restored from the valid Claim_Type_Key mapping
SEED-01932,6252,CLM006252,Claim_Type,Invalid Claim Type,High,Impact Event,Theft,Restored from the valid Claim_Type_Key mapping
SEED-01933,9325,CLM009325,Claim_Type,Invalid Claim Type,High,Impact Event,Collision,Restored from the valid Claim_Type_Key mapping
SEED-01934,33291,CLM033291,Claim_Type,Invalid Claim Type,High,Impact Event,Hail,Restored from the valid Claim_Type_Key mapping
SEED-01935,15627,CLM015627,Claim_Type,Invalid Claim Type,High,Impact Event,Flood,Restored from the valid Claim_Type_Key mapping
SEED-01936,35035,CLM035035,Claim_Type,Invalid Claim Type,High,Impact Event,Collision,Restored from the valid Claim_Type_Key mapping
SEED-01937,28040,CLM028040,Claim_Type,Invalid Claim Type,High,Impact Event,Liability,Restored from the valid Claim_Type_Key mapping
SEED-01938,40751,CLM040751,Claim_Type,Invalid Claim Type,High,Impact Event,Collision,Restored from the valid Claim_Type_Key mapping
SEED-01939,9892,CLM009892,Claim_Type,Invalid Claim Type,High,Impact Event,Accidental Damage,Restored from the valid Claim_Type_Key mapping
SEED-01940,29676,CLM029676,Claim_Type,Invalid Claim Type,High,Impact Event,Theft,Restored from the valid Claim_Type_Key mapping
SEED-01941,35644,CLM035644,Claim_Type,Invalid Claim Type,High,Impact Event,Collision,Restored from the valid Claim_Type_Key mapping
SEED-01942,9432,CLM009432,Claim_Type,Invalid Claim Type,High,Impact Event,Collision,Restored from the valid Claim_Type_Key mapping
SEED-01943,46241,CLM046241,Claim_Type,Invalid Claim Type,High,Impact Event,Glass,Restored from the valid Claim_Type_Key mapping
SEED-01944,49402,CLM049402,Claim_Type,Invalid Claim Type,High,Impact Event,Collision,Restored from the valid Claim_Type_Key mapping
SEED-01945,16829,CLM016829,Claim_Type,Invalid Claim Type,High,Impact Event,Glass,Restored from the valid Claim_Type_Key mapping
SEED-01946,74279,CLM074279,Claim_Type,Invalid Claim Type,High,Impact Event,Collision,Restored from the valid Claim_Type_Key mapping
SEED-01947,22262,CLM022262,Claim_Type,Invalid Claim Type,High,Impact Event,Collision,Restored from the valid Claim_Type_Key mapping
SEED-01948,28638,CLM028638,Claim_Type,Invalid Claim Type,High,Impact Event,Liability,Restored from the valid Claim_Type_Key mapping
SEED-01949,12789,CLM012789,Claim_Type,Invalid Claim Type,High,Impact Event,Weather,Restored from the valid Claim_Type_Key mapping
SEED-01950,34241,CLM034241,Claim_Type,Invalid Claim Type,High,Impact Event,Glass,Restored from the valid Claim_Type_Key mapping
SEED-01951,23848,CLM023848,Claim_Type,Invalid Claim Type,High,Impact Event,Theft,Restored from the valid Claim_Type_Key mapping
SEED-01952,52289,CLM052289,Claim_Type,Invalid Claim Type,High,Impact Event,Hail,Restored from the valid Claim_Type_Key mapping
SEED-01953,69586,CLM069586,Claim_Type,Invalid Claim Type,High,Impact Event,Glass,Restored from the valid Claim_Type_Key mapping
SEED-01954,58896,CLM058896,Claim_Type,Invalid Claim Type,High,Impact Event,Theft,Restored from the valid Claim_Type_Key mapping
SEED-01955,51623,CLM051623,Claim_Type,Invalid Claim Type,High,Impact Event,Fire,Restored from the valid Claim_Type_Key mapping
SEED-01956,38813,CLM038813,Claim_Type,Invalid Claim Type,High,Impact Event,Collision,Restored from the valid Claim_Type_Key mapping
SEED-01957,35417,CLM035417,Claim_Type,Invalid Claim Type,High,Impact Event,Liability,Restored from the valid Claim_Type_Key mapping
SEED-01958,20075,CLM020075,Claim_Type,Invalid Claim Type,High,Impact Event,Weather,Restored from the valid Claim_Type_Key mapping
SEED-01959,33471,CLM033471,Claim_Type,Invalid Claim Type,High,Impact Event,Liability,Restored from the valid Claim_Type_Key mapping
SEED-01960,35611,CLM035611,Claim_Type,Invalid Claim Type,High,Impact Event,Collision,Restored from the valid Claim_Type_Key mapping
SEED-01961,38847,CLM038847,Claim_Type,Invalid Claim Type,High,Impact Event,Hail,Restored from the valid Claim_Type_Key mapping
SEED-01962,31710,CLM031710,Claim_Type,Invalid Claim Type,High,Impact Event,Weather,Restored from the valid Claim_Type_Key mapping
SEED-01963,60990,CLM060990,Claim_Type,Invalid Claim Type,High,Impact Event,Theft,Restored from the valid Claim_Type_Key mapping
SEED-01964,23719,CLM023719,Claim_Type,Invalid Claim Type,High,Impact Event,Hail,Restored from the valid Claim_Type_Key mapping
SEED-01965,3838,CLM003838,Claim_Type,Invalid Claim Type,High,Impact Event,Glass,Restored from the valid Claim_Type_Key mapping
SEED-01966,50763,CLM050763,Claim_Type,Invalid Claim Type,High,Impact Event,Flood,Restored from the valid Claim_Type_Key mapping
SEED-01967,68997,CLM068997,Claim_Type,Invalid Claim Type,High,Impact Event,Accidental Damage,Restored from the valid Claim_Type_Key mapping
SEED-01968,34130,CLM034130,Claim_Type,Invalid Claim Type,High,Impact Event,Liability,Restored from the valid Claim_Type_Key mapping
SEED-01969,39300,CLM039300,Claim_Type,Invalid Claim Type,High,Impact Event,Glass,Restored from the valid Claim_Type_Key mapping
SEED-01970,73387,CLM073387,Claim_Type,Invalid Claim Type,High,Impact Event,Glass,Restored from the valid Claim_Type_Key mapping
SEED-01971,17801,CLM017801,Claim_Type,Invalid Claim Type,High,Impact Event,Hail,Restored from the valid Claim_Type_Key mapping
SEED-01972,3729,CLM003729,Claim_Type,Invalid Claim Type,High,Impact Event,Collision,Restored from the valid Claim_Type_Key mapping
SEED-01973,70423,CLM070423,Claim_Type,Invalid Claim Type,High,Impact Event,Theft,Restored from the valid Claim_Type_Key mapping
SEED-01974,52056,CLM052056,Claim_Type,Invalid Claim Type,High,Impact Event,Liability,Restored from the valid Claim_Type_Key mapping
SEED-01975,18012,CLM018012,Claim_Type,Invalid Claim Type,High,Impact Event,Flood,Restored from the valid Claim_Type_Key mapping
SEED-01976,42182,CLM042182,Claim_Type,Invalid Claim Type,High,Impact Event,Fire,Restored from the valid Claim_Type_Key mapping
SEED-01977,14965,CLM014965,Claim_Type,Invalid Claim Type,High,Impact Event,Hail,Restored from the valid Claim_Type_Key mapping
SEED-01978,31759,CLM031759,Claim_Type,Invalid Claim Type,High,Impact Event,Hail,Restored from the valid Claim_Type_Key mapping
SEED-01979,7496,CLM007496,Claim_Type,Invalid Claim Type,High,Impact Event,Theft,Restored from the valid Claim_Type_Key mapping
SEED-01980,32614,CLM032614,Claim_Type,Invalid Claim Type,High,Impact Event,Glass,Restored from the valid Claim_Type_Key mapping
SEED-01981,36560,CLM036560,Claim_Type,Invalid Claim Type,High,Impact Event,Hail,Restored from the valid Claim_Type_Key mapping
SEED-01982,18079,CLM018079,Claim_Type,Invalid Claim Type,High,Impact Event,Hail,Restored from the valid Claim_Type_Key mapping
SEED-01983,45521,CLM045521,Claim_Type,Invalid Claim Type,High,Impact Event,Theft,Restored from the valid Claim_Type_Key mapping
SEED-01984,53921,CLM053921,Claim_Type,Invalid Claim Type,High,Impact Event,Glass,Restored from the valid Claim_Type_Key mapping
SEED-01985,56869,CLM056869,Claim_Type,Invalid Claim Type,High,Impact Event,Collision,Restored from the valid Claim_Type_Key mapping
SEED-01986,71156,CLM071156,Claim_Type,Invalid Claim Type,High,Impact Event,Theft,Restored from the valid Claim_Type_Key mapping
SEED-01987,39183,CLM039183,Claim_Type,Invalid Claim Type,High,Impact Event,Collision,Restored from the valid Claim_Type_Key mapping
SEED-01988,64622,CLM064622,Claim_Type,Invalid Claim Type,High,Impact Event,Hail,Restored from the valid Claim_Type_Key mapping
SEED-01989,42930,CLM042930,Claim_Type,Invalid Claim Type,High,Impact Event,Collision,Restored from the valid Claim_Type_Key mapping
SEED-01990,24445,CLM024445,Claim_Type,Invalid Claim Type,High,Impact Event,Glass,Restored from the valid Claim_Type_Key mapping
SEED-01991,51545,CLM051545,Claim_Type,Invalid Claim Type,High,Impact Event,Collision,Restored from the valid Claim_Type_Key mapping
SEED-01992,57656,CLM057656,Claim_Type,Invalid Claim Type,High,Impact Event,Hail,Restored from the valid Claim_Type_Key mapping
SEED-01993,48324,CLM048324,Claim_Type,Invalid Claim Type,High,Impact Event,Collision,Restored from the valid Claim_Type_Key mapping
SEED-01994,15436,CLM015436,Claim_Type,Invalid Claim Type,High,Impact Event,Collision,Restored from the valid Claim_Type_Key mapping
SEED-01995,65274,CLM065274,Claim_Type,Invalid Claim Type,High,Impact Event,Collision,Restored from the valid Claim_Type_Key mapping
SEED-01996,21137,CLM021137,Claim_Type,Invalid Claim Type,High,Impact Event,Collision,Restored from the valid Claim_Type_Key mapping
SEED-01997,19762,CLM019762,Claim_Type,Invalid Claim Type,High,Impact Event,Collision,Restored from the valid Claim_Type_Key mapping
SEED-01998,25570,CLM025570,Claim_Type,Invalid Claim Type,High,Impact Event,Weather,Restored from the valid Claim_Type_Key mapping
SEED-01999,20014,CLM020014,Claim_Type,Invalid Claim Type,High,Impact Event,Fire,Restored from the valid Claim_Type_Key mapping
SEED-02000,9232,CLM009232,Claim_Type,Invalid Claim Type,High,Impact Event,Glass,Restored from the valid Claim_Type_Key mapping
SEED-02001,75001,CLM031891,Claim_ID,Duplicate Row,High,CLM031891,<row removed>,Removed the later duplicate raw row
SEED-02002,75002,CLM050296,Claim_ID,Duplicate Row,High,CLM050296,<row removed>,Removed the later duplicate raw row
SEED-02003,75003,CLM043487,Claim_ID,Duplicate Row,High,CLM043487,<row removed>,Removed the later duplicate raw row
SEED-02004,75004,CLM071931,Claim_ID,Duplicate Row,High,CLM071931,<row removed>,Removed the later duplicate raw row
SEED-02005,75005,CLM043668,Claim_ID,Duplicate Row,High,CLM043668,<row removed>,Removed the later duplicate raw row
SEED-02006,75006,CLM027379,Claim_ID,Duplicate Row,High,CLM027379,<row removed>,Removed the later duplicate raw row
SEED-02007,75007,CLM058116,Claim_ID,Duplicate Row,High,CLM058116,<row removed>,Removed the later duplicate raw row
SEED-02008,75008,CLM048340,Claim_ID,Duplicate Row,High,CLM048340,<row removed>,Removed the later duplicate raw row
SEED-02009,75009,CLM027367,Claim_ID,Duplicate Row,High,CLM027367,<row removed>,Removed the later duplicate raw row
SEED-02010,75010,CLM036676,Claim_ID,Duplicate Row,High,CLM036676,<row removed>,Removed the later duplicate raw row
SEED-02011,75011,CLM069074,Claim_ID,Duplicate Row,High,CLM069074,<row removed>,Removed the later duplicate raw row
SEED-02012,75012,CLM009226,Claim_ID,Duplicate Row,High,CLM009226,<row removed>,Removed the later duplicate raw row
SEED-02013,75013,CLM013553,Claim_ID,Duplicate Row,High,CLM013553,<row removed>,Removed the later duplicate raw row
SEED-02014,75014,CLM065970,Claim_ID,Duplicate Row,High,CLM065970,<row removed>,Removed the later duplicate raw row
SEED-02015,75015,CLM035425,Claim_ID,Duplicate Row,High,CLM035425,<row removed>,Removed the later duplicate raw row
SEED-02016,75016,CLM044006,Claim_ID,Duplicate Row,High,CLM044006,<row removed>,Removed the later duplicate raw row
SEED-02017,75017,CLM051318,Claim_ID,Duplicate Row,High,CLM051318,<row removed>,Removed the later duplicate raw row
SEED-02018,75018,CLM012353,Claim_ID,Duplicate Row,High,CLM012353,<row removed>,Removed the later duplicate raw row
SEED-02019,75019,CLM066191,Claim_ID,Duplicate Row,High,CLM066191,<row removed>,Removed the later duplicate raw row
SEED-02020,75020,CLM021733,Claim_ID,Duplicate Row,High,CLM021733,<row removed>,Removed the later duplicate raw row
SEED-02021,75021,CLM037506,Claim_ID,Duplicate Row,High,CLM037506,<row removed>,Removed the later duplicate raw row
SEED-02022,75022,CLM014989,Claim_ID,Duplicate Row,High,CLM014989,<row removed>,Removed the later duplicate raw row
SEED-02023,75023,CLM048571,Claim_ID,Duplicate Row,High,CLM048571,<row removed>,Removed the later duplicate raw row
SEED-02024,75024,CLM052845,Claim_ID,Duplicate Row,High,CLM052845,<row removed>,Removed the later duplicate raw row
SEED-02025,75025,CLM019775,Claim_ID,Duplicate Row,High,CLM019775,<row removed>,Removed the later duplicate raw row
SEED-02026,75026,CLM012894,Claim_ID,Duplicate Row,High,CLM012894,<row removed>,Removed the later duplicate raw row
SEED-02027,75027,CLM062347,Claim_ID,Duplicate Row,High,CLM062347,<row removed>,Removed the later duplicate raw row
SEED-02028,75028,CLM020568,Claim_ID,Duplicate Row,High,CLM020568,<row removed>,Removed the later duplicate raw row
SEED-02029,75029,CLM000335,Claim_ID,Duplicate Row,High,CLM000335,<row removed>,Removed the later duplicate raw row
SEED-02030,75030,CLM051052,Claim_ID,Duplicate Row,High,CLM051052,<row removed>,Removed the later duplicate raw row
SEED-02031,75031,CLM064170,Claim_ID,Duplicate Row,High,CLM064170,<row removed>,Removed the later duplicate raw row
SEED-02032,75032,CLM029176,Claim_ID,Duplicate Row,High,CLM029176,<row removed>,Removed the later duplicate raw row
SEED-02033,75033,CLM059032,Claim_ID,Duplicate Row,High,CLM059032,<row removed>,Removed the later duplicate raw row
SEED-02034,75034,CLM061113,Claim_ID,Duplicate Row,High,CLM061113,<row removed>,Removed the later duplicate raw row
SEED-02035,75035,CLM060087,Claim_ID,Duplicate Row,High,CLM060087,<row removed>,Removed the later duplicate raw row
SEED-02036,75036,CLM040178,Claim_ID,Duplicate Row,High,CLM040178,<row removed>,Removed the later duplicate raw row
SEED-02037,75037,CLM061417,Claim_ID,Duplicate Row,High,CLM061417,<row removed>,Removed the later duplicate raw row
SEED-02038,75038,CLM050950,Claim_ID,Duplicate Row,High,CLM050950,<row removed>,Removed the later duplicate raw row
SEED-02039,75039,CLM060863,Claim_ID,Duplicate Row,High,CLM060863,<row removed>,Removed the later duplicate raw row
SEED-02040,75040,CLM050095,Claim_ID,Duplicate Row,High,CLM050095,<row removed>,Removed the later duplicate raw row
SEED-02041,75041,CLM050107,Claim_ID,Duplicate Row,High,CLM050107,<row removed>,Removed the later duplicate raw row
SEED-02042,75042,CLM058269,Claim_ID,Duplicate Row,High,CLM058269,<row removed>,Removed the later duplicate raw row
SEED-02043,75043,CLM035219,Claim_ID,Duplicate Row,High,CLM035219,<row removed>,Removed the later duplicate raw row
SEED-02044,75044,CLM028672,Claim_ID,Duplicate Row,High,CLM028672,<row removed>,Removed the later duplicate raw row
SEED-02045,75045,CLM053133,Claim_ID,Duplicate Row,High,CLM053133,<row removed>,Removed the later duplicate raw row
SEED-02046,75046,CLM017183,Claim_ID,Duplicate Row,High,CLM017183,<row removed>,Removed the later duplicate raw row
SEED-02047,75047,CLM064459,Claim_ID,Duplicate Row,High,CLM064459,<row removed>,Removed the later duplicate raw row
SEED-02048,75048,CLM021435,Claim_ID,Duplicate Row,High,CLM021435,<row removed>,Removed the later duplicate raw row
SEED-02049,75049,CLM035090,Claim_ID,Duplicate Row,High,CLM035090,<row removed>,Removed the later duplicate raw row
SEED-02050,75050,CLM017693,Claim_ID,Duplicate Row,High,CLM017693,<row removed>,Removed the later duplicate raw row
SEED-02051,75051,CLM039163,Claim_ID,Duplicate Row,High,CLM039163,<row removed>,Removed the later duplicate raw row
SEED-02052,75052,CLM048292,Claim_ID,Duplicate Row,High,CLM048292,<row removed>,Removed the later duplicate raw row
SEED-02053,75053,CLM034036,Claim_ID,Duplicate Row,High,CLM034036,<row removed>,Removed the later duplicate raw row
SEED-02054,75054,CLM031444,Claim_ID,Duplicate Row,High,CLM031444,<row removed>,Removed the later duplicate raw row
SEED-02055,75055,CLM058549,Claim_ID,Duplicate Row,High,CLM058549,<row removed>,Removed the later duplicate raw row
SEED-02056,75056,CLM006762,Claim_ID,Duplicate Row,High,CLM006762,<row removed>,Removed the later duplicate raw row
SEED-02057,75057,CLM024236,Claim_ID,Duplicate Row,High,CLM024236,<row removed>,Removed the later duplicate raw row
SEED-02058,75058,CLM029634,Claim_ID,Duplicate Row,High,CLM029634,<row removed>,Removed the later duplicate raw row
SEED-02059,75059,CLM030324,Claim_ID,Duplicate Row,High,CLM030324,<row removed>,Removed the later duplicate raw row
SEED-02060,75060,CLM052643,Claim_ID,Duplicate Row,High,CLM052643,<row removed>,Removed the later duplicate raw row
SEED-02061,75061,CLM035220,Claim_ID,Duplicate Row,High,CLM035220,<row removed>,Removed the later duplicate raw row
SEED-02062,75062,CLM069240,Claim_ID,Duplicate Row,High,CLM069240,<row removed>,Removed the later duplicate raw row
SEED-02063,75063,CLM048628,Claim_ID,Duplicate Row,High,CLM048628,<row removed>,Removed the later duplicate raw row
SEED-02064,75064,CLM045323,Claim_ID,Duplicate Row,High,CLM045323,<row removed>,Removed the later duplicate raw row
SEED-02065,75065,CLM012225,Claim_ID,Duplicate Row,High,CLM012225,<row removed>,Removed the later duplicate raw row
SEED-02066,75066,CLM042354,Claim_ID,Duplicate Row,High,CLM042354,<row removed>,Removed the later duplicate raw row
SEED-02067,75067,CLM008632,Claim_ID,Duplicate Row,High,CLM008632,<row removed>,Removed the later duplicate raw row
SEED-02068,75068,CLM038804,Claim_ID,Duplicate Row,High,CLM038804,<row removed>,Removed the later duplicate raw row
SEED-02069,75069,CLM058113,Claim_ID,Duplicate Row,High,CLM058113,<row removed>,Removed the later duplicate raw row
SEED-02070,75070,CLM011325,Claim_ID,Duplicate Row,High,CLM011325,<row removed>,Removed the later duplicate raw row
SEED-02071,75071,CLM027649,Claim_ID,Duplicate Row,High,CLM027649,<row removed>,Removed the later duplicate raw row
SEED-02072,75072,CLM058592,Claim_ID,Duplicate Row,High,CLM058592,<row removed>,Removed the later duplicate raw row
SEED-02073,75073,CLM005495,Claim_ID,Duplicate Row,High,CLM005495,<row removed>,Removed the later duplicate raw row
SEED-02074,75074,CLM069008,Claim_ID,Duplicate Row,High,CLM069008,<row removed>,Removed the later duplicate raw row
SEED-02075,75075,CLM015239,Claim_ID,Duplicate Row,High,CLM015239,<row removed>,Removed the later duplicate raw row
SEED-02076,75076,CLM015679,Claim_ID,Duplicate Row,High,CLM015679,<row removed>,Removed the later duplicate raw row
SEED-02077,75077,CLM067248,Claim_ID,Duplicate Row,High,CLM067248,<row removed>,Removed the later duplicate raw row
SEED-02078,75078,CLM069233,Claim_ID,Duplicate Row,High,CLM069233,<row removed>,Removed the later duplicate raw row
SEED-02079,75079,CLM046053,Claim_ID,Duplicate Row,High,CLM046053,<row removed>,Removed the later duplicate raw row
SEED-02080,75080,CLM028538,Claim_ID,Duplicate Row,High,CLM028538,<row removed>,Removed the later duplicate raw row
SEED-02081,75081,CLM062036,Claim_ID,Duplicate Row,High,CLM062036,<row removed>,Removed the later duplicate raw row
SEED-02082,75082,CLM012999,Claim_ID,Duplicate Row,High,CLM012999,<row removed>,Removed the later duplicate raw row
SEED-02083,75083,CLM032201,Claim_ID,Duplicate Row,High,CLM032201,<row removed>,Removed the later duplicate raw row
SEED-02084,75084,CLM040359,Claim_ID,Duplicate Row,High,CLM040359,<row removed>,Removed the later duplicate raw row
SEED-02085,75085,CLM013463,Claim_ID,Duplicate Row,High,CLM013463,<row removed>,Removed the later duplicate raw row
SEED-02086,75086,CLM055622,Claim_ID,Duplicate Row,High,CLM055622,<row removed>,Removed the later duplicate raw row
SEED-02087,75087,CLM044985,Claim_ID,Duplicate Row,High,CLM044985,<row removed>,Removed the later duplicate raw row
SEED-02088,75088,CLM018497,Claim_ID,Duplicate Row,High,CLM018497,<row removed>,Removed the later duplicate raw row
SEED-02089,75089,CLM016846,Claim_ID,Duplicate Row,High,CLM016846,<row removed>,Removed the later duplicate raw row
SEED-02090,75090,CLM073788,Claim_ID,Duplicate Row,High,CLM073788,<row removed>,Removed the later duplicate raw row
SEED-02091,75091,CLM057401,Claim_ID,Duplicate Row,High,CLM057401,<row removed>,Removed the later duplicate raw row
SEED-02092,75092,CLM057363,Claim_ID,Duplicate Row,High,CLM057363,<row removed>,Removed the later duplicate raw row
SEED-02093,75093,CLM035797,Claim_ID,Duplicate Row,High,CLM035797,<row removed>,Removed the later duplicate raw row
SEED-02094,75094,CLM000242,Claim_ID,Duplicate Row,High,CLM000242,<row removed>,Removed the later duplicate raw row
SEED-02095,75095,CLM018011,Claim_ID,Duplicate Row,High,CLM018011,<row removed>,Removed the later duplicate raw row
SEED-02096,75096,CLM003171,Claim_ID,Duplicate Row,High,CLM003171,<row removed>,Removed the later duplicate raw row
SEED-02097,75097,CLM057347,Claim_ID,Duplicate Row,High,CLM057347,<row removed>,Removed the later duplicate raw row
SEED-02098,75098,CLM040397,Claim_ID,Duplicate Row,High,CLM040397,<row removed>,Removed the later duplicate raw row
SEED-02099,75099,CLM003315,Claim_ID,Duplicate Row,High,CLM003315,<row removed>,Removed the later duplicate raw row
SEED-02100,75100,CLM065938,Claim_ID,Duplicate Row,High,CLM065938,<row removed>,Removed the later duplicate raw row
SEED-02101,75101,CLM034194,Claim_ID,Duplicate Row,High,CLM034194,<row removed>,Removed the later duplicate raw row
SEED-02102,75102,CLM015128,Claim_ID,Duplicate Row,High,CLM015128,<row removed>,Removed the later duplicate raw row
SEED-02103,75103,CLM029092,Claim_ID,Duplicate Row,High,CLM029092,<row removed>,Removed the later duplicate raw row
SEED-02104,75104,CLM025111,Claim_ID,Duplicate Row,High,CLM025111,<row removed>,Removed the later duplicate raw row
SEED-02105,75105,CLM068616,Claim_ID,Duplicate Row,High,CLM068616,<row removed>,Removed the later duplicate raw row
SEED-02106,75106,CLM000165,Claim_ID,Duplicate Row,High,CLM000165,<row removed>,Removed the later duplicate raw row
SEED-02107,75107,CLM007231,Claim_ID,Duplicate Row,High,CLM007231,<row removed>,Removed the later duplicate raw row
SEED-02108,75108,CLM026727,Claim_ID,Duplicate Row,High,CLM026727,<row removed>,Removed the later duplicate raw row
SEED-02109,75109,CLM014242,Claim_ID,Duplicate Row,High,CLM014242,<row removed>,Removed the later duplicate raw row
SEED-02110,75110,CLM011721,Claim_ID,Duplicate Row,High,CLM011721,<row removed>,Removed the later duplicate raw row
SEED-02111,75111,CLM063911,Claim_ID,Duplicate Row,High,CLM063911,<row removed>,Removed the later duplicate raw row
SEED-02112,75112,CLM013218,Claim_ID,Duplicate Row,High,CLM013218,<row removed>,Removed the later duplicate raw row
SEED-02113,75113,CLM035501,Claim_ID,Duplicate Row,High,CLM035501,<row removed>,Removed the later duplicate raw row
SEED-02114,75114,CLM023012,Claim_ID,Duplicate Row,High,CLM023012,<row removed>,Removed the later duplicate raw row
SEED-02115,75115,CLM005952,Claim_ID,Duplicate Row,High,CLM005952,<row removed>,Removed the later duplicate raw row
SEED-02116,75116,CLM071861,Claim_ID,Duplicate Row,High,CLM071861,<row removed>,Removed the later duplicate raw row
SEED-02117,75117,CLM021498,Claim_ID,Duplicate Row,High,CLM021498,<row removed>,Removed the later duplicate raw row
SEED-02118,75118,CLM061873,Claim_ID,Duplicate Row,High,CLM061873,<row removed>,Removed the later duplicate raw row
SEED-02119,75119,CLM014660,Claim_ID,Duplicate Row,High,CLM014660,<row removed>,Removed the later duplicate raw row
SEED-02120,75120,CLM051188,Claim_ID,Duplicate Row,High,CLM051188,<row removed>,Removed the later duplicate raw row
SEED-02121,75121,CLM023653,Claim_ID,Duplicate Row,High,CLM023653,<row removed>,Removed the later duplicate raw row
SEED-02122,75122,CLM043426,Claim_ID,Duplicate Row,High,CLM043426,<row removed>,Removed the later duplicate raw row
SEED-02123,75123,CLM055025,Claim_ID,Duplicate Row,High,CLM055025,<row removed>,Removed the later duplicate raw row
SEED-02124,75124,CLM043566,Claim_ID,Duplicate Row,High,CLM043566,<row removed>,Removed the later duplicate raw row
SEED-02125,75125,CLM025162,Claim_ID,Duplicate Row,High,CLM025162,<row removed>,Removed the later duplicate raw row
SEED-02126,75126,CLM007648,Claim_ID,Duplicate Row,High,CLM007648,<row removed>,Removed the later duplicate raw row
SEED-02127,75127,CLM019072,Claim_ID,Duplicate Row,High,CLM019072,<row removed>,Removed the later duplicate raw row
SEED-02128,75128,CLM001876,Claim_ID,Duplicate Row,High,CLM001876,<row removed>,Removed the later duplicate raw row
SEED-02129,75129,CLM028830,Claim_ID,Duplicate Row,High,CLM028830,<row removed>,Removed the later duplicate raw row
SEED-02130,75130,CLM054871,Claim_ID,Duplicate Row,High,CLM054871,<row removed>,Removed the later duplicate raw row
SEED-02131,75131,CLM035382,Claim_ID,Duplicate Row,High,CLM035382,<row removed>,Removed the later duplicate raw row
SEED-02132,75132,CLM002383,Claim_ID,Duplicate Row,High,CLM002383,<row removed>,Removed the later duplicate raw row
SEED-02133,75133,CLM035413,Claim_ID,Duplicate Row,High,CLM035413,<row removed>,Removed the later duplicate raw row
SEED-02134,75134,CLM039149,Claim_ID,Duplicate Row,High,CLM039149,<row removed>,Removed the later duplicate raw row
SEED-02135,75135,CLM009396,Claim_ID,Duplicate Row,High,CLM009396,<row removed>,Removed the later duplicate raw row
SEED-02136,75136,CLM058435,Claim_ID,Duplicate Row,High,CLM058435,<row removed>,Removed the later duplicate raw row
SEED-02137,75137,CLM016290,Claim_ID,Duplicate Row,High,CLM016290,<row removed>,Removed the later duplicate raw row
SEED-02138,75138,CLM058161,Claim_ID,Duplicate Row,High,CLM058161,<row removed>,Removed the later duplicate raw row
SEED-02139,75139,CLM026730,Claim_ID,Duplicate Row,High,CLM026730,<row removed>,Removed the later duplicate raw row
SEED-02140,75140,CLM023401,Claim_ID,Duplicate Row,High,CLM023401,<row removed>,Removed the later duplicate raw row
SEED-02141,75141,CLM066495,Claim_ID,Duplicate Row,High,CLM066495,<row removed>,Removed the later duplicate raw row
SEED-02142,75142,CLM055759,Claim_ID,Duplicate Row,High,CLM055759,<row removed>,Removed the later duplicate raw row
SEED-02143,75143,CLM047730,Claim_ID,Duplicate Row,High,CLM047730,<row removed>,Removed the later duplicate raw row
SEED-02144,75144,CLM062231,Claim_ID,Duplicate Row,High,CLM062231,<row removed>,Removed the later duplicate raw row
SEED-02145,75145,CLM031589,Claim_ID,Duplicate Row,High,CLM031589,<row removed>,Removed the later duplicate raw row
SEED-02146,75146,CLM056408,Claim_ID,Duplicate Row,High,CLM056408,<row removed>,Removed the later duplicate raw row
SEED-02147,75147,CLM028267,Claim_ID,Duplicate Row,High,CLM028267,<row removed>,Removed the later duplicate raw row
SEED-02148,75148,CLM047385,Claim_ID,Duplicate Row,High,CLM047385,<row removed>,Removed the later duplicate raw row
SEED-02149,75149,CLM035020,Claim_ID,Duplicate Row,High,CLM035020,<row removed>,Removed the later duplicate raw row
SEED-02150,75150,CLM053069,Claim_ID,Duplicate Row,High,CLM053069,<row removed>,Removed the later duplicate raw row
